patient_id,HALLMARK_E2F_TARGETS,HALLMARK_EPITHELIAL_MESENCHYMAL_TRANSITION,HALLMARK_INFLAMMATORY_RESPONSE,HALLMARK_MYC_TARGETS_V1
TCGA-FI-A3PX,1.3863460646691128,-1.6193054756866345,-1.5154337758700391,0.07747416204207307
TCGA-BG-A221,0.20549867472054717,1.305014697048929,1.6891888877478358,0.531519611115608
TCGA-EY-A1GK,-0.20714593904377232,-0.46091465365034223,-0.29422115253821113,0.6841873298807024
TCGA-BG-A2AE,-0.18399744730864034,-0.6905047193466632,0.8159071062547932,0.49282990615292827
TCGA-AX-A1CE,0.21377881751557407,-1.4668813154684326,-1.948027079071352,0.0450456031952889
TCGA-DI-A2QY,-0.09812038434212761,-0.20869848735443844,-1.3025825378982585,-0.7216043655911327
TCGA-D1-A1O8,0.6657023251417934,0.46396391071961,-0.27300335824497135,0.5102925698019231
TCGA-EY-A3QX,1.222696253641145,-0.779325691006153,0.20106291258735212,0.829665719525071
TCGA-DI-A0WH,-0.26228781327151307,-0.5113969093300562,-0.2956742454435452,0.909963080867695
TCGA-BK-A4ZD,0.219327432181699,-0.4721962551483734,-1.3994698507310064,0.15084920334859842
TCGA-AX-A1CC,-0.1406587146688965,2.2710014499237623,1.081929736443537,-0.8615219375038015
TCGA-EY-A215,0.7231970442288193,-1.7740983332561846,-1.195514899495761,1.108842510606398
TCGA-AX-A2H2,0.5058711074400062,-1.0579353047833453,-0.23789658935145644,0.9060256842239233
TCGA-BG-A0M8,-1.3289391085729871,1.9290381696517835,2.000493320921174,-1.1486853653735176
TCGA-2E-A9G8,0.8303728140829721,-2.140493941633689,-0.5055704920734245,1.6875392725076237
TCGA-AX-A1CR,0.48100539984933716,-0.295410782972204,0.10979242920513987,0.06031653598249047
TCGA-KJ-A3U4,0.7637642505691824,-1.2913776712714922,0.5329116909600744,-0.37781084958162725
TCGA-EO-A3KU,0.9245023299361339,0.4445870453345728,0.7244885417244515,0.5494232258482701
TCGA-D1-A102,-0.3524970765885983,1.0558262759163584,0.20646050031521937,0.24124600918426045
TCGA-A5-A0GI,0.14273594617754212,0.07628787604352939,-1.0287196051923504,0.16991722450262714
TCGA-B5-A0K6,-0.9058546792849249,-0.4158433407444459,0.19227768876983184,-0.7813540633344179
TCGA-BG-A0W2,-1.052867732332059,0.4034501520570407,-0.2780696554790177,-0.10725704865485829
TCGA-B5-A1MW,1.1498923828460272,-0.6229834887755535,0.1145590507582957,1.273525509168598
TCGA-BG-A186,-1.1354592169627813,0.46318384108423716,-0.3343169465962786,-0.5535706495890883
TCGA-B5-A0JY,0.5598752963421282,1.1366464036073085,-0.3649433669612055,1.0193335221957651
TCGA-A5-A0G3,-0.05683558373155029,-0.11176270269389807,-2.1454549786907267,-0.26104552513685936
TCGA-FI-A2EX,1.1719331370212083,-0.24112302876208574,0.20384628505821983,1.143219092263815
TCGA-B5-A0JS,-1.1844084168345046,0.588521343969746,1.117160789390319,-0.5465266207173944
TCGA-BS-A0V6,-0.16130964681267676,-0.9977529628410073,1.0936666754003812,0.3453223426680611
TCGA-D1-A3JQ,0.5576419343795724,-0.1697016358368303,-0.32717327093199233,0.2923065737242776
TCGA-DI-A1BY,-0.7075221137282328,1.073216078044497,0.08155008753104515,-1.0685121483516773
TCGA-B5-A11Z,-1.4743606934991478,0.034238974021646794,-1.0085333083075905,-0.48305336400938237
TCGA-D1-A16O,-1.406334602703208,-0.11766270374337391,-1.2113057147096042,-0.13506276273574006
TCGA-AX-A06B,0.420555245103633,1.2716985063232746,0.09463345002715301,0.6593201006527228
TCGA-BG-A0YU,-1.1750566158278455,-0.7180383725781728,-1.3997099198702025,0.2171041987016873
TCGA-FI-A2F4,0.5103020356097068,-1.075522530842238,0.41799908611241604,0.35182922667367034
TCGA-A5-A0G2,1.0131596514431664,-0.5221393327917081,-0.04076113601556658,1.0481209323612046
TCGA-A5-A0GX,-1.7678583045376368,1.3244929351282602,-0.003972710851954483,-1.9824584627007256
TCGA-E6-A2P9,0.25687086690131383,-1.403293742527172,-1.285112866196564,-0.13101160882190596
TCGA-AJ-A3OL,0.7593604840803636,-0.16101317790339037,-0.7934377438359496,0.49005116176067653
TCGA-D1-A3DA,-0.6824869286645802,0.12381794028036686,1.5542924563125442,-0.49514690982409093
TCGA-QF-A5YT,0.6715825065656239,0.4449652031939673,-0.5027764577268545,0.8562357086675687
TCGA-AP-A052,0.6702016386824754,1.4446029236684284,1.2042303013527451,0.6598846934999986
TCGA-AJ-A3BG,0.35320105504958615,-2.159530306424721,-0.623349931158873,0.13664297882927434
TCGA-A5-A0G9,-0.5735411251478717,0.06431019866883245,-0.021974345297220168,-0.03077009236313207
TCGA-EO-A1Y8,0.4793860498240633,0.49224948283731407,0.11313493670023186,0.5695263667250466
TCGA-A5-A1OH,1.0905255965029879,1.6036047542213039,-2.1148116497991567,0.7644758807547891
TCGA-A5-AB3J,-1.7522677402692264,1.226260923564734,0.17770305890951557,-0.9383818166804428
TCGA-5B-A90C,1.4387964099477888,0.30395923683916365,-0.16836308565953156,0.7672780873069127
TCGA-BS-A0UL,-0.45811225495559704,1.279605373646764,1.235805890209743,-0.3539518914298825
TCGA-A5-A0GE,-0.20245957576969786,0.7433354512296608,-0.5468082036579521,1.1256768953187755
TCGA-A5-A0GW,0.5828208436254128,2.027166767746587,1.2387189847451203,1.3566338237336286
TCGA-BS-A0U5,-0.5784765984977752,0.000986382635316424,-0.377289864771424,0.2048791147284812
TCGA-BK-A26L,0.36996258211442884,1.8174716483878384,0.02507818040591519,-0.8069041376178455
TCGA-BK-A0CA,0.3208287856284742,-1.0130647469240501,0.016244605556635587,-0.4423263888374597
TCGA-BG-A0M2,-0.41055335951326416,-0.15363103799715375,0.4232861153409573,0.167525803548701
TCGA-D1-A1NS,-0.6164075847426383,-0.680428572131054,0.7563058580057158,-0.4054212834803296
TCGA-D1-A16J,0.7732189785740359,-0.20471975325097025,0.8748249381405634,-2.2129754900129814
TCGA-AW-A1PO,1.2787857860560288,-1.0726532450390664,-1.4865558027580361,-0.2592242594754903
TCGA-B5-A1MS,0.4282323455314262,0.013395587807705245,-0.7945976960000407,-0.22984974663103874
TCGA-EY-A1GU,-1.1115074364737605,-0.11583181879018538,1.4778355036698754,-1.0225212065186873
TCGA-AJ-A3NH,0.7153335754842608,0.3182138744159011,-0.8903416463730426,-0.3414901128819559
TCGA-B5-A0JN,0.8110904721302562,-0.7439822559843492,-1.2669611184362182,0.9729824824818397
TCGA-D1-A0ZN,-0.7067720909538631,0.7512942965383153,-0.2316099212708118,-0.7593489207642837
TCGA-AP-A0LS,1.016383727436435,0.10550665022805661,0.30763104566585586,0.7347230944964865
TCGA-A5-A0GV,-0.1220492832287658,-0.7234073252759191,-1.0444441402364637,-0.5862023970664165
TCGA-D1-A1NU,1.331737736292148,-0.8742866059304643,0.17607308988311987,0.7094040304688071
TCGA-PG-A7D5,0.7864610225576436,0.08379721639561302,-0.8531578831949794,0.5204268104846599
TCGA-AP-A0LE,0.764559752903791,-0.33451836747085917,-0.7314544219123129,0.5181241213676807
TCGA-B5-A11L,-0.6017845696419628,0.830727994708912,2.424336315864596,-0.2985058539579009
TCGA-AP-A1E3,-0.09986461780054602,1.6945994583800572,0.27819245442176743,0.8031237079056299
TCGA-BS-A0TE,1.1180142389905625,-0.3226748823034498,0.7959509526297904,1.7457980302827532
TCGA-FI-A2F9,0.17589326060520322,1.2554891614762622,-1.6982986209842004,-0.04078243502749294
TCGA-D1-A1NY,0.5848117617533208,1.4020497622907544,0.6138455421372878,0.07225029761188932
TCGA-D1-A16S,-0.08937393888626156,-0.18673370751255242,-1.494918838289754,-0.5109816950079825
TCGA-A5-A0R9,-0.7573223206764911,0.7501516396658313,-0.2811063490417378,0.38926371810650545
TCGA-BG-A2L7,-0.6214735068442917,0.5077671593270244,0.20604544309134581,-0.9186127454181116
TCGA-A5-A0GB,1.3900677829339494,-1.000545832180885,-0.6406995365896332,1.6144288977045365
TCGA-BG-A222,0.41402267506016965,-0.32598499617238613,0.4604098831866393,0.021925121561973668
TCGA-DF-A2KZ,-1.1167833301518524,1.2188105922448025,1.6264168758062383,-0.1566489920051347
TCGA-BK-A0CC,0.7394628550958962,1.0695303041771071,1.1352095511541054,-0.6710742963973465
TCGA-A5-A0GH,1.51042395401473,-0.4128651158083388,-0.976278697094973,1.0926585749153903
TCGA-JU-AAVI,0.22359422390538247,0.3666412400872393,1.062509138448415,0.9588332722817885
TCGA-AX-A1CA,-0.048220607016494686,-0.45075570187996383,-0.6940022963549447,-0.23493256548515767
TCGA-D1-A179,0.7378179451948312,-0.578646517459883,-0.8681487087096201,0.1619324283542893
TCGA-AX-A064,0.21042858586526655,0.33241981196279236,-0.07291704050499818,0.1011859808204031
TCGA-EO-A1Y5,1.272978441129197,-0.20269650701319405,0.4450790223903643,1.3004696593475582
TCGA-BG-A0LW,-1.7642842359607458,0.07017737972177052,-0.5176917427402554,-1.1318883327721696
TCGA-AJ-A3QS,0.8769559955971126,-0.8186301844420322,0.3398582072030258,0.42341533358487504
TCGA-AJ-A8CT,-2.0479681175484687,-0.629341701285369,0.06697172086500536,-2.3411565363222544
TCGA-EO-A22S,1.6245623073275817,-0.08632096404742531,-0.6299587243275148,1.6635962602614986
TCGA-AJ-A3IA,0.6143675690051777,1.3348791030768066,0.22829641225265815,-0.40391372301660655
TCGA-D1-A17D,-0.5391674828114215,-0.47426390454128187,0.1405922539223298,-0.7766194080420273
TCGA-D1-A16Q,-0.5682471198456024,0.7518652656716514,-0.20285248034915113,-0.7423352181498576
TCGA-D1-A16V,0.3978729677435149,-0.3154204735753085,0.004324406465667529,0.3770181089818108
TCGA-AX-A3FT,0.44583459509604795,0.6787590006619374,1.3788421581210466,0.6956715213857205
TCGA-D1-A169,-0.4784334642457744,0.7128016844893178,0.9100327439150819,-1.613989769562364
TCGA-AP-A0L8,1.2574849739935774,0.460970655389642,-1.7128295287881647,0.7242624111039957
TCGA-AX-A3FS,1.4977813099570327,0.8773087044432134,-0.8976511001378892,1.729782518304884
TCGA-EY-A72D,0.6156663177794885,-0.21517843151832688,-0.13867636271909425,0.764888375247161
TCGA-EY-A1GE,-2.2768464960315664,-0.2569690846211036,0.6344450095332572,-1.9010133997469074
TCGA-BG-A0LX,0.273468829809142,1.2104932571578588,-0.3685426643333882,0.5596897319785957
TCGA-BG-A3PP,0.8153071907433377,0.7237976513423445,-1.080126504809943,1.3064413736132054
TCGA-AP-A5FX,0.30997870488486434,-1.1350539183875301,-0.9277029900817204,-0.9132953564891131
TCGA-AP-A1DQ,0.18864377084330708,0.23081130078103276,-0.5799623456556887,0.397253052104997
TCGA-B5-A11Q,-0.020427752364572897,-2.440471009220761,-2.142165757402072,-1.3868151743170856
TCGA-AX-A2H4,0.13580148979648907,0.3572284221853361,2.8290430262797877,0.3959735559051516
TCGA-BG-A0MI,0.17787471468662527,-0.3162947001636229,0.3961772719376242,0.48565943611882223
TCGA-AX-A3GB,-2.1198441651679,-0.35091361856547276,0.014913146821086753,-1.3705982943742019
TCGA-A5-A0RA,0.052052678289133875,-0.8881153994657858,0.35375547191381196,0.3102543005799477
TCGA-AP-A05A,0.4129575805990763,0.4741156524443061,-1.0280045954578647,0.7093498092180466
TCGA-A5-A2K4,0.5300922184577316,1.3855254219811228,1.5174781088988547,-0.8848606064640804
TCGA-D1-A17Q,-0.003254348797218881,0.08491671090036941,-1.1616063998618869,-0.928129801712253
TCGA-BG-A0VT,-0.8953333070434021,1.0391841846508625,0.12500900398230635,0.08357187159356054
TCGA-A5-A0GQ,-0.7235444845205548,-0.7078344291690081,1.7265076199171998,0.011089777777881955
TCGA-AX-A060,0.08971609517958182,-0.8272184336726219,-0.41387510691383755,0.8275566782360364
TCGA-D1-A1NW,0.1699689926811036,-0.6468362361328659,-1.0122730794265258,0.7228003669909895
TCGA-E6-A2P8,0.8237549407499393,0.7463709821409337,0.6663360154280263,0.8945043915735661
TCGA-D1-A0ZU,-0.37194646932022657,0.6920370825437677,-0.5375105822654832,0.17277744510266171
TCGA-AP-A054,2.0025175868808014,-0.261574307380534,-2.7436634465962735,1.4287825391075288
TCGA-BG-A0YV,0.3000450082883623,0.2104424821607169,-0.5757034788955621,-0.431071657658371
TCGA-QF-A5YS,-0.18651192079171236,-0.7080507184075163,0.5743159099149723,0.39454942126533543
TCGA-AX-A0IW,0.7078014404325492,-0.04239788164321862,-0.7256286873988519,0.23478092634984168
TCGA-AJ-A2QK,0.09265024014893332,0.8617110351255598,0.8954886521113545,0.5332801368478285
TCGA-AJ-A2QN,-0.17925843902421054,0.2576271329795932,-0.757775090257995,-0.27648557296190546
TCGA-AX-A05U,-0.18885522507101943,0.39014637634403576,0.04148016548342442,0.3733330400473222
TCGA-EY-A1GV,-1.098913894368602,1.1028420784648851,1.0828797366103622,-1.5517224663785947
TCGA-D1-A1O5,-0.927293678250692,-0.28165279279299665,0.1277358894855515,-0.22370118192719302
TCGA-B5-A3FC,0.4574484600395328,-0.11314202908418348,-0.1687495342908531,1.0264942921988354
TCGA-BG-A0VZ,0.2218258070172168,-0.001180322720579699,0.3072507887280317,0.5337906154578677
TCGA-AX-A06L,-0.6524221985858019,0.7921859551984631,0.13705783884904388,-0.9044901236977709
TCGA-B5-A3FD,0.7711490877233492,-0.2839667502561797,-0.9670171006118439,0.5042811726109993
TCGA-BS-A0U8,0.13595218431864925,0.4616197002049975,0.25164736757812856,0.7918864472192259
TCGA-B5-A11X,1.09840165838145,1.1850481486725881,-0.8154689573683417,1.5277412660645122
TCGA-EY-A2OP,0.9790658585429931,-0.42699342729418566,0.20371246742234425,0.6671651243729513
TCGA-BG-A0MA,-0.18076251534896287,0.7837102349791316,0.6825461482226486,0.7885064727759902
TCGA-BG-A18A,-0.7351350570704209,0.32705525018267334,0.07928848276352984,-1.367491837430523
TCGA-E6-A1M0,1.4969066787097782,-0.21925420472881552,-0.836126628891818,2.667173204356697
TCGA-AX-A3G8,0.4248640433815997,-1.6255518308159769,-0.14668170180379034,0.4133944995333143
TCGA-BS-A0V4,-1.3996862792003568,-0.43793370835885925,-0.48336306901095283,-1.7647631289887267
TCGA-AX-A3FV,1.9618084070730089,-2.398431394162071,-1.9574036074214616,1.811592274761551
TCGA-DF-A2KN,0.5834679732527405,0.4018253691970033,1.7359781098731901,-0.3118853400954019
TCGA-A5-A2K7,1.3646769072394938,0.4928817016776693,1.1713991334061116,1.070269947104534
TCGA-BS-A0TA,0.3874091980189176,-0.23335478832510137,1.4585328429735978,1.0261673909613163
TCGA-D1-A16F,-0.9140976676559099,0.854100772145946,1.2040483042973986,-0.2418121329077917
TCGA-B5-A3FH,-0.4897815672760598,-0.6773649015882472,0.8100924726219908,-0.9668567027259737
TCGA-BG-A0M4,-1.0399900539014295,0.26286935707470227,0.3381251657190938,-0.9758989236879155
TCGA-BK-A6W4,-0.4799267256526606,0.38120586183405364,0.11034121415950467,0.6800358539255942
TCGA-E6-A1LZ,0.7107092569179643,-1.3740849926578436,-0.034471413646915056,0.8204114959948794
TCGA-D1-A17N,-1.5711611271230195,1.0062143426476922,0.10784157946635942,-2.042190266856394
TCGA-AP-A056,0.8068427102114865,2.0119002390453606,1.3266885241273523,1.0024768646344042
TCGA-DI-A1BU,0.6701807933051572,-0.286909777519052,-0.797508332597289,0.736803228100059
TCGA-AJ-A2QO,0.43909494349161504,-0.9626102448953433,0.11857197399530213,0.24281241914028837
TCGA-B5-A3S1,0.48500782737457,0.7347072741265744,1.0909011862237492,0.7776192621529462
TCGA-B5-A1MR,0.3580537756766976,0.7585159827299871,1.2609315409468158,0.8004016957988963
TCGA-AJ-A3BH,0.02036132759584076,1.0748641396720628,0.6951117553565301,-0.72087049602959
TCGA-B5-A1MV,0.30676593498601523,-0.04237609055804853,0.4378593335986424,0.5459943553009228
TCGA-AX-A3GI,1.222726127790739,-2.492963021612497,-1.6256260186433062,0.3519377184000248
TCGA-BG-A0W1,-1.2634037399840599,-1.356298477485726,-1.205979705841816,-0.8333074109987852
TCGA-BK-A6W3,0.30479492508212747,0.20955142622660947,1.4333179895001011,-0.3932277720146043
TCGA-EY-A5W2,0.7926925060054106,-0.2692827245664409,-0.07991837360478449,1.0797373369229764
TCGA-B5-A0K7,-1.1142722978417672,0.043246199285560456,0.27772136081792587,-0.19147862367485433
TCGA-A5-A1OF,0.48736170574885,-1.2634673790072894,1.0878932529003953,0.6529221207491743
TCGA-AX-A1CF,0.6087260608219781,-0.4692787364794977,-0.4840291324236,-1.171985868157749
TCGA-B5-A11E,0.8120524426583674,0.264667658749349,-0.690505668477712,0.7007153691862865
TCGA-AX-A3FW,0.744780046247278,-2.28648688407592,-1.0633361480762389,1.1553175668646707
TCGA-B5-A0JV,0.5412390678769796,-0.831813490984655,-0.3310456306948894,0.6619561464824393
TCGA-DF-A2KR,-0.8237514726609235,-1.6744311352968064,0.45513902287463964,-0.46577302492609596
TCGA-AJ-A3EL,1.4193668489990958,0.63156258727036,0.5056452601732924,0.9725722230468998
TCGA-D1-A167,0.7171472827459596,-1.0996038830268327,-0.6673548904881337,0.9285161642817716
TCGA-AJ-A6NU,0.08913466366555958,0.20845380110966025,1.425776249468581,-0.5096237069511276
TCGA-EY-A547,0.8626711850846457,-1.7272546446676669,-2.040166095820773,0.5940380888595699
TCGA-AP-A0LT,1.352551329822469,-1.1710587424366679,-0.6211166931170359,1.5928319721417645
TCGA-EO-A3AS,-0.33164390180309566,1.4131376981672517,0.5111807433490868,-1.6012051158712475
TCGA-BS-A0T9,-1.6561611997194285,2.0883468693496487,0.4785641520522996,-1.5434930887028842
TCGA-AX-A1C4,1.4181893982511238,-0.6622810550596594,-0.8177358125190677,1.1114910299105496
TCGA-A5-A0G5,0.13423653883205663,0.42870893971328006,1.3380110640799425,-0.4461676209328164
TCGA-BK-A0CB,-1.2879089344968644,2.121391139272526,0.4730210082892101,-0.6884938812292102
TCGA-AX-A2HC,1.823443468029804,-0.565286139687165,-2.6757189413709086,1.914839898798719
TCGA-AP-A05O,0.3973916209701466,-1.0665681068244965,-0.10420254458442718,0.8801870544198631
TCGA-A5-A1OG,1.0705594023343887,-1.164774538590757,-0.21673416937422602,0.6367108466092092
TCGA-B5-A1MY,-0.01333010747483211,2.488910506692696,0.3175202737350723,-0.9730578918609348
TCGA-D1-A16I,0.36105919207304854,-0.19224880883239368,-1.054995481559302,-0.4421763935910914
TCGA-BG-A18B,-0.07386541954558654,-1.0673294145176258,-0.5811696006410115,0.09956845609697028
TCGA-AJ-A23N,1.003002026429909,2.3267731491669617,0.8777743529120914,-0.4274395394424677
TCGA-QS-A5YR,0.02209737349508649,-0.3193908582157017,0.506095051687137,0.4091700815842617
TCGA-BG-A18C,0.8570571258098262,-0.07516507420061211,0.48097019033990007,0.08244170601044994
TCGA-BS-A0U9,1.2880665547178358,-0.8387516120067018,-0.22625333574517106,0.0951200733711125
TCGA-D1-A17R,-0.18081215543202617,1.2093935576715578,0.4891012956511207,-1.128249886234102
TCGA-B5-A1MZ,-1.3306018303563802,1.0943606393189362,2.439142017767677,0.029081196029184932
TCGA-FI-A2D6,1.659857706886969,-0.5331930700945636,-1.3850638476511314,1.3262989232137086
TCGA-AX-A2HK,1.0335917380983406,0.55040798339171,-0.5689622953450497,0.7201240092825962
TCGA-AX-A2HG,0.9609645147603683,0.21833199191944194,0.2519391089421141,1.2816703095549276
TCGA-5S-A9Q8,-0.7946134024012409,-0.3333941204536671,-0.4704633799254088,-0.5406854400366152
TCGA-DF-A2KU,0.9620645526304618,-1.4549462398556547,-0.776514366359377,1.2975140993710035
TCGA-EO-A3AU,0.6659819859268515,1.4005465767109155,1.8851879029051404,-0.20742835908367202
TCGA-AX-A2H7,0.12970706376014357,-1.0560280496756178,-1.7972405966722553,0.6164021170124158
TCGA-D1-A101,-0.04867534700946756,1.1931484771300491,0.7438682907543105,-0.17224797827780625
TCGA-BS-A0UM,0.2636589386236554,-0.9293058704823005,0.4252598091597194,-0.18986857643711424
TCGA-BS-A0UV,1.4209293179578444,-0.39722087201264317,-0.49384275587548504,0.9624348382718315
TCGA-PG-A917,-0.4783412232462523,-0.8715159427953967,-0.03515480818199117,0.7179123154884722
TCGA-D1-A15Z,-0.175601802064058,0.2304182627846933,-0.23817984512921547,-0.35943269120829396
TCGA-AX-A2H5,0.09960643489120487,-1.5815301129105246,-0.7952807401272362,-0.8450726501449489
TCGA-AJ-A3NC,-0.7938806490795566,-0.15380353630789192,0.531163577213964,-0.23233815275144346
TCGA-AP-A0LG,0.9369472521441166,-0.4076419240109725,-0.022261476496821007,0.9013595296376046
TCGA-B5-A5OE,0.740301054685215,-1.0040435754611516,0.22221380809749175,0.659838761139655
TCGA-D1-A175,0.6262593555078402,-0.217482660725472,-1.7268297347887749,0.44641035801495516
TCGA-PG-A915,0.8724488721617975,-0.9871484443433202,-1.4751850664222943,0.8952470011963638
TCGA-EC-A1QX,0.5582507119000664,1.1985397507186581,1.7073378234308816,0.022358292833781237
TCGA-EY-A1GW,-1.2524603352493944,-1.4403561009963783,-1.4758761404859084,-0.3248954235999658
TCGA-B5-A1MU,0.5195263222315399,2.476639597503061,2.3132716039020864,0.537529025899625
TCGA-DI-A2QT,0.48989559363001156,-0.9070722086873286,-0.612721254869048,1.1202133629291071
TCGA-AX-A1CI,-0.5344452098802966,-1.174028408711184,-0.6680848838483783,-0.6109284708923386
TCGA-B5-A11M,-1.4743474731076183,1.0846237290010112,-1.030263272764108,-1.111761669766811
TCGA-BS-A0TJ,0.8091921088927255,1.145101918850758,0.38183344403610076,0.574767786061363
TCGA-EO-A3KX,0.718669500010603,-0.11070615098448126,-0.5480711557296047,0.09381942848204182
TCGA-PG-A914,0.12599609159463007,-1.0142318008691196,0.21165428301760783,0.21245324780366082
TCGA-BS-A0UJ,-1.7396719339130446,-1.02896585317141,-0.26222363994705367,-1.1572566224910237
TCGA-D1-A17L,-1.941680450259283,-1.2220062593234753,-0.21020902323917937,-1.5294658998196673
TCGA-B5-A11G,-0.32532398320560635,-0.9727760743809841,-1.0163370641057234,-0.7861944641753887
TCGA-AX-A05T,0.2077849057616891,0.008344105327554646,0.03352920070521587,0.08313130018411619
TCGA-EY-A1GI,0.9379853450993024,0.3711969107618244,0.025147630082521844,0.7297721741696293
TCGA-D1-A160,0.14171186788507753,-0.30917119022937617,0.8097729032975199,1.0433459612462253
TCGA-A5-A0R7,-0.06850971465677923,1.6073449352243347,0.35144734402649547,-0.0911645852699075
TCGA-D1-A16X,-0.4082862223412139,0.0861578490801292,1.0262352328962008,-1.2220791627438392
TCGA-A5-A0GJ,-0.6954972967519889,0.003289189367768929,-0.41580792837015657,-0.8410043061481725
TCGA-B5-A11Y,-0.8431105908138364,-0.33423659635231007,1.6659516991163614,-1.084138663737604
TCGA-AX-A3G7,0.12945365355752958,-0.7283103280089092,0.42434703429482346,-0.21593680197464532
TCGA-D1-A17T,-0.4340444373479359,-0.5278459292332841,0.3058701871671136,-0.12164552716582808
TCGA-EO-A3B1,0.8308135963972374,1.0050202036951936,0.6015596801889594,-0.33183232861452705
TCGA-EY-A2OQ,0.6932025307448717,0.604737684030864,-0.09443465157738744,0.5217287947531511
TCGA-BG-A0MU,-0.7293272162118085,-0.41149141403132106,0.03216784856450336,-0.3349872320232614
TCGA-B5-A11O,-0.11868466223807451,0.944609950880129,1.0401354799345093,-0.033877825265590744
TCGA-EO-A22U,1.1267103368053661,-1.0561783389992283,-1.155700246091723,1.1590179645421925
TCGA-B5-A11U,0.33193330492063855,2.4603184545497383,0.826990708506412,0.8417581713928484
TCGA-QS-A5YQ,-0.6828544562473695,-1.172690469041007,-0.31884496247996547,-0.2900092720971082
TCGA-EO-A2CH,0.4273475242656067,-1.663393337773186,-0.8233105214585186,1.6739338079082888
TCGA-D1-A17H,-0.9843711210864298,1.137227101990977,0.5553829134521384,-0.7305935859117236
TCGA-K6-A3WQ,-0.022140775661991074,0.41279149103694984,-0.27341979258159504,0.4743614900562398
TCGA-AP-A0LM,-0.5691433646336107,1.8307105638872085,1.452525656086997,-0.2876683055940771
TCGA-AX-A2IO,0.523683751284727,0.8828716872513559,0.10547457483676398,0.810860041683005
TCGA-B5-A11J,0.05575974388378091,-0.2933596623600721,0.3138970388578785,0.7618477664222423
TCGA-AX-A0IZ,0.05823750408498475,1.3161246650052985,1.2116791304095154,-0.10182523828071288
TCGA-EO-A3AZ,-0.14290967321885434,0.5916745142419099,1.124114665957622,-0.41830405958887923
TCGA-A5-A0VQ,-1.0375307668609255,0.14952731517717702,1.164649547947619,-0.46442439974954336
TCGA-BS-A0V8,0.17932294797784176,0.04267955673989309,0.31591058794376203,-0.47145512619408597
TCGA-AJ-A8CW,0.5950097864222107,-0.3880499168872126,-0.29096154947358976,0.8813596400611695
TCGA-DI-A1C3,-1.3588611238443302,1.421463088325572,0.28509896624875747,-1.4490703126995537
TCGA-D1-A0ZZ,0.1231864486724991,-1.0145158631413473,-1.4491418702050871,-0.0989654846842366
TCGA-BG-A0M9,-0.8763389973700012,-0.242192837181326,-0.3611498700374765,-0.24440461374878547
TCGA-FI-A2D2,-0.29935616029453926,0.46648545501782446,0.40823370366360534,-0.5699235263148189
TCGA-QS-A8F1,-0.28241394049212143,-0.07612060776246012,-1.0817263714421106,-1.0450207374367515
TCGA-AJ-A3BI,0.5496633706740355,-1.2056095110455831,-0.34914115512954524,0.04585822844980648
TCGA-FI-A2D4,1.058460450164994,0.41890474178238724,-0.6637004668690338,2.091474687676669
TCGA-D1-A17K,0.772458057540895,-1.445013426082132,-0.3691283520765733,1.1321192078386568
TCGA-EO-A3B0,1.5747477020203107,0.3960973794186086,-1.4018976380369133,1.082320570475875
TCGA-BG-A0VV,-0.2625326980818238,-0.5316540720006703,-0.01054147807299609,0.0625906303782728
TCGA-AP-A0LV,0.1293812266127589,1.4196139193787594,-0.12373945658403844,0.5619288467796844
TCGA-A5-A0GA,1.0297998754919604,0.32278570904520326,0.8264498935254605,1.375295732337864
TCGA-FI-A2F8,0.5903498339327644,0.6611330641267572,0.8524756580784394,0.2881015935073676
TCGA-BG-A0MO,-1.295552996962204,-0.9409500291231525,0.20348828579096198,-0.35391260237756744
TCGA-EY-A54A,1.0280789153106094,0.6832157538602639,1.1483162429260476,0.06807437007260443
TCGA-BG-A0VX,-0.2740945424540562,1.0503760247499025,1.1421492181754518,0.4743417822408512
TCGA-A5-A2K2,0.896816368561693,-1.4789975640244186,-0.20930677666818792,0.29333764741862284
TCGA-BS-A0TC,-0.9787409591637213,-0.927029841846012,0.6073022380813795,-0.45748527600960537
TCGA-D1-A3DH,0.8593818840378507,0.07865773447743793,-0.6613999798440037,0.09297850047505012
TCGA-AX-A05W,-0.017740231970174894,-1.0033182117151704,0.9508412671765295,-0.32981909573125134
TCGA-AJ-A2QL,-0.02244715928689103,-0.9237237446501082,-0.047065911781273305,0.020568362231701148
TCGA-BG-A0M0,-0.1414104804445464,-1.3326320247769823,-1.8877942630659361,0.31143395102829596
TCGA-A5-A3LP,0.08834255344722443,0.12160407439298655,1.152128966112932,-0.41115437758496887
TCGA-BG-A0MG,0.7794757011396977,-0.8789909125168326,1.0784355698448111,0.99681677465936
TCGA-A5-A0GN,-1.2497002487165791,0.7576277951624227,1.2910415530407253,-0.9377479315413948
TCGA-B5-A3FA,0.044491262566985414,-0.1083387129545647,0.471026277201059,-0.23591017074356183
TCGA-AP-A0LO,0.013868233999619926,-0.5025386807252161,0.07025721586733387,2.054244780343297
TCGA-B5-A5OC,-0.26978261241455714,1.5067827582411757,1.7124522129769255,-0.436879338842752
TCGA-AP-A0LJ,-1.1012401234550644,-0.028124852833865774,0.2650783152208492,-0.5066767567026695
TCGA-B5-A0JR,0.8102079843990283,-0.1910509723963427,-0.7489005848612674,0.40467903217121
TCGA-AX-A06J,-1.11145215455749,-1.815078118864114,0.17140677367792193,-0.7960332783889552
TCGA-EY-A1GX,-0.16364673125828427,-3.3384234267865702,-2.6079885753646805,0.20053776913954777
TCGA-AX-A1C8,0.4117224350422695,0.24840572777269687,-1.1699123237478546,0.5950883258316435
TCGA-B5-A11N,-1.454454214948434,0.3375238970142973,2.2510906185023076,-0.8770113211684638
TCGA-BS-A0V7,-2.4926165998609258,0.4898867419119044,-0.3411832710733206,-3.0210727570373943
TCGA-AP-A0LL,-1.579207158930083,0.19812234815724603,-1.1293346591157627,-1.826014380767726
TCGA-KP-A3W0,-0.01742445682631002,0.09288290220288477,0.8641492348125809,0.16995172666116365
TCGA-EO-A3AV,0.6744479296761473,0.5781951181324811,2.9242110220089668,0.28143539203975365
TCGA-AJ-A23M,0.4986227706325309,0.12477431189406965,-0.6464566700141025,-0.20052895025048392
TCGA-BS-A0TI,0.33556428877561156,0.3146697358106376,0.4382833282582835,-0.06455030696146458
TCGA-A5-A7WK,0.632556277437549,-0.019523054735112476,0.21205459946779892,0.47547153588899205
TCGA-BS-A0WQ,-1.3806644220677537,-0.3645787687015765,-0.49019192850913984,-0.4507864739940648
TCGA-B5-A11H,0.2733986704468614,0.16017940196520614,0.6777763982585551,0.4229417371010559
TCGA-EY-A1GT,-0.7527091058217623,1.4421080602149197,1.0287764792608851,-1.0581046951159578
TCGA-AJ-A3I9,1.291198909113292,-1.5761140905575435,-1.9397287475233627,1.3459564359691194
TCGA-AP-A0LI,0.6992496063304059,-0.08131486700984736,0.6978423324835107,0.38944899063901395
TCGA-BS-A0UT,-0.7115888081073524,1.2507173455054568,-0.09605337496625119,-0.9041151920614958
TCGA-AX-A06H,0.18163036218137654,1.2494131017897518,1.6992356596380742,-0.03131096912292785
TCGA-AX-A3G6,1.4734073590803094,-1.529596181590656,0.25860002518727326,0.31715114654298776
TCGA-D1-A177,1.4199867453997366,-1.196807305187824,-1.9559942105098633,0.9725847188096131
TCGA-PG-A6IB,1.4323256064422285,-0.30146286574088205,-0.08727427986708178,1.8658456283120515
TCGA-D1-A17B,-1.075664038483696,1.0030429304397415,2.1075389880815947,-2.8828000454472402
TCGA-D1-A15V,0.8006645742168753,-0.16203671780288895,0.3891715569114579,0.6263567212126182
TCGA-BK-A139,0.39828055613045765,-0.9380132714017191,-0.47280429281454867,-5.4637444896130924
TCGA-A5-A0GM,0.19467261502436853,0.8495531670565737,-0.30100484015896356,0.6411918365351803
TCGA-BG-A0MH,-0.12403173891199513,1.5945373858944483,1.2477065747715883,0.4645348180306655
TCGA-EO-A3AY,0.7558244630951009,-0.0014096242609317419,1.3014636667928694,0.8874587848158073
TCGA-AP-A3K1,0.3761044485782246,0.7868217408214201,0.8740644246877548,0.6709070712823973
TCGA-FI-A2D5,0.776809482497709,1.0101443736007258,-0.8492798153728036,0.7867878304695627
TCGA-B5-A11W,-0.6677240394881676,0.26866733149427025,0.2514828357833187,-0.46614857692764666
TCGA-D1-A0ZO,-1.1679245704514714,0.402566249872581,0.03813781686033859,-1.3453383056328343
TCGA-BG-A2AD,0.8761652893695066,0.5852218648508428,-0.770303513999777,0.3617189027358009
TCGA-AP-A051,0.6452110064091843,-0.3937833107242044,-0.11584383961614175,1.2197471883108346
TCGA-FI-A2CX,-0.48557993543612493,-1.0601676390334462,2.4090887770123612,-0.17166402515929507
TCGA-AP-A053,1.2623350796643535,0.13425279518934558,-0.28453476292458957,1.4330770168624312
TCGA-AX-A3G3,0.6550669442484713,0.3391067067257698,1.341946352648656,-0.15388438598203336
TCGA-B5-A0KB,0.9661152882611512,0.8328869009227678,1.5495822149058596,0.5958344553457369
TCGA-D1-A3JP,-0.7924868620500654,0.5965640795761864,1.1331884821907678,-0.8073319692872745
TCGA-EY-A1GR,1.2319605057353984,-0.24785910386826365,-0.6728777796111766,1.4246954226736086
TCGA-EY-A1GL,-1.6423046496522877,1.7390664088932852,1.8262831196504716,-0.5928138654955005
TCGA-AX-A1C5,0.639130429015037,-0.3029074456994402,0.13111554493929325,0.8441520929692472
TCGA-BG-A0MS,-0.13696454107804432,0.4645007817527914,0.7458509318972707,0.36272185067041246
TCGA-EY-A1G7,0.8775527346510315,-0.25675772117710616,-0.4879132147607339,0.2667442087446273
TCGA-AX-A2HF,0.6049250439743143,-0.8573062561930336,-1.0776520728419567,0.48164919806785594
TCGA-EY-A1G8,1.3594515793307664,-0.6559992817323431,-0.9537314365401236,1.6817693956277153
TCGA-AP-A05D,0.6464554673493583,0.2547823613996817,0.3216714259696719,-0.4260628895435521
TCGA-A5-A0VO,0.05924127827559535,0.6766608393287128,0.09304957346177786,0.8679169870964846
TCGA-SL-A6J9,0.8098337270069867,-1.761747720428267,0.4564650822375872,1.085188439631539
TCGA-EO-A3KW,1.173463017315172,-0.5771919752392374,1.0391442275823506,0.003922926778836265
TCGA-FI-A2D0,0.9175864208366165,1.372067358493627,1.3450727933136237,0.38873169014695097
TCGA-B5-A0JX,0.6446722184235345,0.24187988710579367,0.916540207932741,0.4983424609493735
TCGA-D1-A16G,0.12901072406247252,-1.172523990833051,0.7177313448860904,0.7599212486671653
TCGA-D1-A1NX,0.8980620317245058,-0.30273749902901487,-0.48494411985375363,0.8797525206593825
TCGA-D1-A0ZR,-0.7204496650359926,-1.0839132270709186,-1.1440716718709716,-1.4933850964470745
TCGA-D1-A16Y,0.3297160096960468,0.6270859868699759,-1.1593814745452908,-0.5933743524886445
TCGA-SJ-A6ZI,-0.005419353507476687,0.034233986540315786,2.0648912098679175,-0.5588500164754888
TCGA-BS-A0TG,-1.0968737865254188,2.248961804665718,2.2171012691323284,-0.4220299785740343
TCGA-EY-A2OM,-0.36629822093103187,2.15617029105603,2.01931287619615,-0.28058842380279186
TCGA-BG-A187,-0.2981088393413275,-0.20001280262706742,-0.12360650679689096,-0.4328430613379384
TCGA-AP-A0LH,0.7548609815999053,-1.2321414630561667,-0.43332958438838476,1.1615501353724784
TCGA-EO-A22X,1.303152649317684,1.6419028642373288,0.02883736016086605,1.1489451052640713
TCGA-DF-A2KY,0.6650206253361777,-0.95423145332363,-0.1944079200943659,1.395954518590285
TCGA-D1-A15X,0.660300798543357,-1.1212414295401678,1.8096908776779006,1.0290974956716608
TCGA-BS-A0U7,-0.16334491380548113,0.6662567849140167,1.0939382186455842,-0.2394618776136764
TCGA-AX-A0IS,-0.15953182491727635,0.7797453785991071,0.9893225195115251,0.7502685830281417
TCGA-D1-A17F,-0.8413520179089691,-1.0988387388055008,0.689001906575892,-1.1270872907419787
TCGA-SL-A6JA,-0.3139942625285634,-2.162655252667234,-0.678201912464901,0.2673644633759017
TCGA-A5-A3LO,1.2960899731815727,0.4313113734202535,0.7069369454150328,0.20607989499823934
TCGA-AX-A2HJ,0.5690428953864098,1.1804069544522084,-1.032860832227221,0.9167363268167028
TCGA-AP-A059,0.8139647614078988,-0.3414537853284241,1.2487703201644744,1.2038596305469158
TCGA-AJ-A3BF,0.7135687946972666,-0.39843908314869464,-0.8085418386285836,0.9621877160617437
TCGA-AJ-A8CV,0.04526260900383199,-0.6901965807297188,0.1658089547167831,0.4631337893203677
TCGA-AJ-A3BK,0.6604676071351635,-0.6167126078391931,0.4579050232692667,0.5812760973018103
TCGA-AX-A3FZ,1.6024655705635826,0.5278388180121258,-3.10304141093777,0.408333365242154
TCGA-D1-A2G5,-0.39164547110418146,-1.2196669663969364,-1.454899046800166,-0.672116012861197
TCGA-AX-A1C7,0.43636327046965084,-1.2303362303718186,-1.208868146025349,0.024769889883055216
TCGA-AP-A1E1,0.02569253871734531,-0.4776695677060334,0.36398220503123946,-0.22002969438933093
TCGA-A5-A2K5,0.5424020879008149,-0.19982917729987668,-1.2386111492800227,0.6457367416884019
TCGA-EY-A1GC,-0.020654021618086712,-1.777800870003239,-0.637115383014526,1.122970267259174
TCGA-KP-A3W4,0.059123188064197425,1.4821456927576002,0.9892177736243061,-0.5351603164361082
TCGA-AX-A063,-0.6148503322805472,0.33159733107796213,0.19207538541736488,-0.9165209166307017
TCGA-AX-A3G1,0.9886095024431171,-0.5147441380740481,0.7753311329514396,0.014884338941898471
TCGA-FI-A2CY,1.4107572009089773,-0.7469092032417797,1.7387297897324483,0.8848726083598576
TCGA-EY-A210,0.33166683055533447,-1.0235174771259832,0.13609024882722215,0.4165305206107959
TCGA-AP-A1DK,0.20435400437316645,0.1942596560445102,-0.7661823244523456,-0.5468821552734542
TCGA-DF-A2KS,1.2047458601835443,-1.2115673275603402,-0.18581537816733026,1.2767854553755618
TCGA-BG-A0VW,-0.295897542379464,0.18329653472006965,0.8696723294829078,-0.3190299985153552
TCGA-EO-A22R,0.5897162244308634,0.0613423090650623,-0.5093840807102745,0.2388885843248903
TCGA-B5-A11R,0.38678260567518463,-0.5646417734601222,0.03155506220678307,1.0493540564912247
TCGA-A5-A1OK,-0.9228178977560292,0.22042768864015258,-0.4873358569182535,-0.38584373706677233
TCGA-AX-A05Y,0.27698864394915457,-0.29951411146849805,-0.4337831824384255,-0.18445482317605819
TCGA-B5-A11S,-0.0874547867762457,0.022821604534604654,0.25705238437666783,0.7610755614453942
TCGA-A5-A0R6,0.33636240198622297,0.8998277587854534,-0.2022794069909489,0.2665629522389539
TCGA-AX-A3G9,0.646668296689024,-0.35781690075953226,-0.3684695163725713,0.7565389624285827
TCGA-B5-A3F9,-0.29370897544119173,0.19993600771536837,0.308096377971986,0.24871939751819586
TCGA-EY-A1GS,0.00953657344619696,-1.338374764948562,-0.47222291464821964,0.11067558924754244
TCGA-B5-A0JU,0.611806480196836,-0.49335995130198457,0.32100146246981903,0.509530119874247
TCGA-AP-A05P,-0.8158430034581043,0.6684346618063718,0.26954588387988837,-0.265232906830486
TCGA-AP-A0L9,0.863374224250891,-1.2199675216895778,-0.3563536829711656,0.0779865561541789
TCGA-BG-A0RY,-0.8875201076863817,-0.2866335990102315,0.7870257821885516,-1.0865944585249554
TCGA-A5-A0GU,-0.6381788650618291,-0.285626046493774,0.83986719062319,0.20049395159495875
TCGA-AP-A1DP,-0.9438276315847397,-1.3376114551085487,-0.6904894796740829,-1.161134196597072
TCGA-BG-A3EW,0.4422360422346618,0.1981476477451902,0.6860824210450032,0.2005168248988411
TCGA-B5-A11F,-0.2061849882940573,0.962826659568144,-0.21772274205749778,0.39716144971048606
TCGA-B5-A121,-0.3980647014205252,-0.8933236409364408,-0.7711773831174561,-0.016361355523054046
TCGA-AP-A1DR,0.80290447289537,0.13116750071364816,1.3361940023259349,0.9020548471144882
TCGA-BS-A0UF,0.7534967547448004,0.4004646633728673,-0.10812442769278262,0.2230079855532394
TCGA-AX-A06F,0.8971008061948147,-0.23050314412049805,-0.0724063224360353,1.046116177939451
TCGA-AP-A1E4,-0.1659172671710923,0.2899882815775098,-3.1910998647239426,0.6098502008890422
TCGA-AX-A06D,-1.2572581631907613,-1.8547480618213688,-0.7173058961450293,-1.3485139350973212
TCGA-DF-A2L0,0.13628047836518456,-1.3779128789873962,-0.8718112536160182,0.391702564690773
TCGA-AX-A062,0.8422164213549089,0.8866294440552078,-0.27035788160961066,0.7101311433108752
TCGA-AX-A2H8,0.2944789160057426,-0.18928704675772984,0.4518340212554884,-0.3260248399947472
TCGA-D1-A163,0.5062429349711783,1.385324820492678,1.349715147657952,-0.13747920152545348
TCGA-EY-A1H0,0.10482596482500331,-1.2321654770796597,0.10354385615395695,0.7114770874119082
TCGA-FI-A2EY,0.2549537021202459,-1.1880361249162323,-1.306092248085145,-0.4562981595438736
TCGA-AJ-A3EK,1.2736590348000774,0.6869967339484483,0.47998824802034185,0.4604918763844939
TCGA-B5-A1N2,0.8089756183548877,0.3007208530381981,-0.5653646880147802,0.8015760533630893
TCGA-BS-A0UA,-0.8973457227165996,0.8302841208914382,0.9496241676354269,-0.186575081296364
TCGA-AJ-A3NE,0.803735875212549,0.4699848827129136,1.8974723122385686,0.5145586788059164
TCGA-EY-A1GD,0.3278331016487767,-0.5327328462190674,0.04275296163410278,-0.5401346454511475
TCGA-D1-A16E,-0.4574264153864769,-0.7479096996274697,0.45355865179454175,-0.4098414532704695
TCGA-AP-A1DO,0.42194775092014214,-2.082353289979407,-0.7201268367190576,1.1267742321351946
TCGA-AJ-A3OK,-2.1855628697022276,0.9930657873252386,-0.13220016837593213,-1.9352101481469384
TCGA-BG-A0M7,-0.39715435091134693,-0.12492130066171897,0.5866554273374209,-0.19442947335087712
TCGA-BG-A0M6,0.5227939687429355,0.5798021654898845,-1.6882769596416405,-0.2266190544575816
TCGA-AP-A0LP,-0.7469164601120576,-0.8441322536223267,-0.25472589538611395,-0.452003401524153
TCGA-AX-A1C9,0.6885034641399992,-0.405675101965841,-0.27975342801232417,0.48927733811984586
TCGA-AP-A1DV,0.021952329669419013,-1.1351116059335795,-0.470094683559903,-0.0916436482246538
TCGA-AJ-A3EM,1.8986658550798763,-0.3950757794232021,-1.985568535207633,1.5181249613270533
TCGA-EY-A3L3,0.9154965948579202,-1.3359721633876822,-2.8938845935255086,0.5346492293255645
TCGA-D1-A2G0,1.380789180478215,-2.0771041699349504,-1.1236498339002152,2.1852761245332695
TCGA-EY-A2OO,-0.9597139667208676,0.13245978400782968,-0.2949677619306785,-1.736460348669936
TCGA-EC-A1NJ,0.015601135206010202,0.3027802137126173,0.05515696170262162,-0.062475396226105484
TCGA-AP-A05N,0.1126493022244456,1.0141490729440679,-0.004716219224061003,0.7848548734508963
TCGA-A5-A0GD,0.5691207081240821,-1.7918750558960765,-0.25291292902792684,0.6604492146497528
TCGA-B5-A0K8,-0.20967445992027703,-0.5833819642638102,-0.5433731947424307,0.07120083130572484
TCGA-A5-A0R8,-0.5225295032525324,-0.01064322802699398,0.8754234284843767,-0.26465107543334543
TCGA-EY-A1GH,0.9338381087343086,-1.0256431028120199,0.5015643486214111,1.1526876041395442
TCGA-4E-A92E,-0.5431527894796516,0.872491945084143,1.0812292078605568,-0.9784253946201428
TCGA-AX-A3G4,0.6683724040935867,1.3115559495872608,-1.0628473387012567,0.2585173931464224
TCGA-AP-A0LF,0.3842427931823399,-1.0892066523402477,0.8152558808651228,-0.13775251503942515
TCGA-AJ-A2QM,0.815229973450945,0.5643032537927847,-0.7297038368537194,-1.410600675285417
TCGA-E6-A8L9,-0.06770957808411938,1.2125988579238556,-0.09892401627015368,0.7697840985279993
TCGA-EY-A1GF,-0.004823472435852354,-0.1715851161720921,0.0624025622170197,0.34845085191589803
TCGA-AJ-A5DV,0.25146961298675496,-1.120047979128182,1.2148234213694686,-0.16474956490921114
TCGA-AP-A1E0,1.3591520483198563,0.9922102498887788,-0.005666626010065123,1.511173920055859
TCGA-QS-A744,0.797331219883619,1.0722512669592723,-0.08127927978309371,0.4361279820782679
TCGA-D1-A161,-0.3995524010266535,-0.9518175894595305,-0.36214310637790903,-0.003984310140095768
TCGA-B5-A0K9,0.35390354253826056,0.09656929307970807,0.7860041750503859,0.3589677318488397
TCGA-EY-A2ON,0.4020018863436167,-0.7093557421507882,0.019868866276284872,-0.022176794562685308
TCGA-AX-A2HD,0.7589146098136003,-0.02149730738767635,0.2783932710703375,-0.6798599529410897
TCGA-EC-A24G,-0.3166523022168517,0.7897859534627948,0.5310483034434244,-0.7114173452976824
TCGA-D1-A1NZ,-0.21274866868160539,-0.7304084234756716,0.09604210350357852,-0.3427301838005273
TCGA-A5-A7WJ,1.1061862791335675,-1.3406037618365447,-0.6439879389652702,0.34307738759096124
TCGA-PG-A5BC,0.6982732393455141,1.2953839520844037,0.7234356331050773,-0.05113175068907872
TCGA-AJ-A3NG,1.237400306089054,0.25587291739128504,-1.1284166740619141,0.37143037601509754
TCGA-A5-A2K3,0.33716314157806815,-0.6496282599201592,2.1362157319420367,0.8283623039040713
TCGA-EY-A1GP,-0.29985718583648135,1.6896631244752274,-0.35880388789321904,-0.6344704268137995
TCGA-EY-A4KR,0.824948067882441,0.8840350708175932,1.7770295417233686,0.5715308530444315
TCGA-AP-A05H,0.15010499069388417,1.379154447462532,-1.2113524256774166,0.6046581650728169
TCGA-B5-A0K2,-0.7234008229205007,0.16975403795569247,1.3517400774937556,-0.3369978930569835
TCGA-BK-A56F,-0.39514652714733994,0.6134478992169666,-0.09895074730444396,-0.05873186064219564
TCGA-EY-A212,0.6532812972094945,-0.7232866320402932,0.08015107809757817,0.6665279180804765
TCGA-AJ-A23O,-0.02089106643142723,0.3545139828191999,0.4133743828334505,-0.04999594687281283
TCGA-EY-A214,-0.2777973661550614,0.021252061506276773,1.2511002177992874,-0.9007895752077292
TCGA-B5-A0K0,-1.1627803964640333,1.4253131598350475,0.4555260300623273,-0.8772313277011767
TCGA-KP-A3W3,0.16446099485390625,0.13411107789572796,0.02830536775826421,-0.11275920652603585
TCGA-D1-A16D,-1.5342272295676915,0.1865957618009628,1.4834234092985823,-0.8796301328987284
TCGA-B5-A0JZ,0.5090744008727598,-0.20956576542853939,-0.26650287621553986,0.5179645680818373
TCGA-AJ-A3EJ,0.26113296192397006,1.6409254797048514,0.8546921438725554,-0.21793118249844654
TCGA-AJ-A3TW,1.2659604213400564,-1.6801096070018569,0.7309517858507725,1.4090442685414968
TCGA-D1-A3DG,1.292558590017629,-0.505339054362131,-1.1933682846374025,-0.13274836029066286
TCGA-EY-A1GO,0.8857439352750951,-0.7223702620326389,-1.341981069755182,0.7085404030664978
TCGA-D1-A17S,-1.2587384510349586,-1.514314987358713,-1.7157426990632498,-2.099667093199209
TCGA-D1-A17M,0.37596000007243235,0.22162722786427588,1.1550113106318536,0.42517254164494533
TCGA-D1-A0ZS,1.2712917842052867,0.8521185489052598,0.017422058369262753,1.1011343090522387
TCGA-AX-A3FX,0.6122869019264331,0.037731775463124693,-0.08950183444684426,0.39983694648793644
TCGA-D1-A17C,-1.4128693183355912,1.9381554711189837,0.49703289214275087,-1.6386830342774847
TCGA-D1-A174,-0.3587834087780748,0.5060466740082044,-0.22990661004214363,-0.9511787743577124
TCGA-DF-A2KV,0.27943542514793257,-1.239613357623018,1.133036726244986,0.3948405758033692
TCGA-D1-A17A,-1.5688334835148368,0.48334158864545856,1.3123168726871959,-0.378410796082059
TCGA-PG-A916,-0.6462776977533942,-0.8598969289878226,0.24509138049620197,-0.21531002544932082
TCGA-D1-A0ZP,0.9892069835677236,0.6946431821417276,-0.21238362918543582,0.4240069612492111
TCGA-BG-A0M3,0.02712236866377264,-1.5105835697284298,-0.6647046014307962,0.4022758887714003
TCGA-B5-A3FB,0.44497195198160344,-1.213397775845039,0.09932342477806383,1.2947487360471972
TCGA-B5-A11V,-0.6126753752700382,0.628523793451604,-0.38248566771446013,0.48238079675175527
TCGA-AP-A1DH,0.8746024318053689,-0.4571081053315753,0.10464966380228953,0.768279508360255
TCGA-A5-A0GG,0.5323061771050636,0.316124459315738,-0.35177252033175005,0.58985346959283
TCGA-AX-A2HA,-0.3160897248241032,-0.16960275063082003,1.9631786080819413,0.6762271076734797
TCGA-AP-A1DM,0.34780049932741774,0.617438186487072,-0.009851048456703879,0.39741615677096354
TCGA-B5-A0K4,-0.6596015987575348,-0.7210742109482623,-0.7147823502098366,-0.3470708296236675
TCGA-D1-A0ZQ,-0.05380624872421041,0.7238285105517114,-0.8335673848341911,0.08053504918384673
TCGA-AX-A1CN,0.9881996179415229,0.9588259831684197,0.023229845889720414,0.44198302682099944
TCGA-B5-A11I,0.9797781766898436,-0.8117965225242321,0.9841920714433561,1.192203226778286
TCGA-KP-A3VZ,1.4636916833962965,-1.1345821484909262,-1.4199707062678164,1.289761425956541
TCGA-D1-A17U,-0.30030958969203725,0.4515573728281192,0.495346821881588,-0.04775403923880706
TCGA-BK-A13C,-0.8261977567856743,-1.410547009755355,-1.5794373337522984,-0.7939677420287846
TCGA-BS-A0TD,-0.11760412612205248,-0.3604330504161505,1.240977022572501,-0.10530097125294627
TCGA-EO-A3L0,0.8966029318113503,0.14741914463042494,-0.30776947749808525,0.7488532170579505
TCGA-AX-A05S,-0.440708665606259,0.6812162205836597,1.4654838198297166,-0.3262817361148011
TCGA-B5-A5OD,-0.06143006578151754,-0.38640457098315945,-0.4595095837076768,-0.11457751953106053
TCGA-D1-A2G7,0.28781642970632093,-0.07622168894320397,-1.2612643012211378,-0.10729419464112373
TCGA-EY-A1GQ,0.4714038662494861,0.014607682080569553,-1.2710343614721022,0.892886102315322
TCGA-D1-A0ZV,-1.4061726815612399,-0.06923260142528839,0.6885097896204978,-0.7888533862317514
TCGA-B5-A0K1,0.14584063429932273,-0.5979714825574408,0.27032181713016723,0.21563754675158234
TCGA-A5-A0VP,0.14035070427317023,-0.6050543815672654,0.6033114731079071,-0.41627879179496013
TCGA-KP-A3W1,0.6583090513126276,0.38157055172658794,1.742470924880501,0.016032281852062562
TCGA-B5-A11P,-0.2528882028069951,-0.8954316193161892,-0.0677054364007478,0.3316270262901792
TCGA-D1-A2G6,-0.9756000744985391,1.2805596397412338,0.2714516635688538,-0.06456635155935513
TCGA-DI-A2QU,0.7597652284877258,-0.9850524006060062,-1.8480401972252591,0.921300828576152
TCGA-BG-A0MK,-1.918577868037298,-0.2881741046281418,-0.39305310039679225,-2.596716839587806
TCGA-SJ-A6ZJ,-0.24248483865425063,-0.1532205955310268,-0.42980549013386116,0.28228361142442576
TCGA-D1-A15W,-1.126586028457258,0.6455154786660571,1.6401147563037533,-0.9801126168306126
TCGA-FI-A2EU,0.8910078955177138,-1.149922321622136,-1.0187208924216757,-0.36859390938154696
TCGA-DI-A1NO,1.2438424137100825,-1.179344429564002,-1.4910569578592552,1.8259650495205069
TCGA-A5-A1OJ,-2.241975270162903,2.2566592958252705,1.6211316662184387,-2.109360069696119
TCGA-B5-A0JT,0.1431018190047159,-0.2899119241140438,-0.0502907773912031,0.3317250670130735
TCGA-D1-A168,-0.6615739037358737,2.0751585154712573,0.6663815106448584,-1.6055460120629232
TCGA-AP-A0LD,0.5322525387195248,0.24502762598829403,-1.261562055922896,-0.16914870088559522
TCGA-D1-A16B,-0.40841355481709823,1.0569729118271645,0.9180981044414658,0.23972954833474797
TCGA-D1-A1O0,1.2182253618471233,-0.8783109261787199,-1.5974860443050725,0.3801736311702976
TCGA-FI-A2EW,0.6647807206182776,-0.7502370126590381,-1.2624044258833265,-0.20343471096217697
TCGA-BG-A0MQ,-0.13351721874384828,-1.0420127845388976,-0.624009541568639,0.5100180285711841
TCGA-BG-A220,0.8282034662094492,-0.15103115535451608,0.040988405491162304,1.484325211278152
TCGA-A5-A0G1,-0.2167883787716357,-1.1729286226622913,1.7185993145911718,0.0007023798204825842
TCGA-D1-A16N,0.8313973891295893,0.4394990205592509,-0.345295082899063,-1.0233944799761423
TCGA-EO-A22T,1.3838606759801202,0.37046622665755263,0.8854099936654037,0.5816560816783337
TCGA-AX-A05Z,0.09446233445595022,0.4110634687255977,2.0006293109198596,0.27834286294142074
TCGA-B5-A0K3,0.5957115816424533,-1.0771870901503848,-0.28181784597959464,0.8867339791430313
TCGA-EO-A1Y7,0.8177024314573199,-2.3457372148107747,-1.2669403338847969,1.0914436318064882
TCGA-AX-A0J1,0.6389575334383159,-0.10813259701489081,-0.23082902199455235,1.28423989939943
TCGA-BK-A13B,-0.4417875944230029,-0.6821687761954132,1.2595750126693974,0.04989808656205642
TCGA-BS-A0VI,-0.861757852746367,1.48610621575663,0.28942832066140395,-0.7944888775402038
TCGA-D1-A176,-0.44733418791265445,-0.9748421254652646,-0.1582121267020056,-0.5223076410629524
TCGA-AX-A1CP,0.29785356042232064,0.7683398271085482,0.3664630024649349,-0.2928923455634075
TCGA-BG-A0MC,-1.4111413362621994,-0.3389213660530222,0.268212263885227,-1.8713630133444725
TCGA-D1-A165,-0.14338017093898506,0.39602056589021506,0.05443791400294747,0.6389554248123785
TCGA-EY-A548,-0.8430756686582646,-1.1699427166582337,-0.6700011159705496,-0.08760519038225212
TCGA-AX-A1CK,0.20665763121943934,-1.058755870314629,-2.311410277452422,0.16692498740632136
TCGA-D1-A16R,-0.5475220677693634,1.1321053931273677,0.18288301124000078,-0.6500607826262733
TCGA-D1-A162,0.07876918376288672,-0.4927809487597025,-0.021968909391114257,0.12378360654399345
TCGA-A5-A0GR,-1.398886758577564,-0.6676947394503493,0.10748619588186872,-0.7810700002041461
TCGA-AX-A1CJ,-0.8494778813204724,-1.137117868463647,-0.35373059892860215,-0.2796435109819654
TCGA-EO-A22Y,-0.10511224512116138,-0.06816778957231304,-0.445713955770704,-0.46888077565477176
TCGA-B5-A1MX,0.9103839134918427,-0.39867227038103814,-0.8699052945024044,1.5831901649173417
TCGA-AX-A0J0,1.3799994707750203,-0.13186979853004674,-1.2772636849146044,1.297704085455869
TCGA-AJ-A3OJ,0.3539608976974807,0.4048066167089086,0.7961003575102334,0.18583739637708102
TCGA-AX-A2HH,0.5526827941637628,-0.6193396667033748,-1.6662071382615835,0.14025162320962267
TCGA-AJ-A3BD,0.9499943053513935,-0.936638349749222,-0.1319378935614429,0.47716338265734065
TCGA-DI-A1NN,0.8532170295029322,-0.5337347069914317,-0.12098233802086343,1.968258916399095
TCGA-EY-A1GM,0.2817214873810805,-0.20826703964602966,-1.3587311935645963,-0.7860163390507897
TCGA-AX-A2IN,1.3500607164479492,1.5890841250849175,0.013016280325197707,0.3921686033999046
TCGA-EO-A2CG,0.43623016461694314,0.8056922989582218,-0.9562725233868397,0.9903847314088724
TCGA-A5-A0GP,1.0385260004669208,-0.23696784556874914,0.5497859567221808,1.348130891633872
TCGA-AP-A0LN,-1.2345278474983874,-0.21160425576277028,-0.6573614253783193,-0.1579996955931208
TCGA-AX-A0IU,0.468970342396828,-1.119517687222132,-0.9995339527432985,0.31941529730383617
TCGA-H5-A2HR,1.1723650920900202,-2.0258931994374003,-1.1322448502770994,1.4523805017671798
TCGA-E6-A1LX,1.2326392049731345,-1.1350158583359828,-1.3664771893824614,1.7559234830296877
TCGA-FI-A3PV,0.48884886640242586,-1.5028147163649999,-1.078802358527206,-0.6151658856508002
TCGA-BG-A0MT,-0.12494939127987567,-0.8334854222282836,-0.2418575406792953,0.3010817797173713
TCGA-EY-A549,-1.010724821349781,-0.9086471288104924,0.796354591006318,-0.46908968965369113
TCGA-D1-A1O7,0.6031958659320792,-1.0701764754295848,0.21499600451717393,0.4342485669155613
TCGA-AJ-A3NF,0.544346428106772,1.560502353224737,0.9604865872941203,0.11146797716336462
TCGA-BK-A0C9,-0.028614611263318546,-0.04417663624401206,-0.18197863318919502,0.19758356380933564
TCGA-AJ-A5DW,0.9447435098889175,0.06555782586474097,-0.38412943678331585,0.7760756401909169
TCGA-AP-A05J,0.8023301593629036,-0.8344522896046451,-1.7142114071875447,0.20242518790372613
TCGA-D1-A103,-0.22437388127369876,-0.5780888159698292,0.40274212725915515,-0.45636651653587895
