patient_id,HALLMARK_ALLOGRAFT_REJECTION,HALLMARK_ANDROGEN_RESPONSE,HALLMARK_ANGIOGENESIS,HALLMARK_APICAL_JUNCTION,HALLMARK_APOPTOSIS,HALLMARK_CHOLESTEROL_HOMEOSTASIS,HALLMARK_COMPLEMENT,HALLMARK_DNA_REPAIR,HALLMARK_E2F_TARGETS,HALLMARK_EPITHELIAL_MESENCHYMAL_TRANSITION,HALLMARK_ESTROGEN_RESPONSE_EARLY,HALLMARK_ESTROGEN_RESPONSE_LATE,HALLMARK_FATTY_ACID_METABOLISM,HALLMARK_G2M_CHECKPOINT,HALLMARK_GLYCOLYSIS,HALLMARK_HEDGEHOG_SIGNALING,HALLMARK_HYPOXIA,HALLMARK_IL2_STAT5_SIGNALING,HALLMARK_IL6_JAK_STAT3_SIGNALING,HALLMARK_INFLAMMATORY_RESPONSE,HALLMARK_INTERFERON_ALPHA_RESPONSE,HALLMARK_INTERFERON_GAMMA_RESPONSE,HALLMARK_KRAS_SIGNALING_DN,HALLMARK_KRAS_SIGNALING_UP,HALLMARK_MITOTIC_SPINDLE,HALLMARK_MTORC1_SIGNALING,HALLMARK_MYC_TARGETS_V1,HALLMARK_MYC_TARGETS_V2,HALLMARK_NOTCH_SIGNALING,HALLMARK_OXIDATIVE_PHOSPHORYLATION,HALLMARK_P53_PATHWAY,HALLMARK_PI3K_AKT_MTOR_SIGNALING,HALLMARK_REACTIVE_OXYGEN_SPECIES_PATHWAY,HALLMARK_TGF_BETA_SIGNALING,HALLMARK_TNFA_SIGNALING_VIA_NFKB,HALLMARK_UNFOLDED_PROTEIN_RESPONSE,HALLMARK_UV_RESPONSE_DN,HALLMARK_UV_RESPONSE_UP,HALLMARK_WNT_BETA_CATENIN_SIGNALING,HALLMARK_XENOBIOTIC_METABOLISM
TCGA-VD-A8KM,3.579112636413236,1.0880847058412326,1.6492171062726555,1.3883076410261774,2.338989640492051,-0.8589767740427253,2.672546825610276,-1.464190927259631,-0.4099519563520971,1.4764911820724518,0.0797784987384835,0.4437119166925903,0.8677998259262556,-0.1622558156509214,0.9753415678805136,0.1526138486532443,0.7033668708923554,3.0687388364953896,3.2279163800188253,3.0216428307539496,2.267420861479345,2.8818454119342505,-0.1573212538432493,2.4548097990113646,0.1580549581811381,1.7878379005437377,0.0247590488510714,-1.5292527550122952,0.6579419507168935,0.1267356806071663,0.9187719167310706,2.7716014279623797,1.519662226197498,2.0066628412978824,2.0952141002697147,1.6178901912577712,0.2448505922975559,1.6085084039236413,-0.5751689039355262,1.4193101346308985
TCGA-V4-A9F4,-0.3238094843428352,0.5496197077266618,0.2980543042828522,-0.2599859651272196,-0.2675738432670693,-1.6717934521991582,-0.4869309819438637,-0.4361184684626781,0.4422591058150968,0.5230584369379176,-0.3335724972266151,-1.1776365801413466,-0.95828461516501,0.5396803742811787,-1.1621822842734917,0.7747760992565988,-0.2357936481840036,-0.3023860980102746,-0.6519053679943813,-0.3357628104186218,-0.9405767021560728,-0.7230489325309736,-1.2501523163877255,-0.222035016961721,1.3286397335772442,-0.6582191406053801,0.7618525750714937,0.6071519083622525,-0.5865106778030984,-0.8854614401703658,-0.8987707702653728,-0.2352598363148963,-1.0852644104387856,1.2496855127455713,-0.0663713673736304,-0.1344292276260954,1.6711843834043123,-1.2125372389830786,0.8602101459434804,-0.877142404522909
TCGA-WC-A881,-0.0744559352003669,-1.4805487825119708,-0.1753235772273503,-0.7456299244199343,-0.7690099985115675,-0.815199756775185,-0.4062266513248413,1.1110959909486424,-0.4745671603196884,-0.406980588238215,-1.837278758683989,-1.2524857446088604,-0.7996814323592182,-1.0031236025402166,-1.9268155952851795,-0.7576710228020014,-1.893518298362337,-1.0801552936397096,-0.8265438056922482,-0.6903190077707443,-0.543630539194279,-0.5689344807810117,-1.4503210138726836,-0.7182448700296316,-0.9309018054750358,-0.7874377808489275,0.687365346070895,1.0693312050207942,-1.461416721301782,0.2752312623503947,-0.5343593266497778,-1.299315382150056,-1.3508931235269317,-0.2379823952119164,-1.4978847666860249,-0.3020875056300508,-0.5942774769124411,-0.9016674472048348,-1.439235426097358,-1.2335245452058363
TCGA-V4-A9F1,0.3449654553756893,1.538328822721263,0.7694757100171578,-0.3554001798458466,1.059533520173258,0.962182698793822,0.6903105050457475,-0.0415089934905245,1.0875480452764317,0.854288896314128,0.6413538230356377,1.3084675364419285,2.111847183738613,0.8687080059101767,1.4547376535303536,-0.8253635907304852,0.7481823035029822,1.0296502837913484,0.5186451207473902,0.2855653537890609,-0.254815962419981,-0.0804731237572312,-0.8347620497459065,0.592500760216962,0.7191807532236872,2.130464893822952,1.394113073284211,0.7413705629053834,-0.0675765710087304,1.9397638748459152,0.8389587994946229,0.610705812425928,1.7793766978498298,1.3197540524837366,1.225518253717251,1.4039964617457608,1.0427003293716146,1.50968038604668,-1.52558463070678,0.8503190382905953
TCGA-VD-AA8N,1.0920671455396664,-0.3687730286181586,0.9719379189862164,0.8230051577404216,0.4420216291385398,1.2550732531175042,1.1801937630691903,0.9816945227589404,0.0905136731515956,1.1203011578987423,-0.0557206766937524,0.4491276346039495,1.2372713802755797,-0.0193317872692849,1.2404079241159816,0.2712390444857263,0.7565814789686056,1.0864881739723224,1.2710473864344327,0.9295904942910252,0.5084910637608508,0.7738362441898263,-0.1449457872838684,0.7199123242868475,-1.2084702056111831,0.7010817610996611,0.2598168816133092,0.7802480753866778,1.209937703859126,1.6661983738185897,0.7608681177080179,0.7930235209156373,1.4833958331196526,-0.3413623940812194,0.2796876120914948,0.4024279378873151,-0.5675247829089837,0.9652166008234746,0.1032540623709542,0.9933048057940984
TCGA-V4-A9EY,-0.2427966392656675,-2.078766493622674,-0.5228532155249873,1.4771435733344471,-0.3904581648012157,0.9680110659482232,-0.0084727017682275,0.221740203707845,-2.102344895432793,0.466707716713343,0.9020921799921918,0.7992475742701554,-1.1518099881177468,-2.091104664111235,-0.6357528108619779,0.3592751111530235,-0.1125134497841035,-0.2889902232991242,-0.2731120831105815,0.0641555073439028,-0.2998167358870806,-0.2288001067979023,3.156106573836354,0.0395276342567228,-2.310785573944778,-1.755222721274402,-3.2861815658778664,-0.7239845542289471,0.3269198304848687,-1.555806453474725,0.6887487690650467,-1.6099733899088535,-0.3476453487608394,-0.967359148583325,-0.6450878656388326,-2.3045429216422653,-0.8715178128199891,0.337368715116915,-0.6795116049522824,1.9193053645743985
TCGA-V4-A9EI,0.0802147479086622,0.7647815528956358,0.2335582366866794,-0.0481386399213197,0.4246282148085224,0.513425578917733,0.0852122741652395,0.2698293265369073,2.139565951206387,0.5555413061869469,0.1211098092769086,0.7466843439738574,0.6506709060129191,1.8783511869945213,2.1936238181173096,0.7105665089456878,0.5766639216503597,0.3448269499600421,0.3991165244921256,0.241167750641149,-0.0002067757791792,0.0199954005037253,0.0668199283788429,-0.1245879487688207,0.7439827101762572,2.3697130273362674,1.910263236174844,1.6932995220353986,0.3740774741536736,1.3567607502969308,0.1552526268201766,1.065424554869837,0.7834729013978213,-0.2887038536338255,0.009801492300617,2.4952262633494606,-0.7462711238416426,1.6334747843947834,-0.5338489666747614,0.3815332127112869
TCGA-VD-AA8O,0.6401712697792742,-0.6579366279255389,-0.419917839146925,0.1743325668863969,0.783277641159285,0.7899101739228428,0.9782650500434564,0.6050885866429216,-0.0541014344292696,-0.3562022928240126,-0.4814295928869824,0.3016175111648963,1.1759876460126273,-0.4383468688132065,0.865271459070258,-0.8764312013085457,-0.3120228921721169,0.3249334312727885,1.0887899963029328,0.4620120232848329,0.9856669174794948,1.0197889751626643,0.2515280639716312,-0.0711484463837617,-0.8668193807808341,0.843932524698762,-0.1722910386807367,0.194046137100818,0.8658634507312252,0.9411429046222852,0.4433930885796743,-0.319586686432873,2.0572828036821607,-1.8897486840622213,0.2086997307967569,0.1123669597562044,-1.546540134943654,1.1963957814530164,-1.0622981251479662,1.0692629849024606
TCGA-WC-A880,-0.5679987903005477,0.4020380253255174,-1.0762844848398387,-1.2755038739711062,-1.0861192440858518,-1.531142011954534,-0.5712680408564761,0.6016846758875206,-0.2912584998946203,-0.4319599971202065,0.0030753184628426,-1.220212631168477,-0.307637161585178,0.1410957599688703,-0.7527322396705984,0.7825161580631849,-1.4114317916002554,-0.7342382439502169,-0.7564721785594913,-0.8049462091682859,-1.0642865078944506,-0.9344680611640652,-0.7027479340465393,-0.597196943431933,0.3023905110936928,-0.2381784082755637,0.684097147033369,0.5748151476821923,-1.9435581654280225,0.2053846630685914,-0.536539085363388,-0.1769555774423156,-1.4047504301470102,-0.3406870662544805,-0.8703635782897062,0.0303331940287392,-0.1834983183239431,-0.9504423747220392,-0.3351128847914039,-0.590574667327542
TCGA-WC-A882,0.4544257171166753,-1.5030927637949478,0.714491435454602,1.336031311497097,0.8378373436961591,2.0001525246308587,0.5014592874834334,-0.7538137073432577,-1.8592196976075663,1.393174274139042,1.438125832599385,0.9624282094816516,-0.547949457996096,-1.748228680024512,-0.1699838413955406,-0.7836606246311613,0.6643321889952856,0.8207393084519247,0.2560489075123291,0.5047737506951364,0.4504536755304794,0.4802122227581022,1.6102312008808417,0.8972506802698836,-1.6723421795042253,-1.0175501856705098,-2.0145287604507955,0.5135591813250104,0.415825998524185,-0.8798876131647476,1.0051152800887846,-1.4485045331666666,0.2415457066221034,-0.1161070230524759,0.7678455574368508,-1.1093375625197008,-0.3264667031484698,0.0440165736684627,0.7551910669528933,1.2099068810543328
TCGA-VD-AA8P,-0.5470207731950689,0.3185583262779651,0.3097839746398735,0.605416826871905,-0.3559469037018464,0.0730130153511531,-0.2956542117411506,-0.4405760618884676,0.887000711877866,0.1639316417369699,0.6658462806523812,0.5898567739329702,0.188327675121169,1.0491232080432396,0.3696157726934465,-0.4761054692884255,-0.3849157769419253,-0.1657632461573373,-0.5294996580408495,-0.6793248245362656,-0.4973067865546564,-0.5128036470715737,0.901662671748717,-0.4522708497335059,0.6652591576070421,-0.1320400588810151,0.2038032273326841,0.3883033384598194,0.7213543061704502,-0.6334689681406168,-1.994144918941822,-0.4410954575641085,0.4424100354769108,-0.368140831692154,-1.0433318135390504,0.0962151969972167,0.3487341753808186,-0.1569049436580368,1.4255113109042885,-0.3483698977297639
TCGA-WC-AA9E,-0.3757100716312936,0.4995158905381821,-1.109705486974241,-1.56094406112853,-1.2950224813137148,-0.8065058231213632,-0.608904420842313,0.7295011409136208,1.539908506718705,-0.7639247207351347,-1.7344452706983555,-1.5437872710594869,-0.3172515027247298,1.3322227000952236,-1.3679091281820568,0.3435780516244918,-1.4210984273436145,-0.8391210198435792,-0.7164343228981139,-0.7550324078635292,0.70190070831233,0.295867369242791,-0.1201840153939119,-1.3137962575791249,1.06526581330768,0.7312922531105701,1.6892199533571708,1.479059009854639,-1.2309513325532735,-0.4387957962817296,-2.270152605477817,-0.5912416436708245,-1.009587799629408,-0.3886698067660216,-1.3195798502574456,1.2105939819452312,-0.0573831105739917,-0.5800183486710108,-1.017180750630314,-1.0719441543178791
TCGA-V4-A9F8,0.0845298526346108,-1.0302730817571883,1.3745397754172457,1.5091979888508995,0.1806955384856295,0.7409446634643861,0.1902710826105015,0.8081925685481028,0.6968403865453809,0.954354885412528,0.782826619231603,0.8993569355065812,-0.3487059401324665,0.7127156310719766,1.2445290534392182,0.5286033660675759,1.280319948521609,0.1250461883612874,0.1569095010893597,0.0939334858364071,0.1357239799116619,0.0395171123636683,1.4430100354118671,-0.0951578814907289,0.1978378043178117,-0.4682063729929674,-1.1286380283274655,0.7536511558481679,1.8569510435057,-1.4356139300893636,0.2958946309151741,-1.1833766810659596,0.9617064082917354,-0.5646918009157982,-0.1174569811534334,-0.4041729401606332,0.0958407364632459,0.3470423439273096,1.8763851219203924,-0.3671889147086271
TCGA-VD-A8K9,-0.721572222585083,0.4719820280718765,-1.1631967756357018,-1.351440619002942,-0.3339494688854218,-1.1507707209850369,-0.5967944868254339,-0.3403335461628303,0.4692694314431797,-1.2580061813006216,0.1811204078691176,-0.6986279620594051,0.121786124822589,0.3952209430194329,-0.5996394941477746,-0.1906995518096107,-0.6169350368646341,-0.5283916186962833,-0.8447755755664744,-0.1431688639986195,0.7413959992474352,0.2421381848846947,-0.1697140780577858,-0.5600584210786729,1.0194285296312753,0.1767441885879709,0.9915235151607203,0.5130973862607103,-1.7497749100622295,-0.2457750173288638,0.5159640529559759,-0.0662745351576551,-1.300856105757745,-0.433521053382651,0.216910273067367,0.6868886457067792,-0.4728156391851934,0.5990420743566301,-1.5328171324960964,-1.176759464572666
TCGA-V4-A9EZ,0.0555830534018906,-1.9214686343231893,-0.7373145171064964,-0.114190307113561,-0.2864844120107661,1.1339345981655982,-0.1398957651153451,1.2007841213394808,0.0484094222110936,-0.1655779399887499,0.6882935889551914,-0.0138463836164523,-0.6758489655743954,-0.6634689722899041,-0.2677528027047397,-0.6168834257883076,0.1627864529945777,-0.3071686044130218,0.2145348746708815,-0.0442358551892533,1.7504354593119544,1.1489392696998446,0.1328907922931622,-0.596825008690075,-1.4593363801206871,-0.6119210797404581,-0.930192950984898,1.3067298208179718,0.2215940629085158,-1.0924756883567517,0.3374501375391537,-0.7617534068202743,0.749656441721918,-1.759841635076595,0.1165888742363635,0.89623221978336,-1.3413959311515389,0.2945661752860503,-0.9966276626464696,0.0314737973921164
TCGA-VD-AA8Q,0.4613954273474803,-1.7958023391607254,0.2299224331907443,0.3050090599073127,-0.296802668327672,1.1952220324024774,0.2007366834543782,0.3373119420227383,-2.402850295715346,0.8205206077593732,-0.7344532583428681,-0.4232862423623033,-1.1232382916188968,-2.728261892621968,-0.9751047366968942,-1.0596001548284002,-0.3030207649583465,-0.4208326483548961,-0.0529525449306688,-0.125458803751975,-0.2268863528936371,-0.0935859165713823,0.9266823065060332,1.2573149175500271,-2.5379702839842344,-1.4690733561007452,-1.7491150823401354,-1.0664973720767346,-0.8399676494022512,-0.38690573223887,0.4265657276295582,-1.3821305527018928,-0.3528589430947217,0.3257991847761555,-0.6727823936385205,-1.5451829739735654,-0.2089443591483341,-0.2908007186926982,-1.0038382435524322,1.2678606183354664
TCGA-V4-A9E9,-0.8679276510882756,-2.1466043513591506,-1.5921161253207403,-0.8494786634692241,-2.0182505277947853,-0.6283102747119519,-1.3413973083894126,1.623126756315059,-0.5192440156320949,-1.5360425449262167,-1.468771406989342,-1.3353776777342752,-1.241848840724889,-1.0468355700501544,-0.0347686742074895,-1.195843489280974,-0.9894512721008842,-1.4121392677350784,-1.066121225937295,-1.3354836532858538,-1.0107141718179622,-0.8889263534122421,0.3462267185481887,-1.7660858751803,-2.1762006151062763,-0.9730137107940676,-0.4928647235383389,0.7959863569927903,-1.027481173669018,0.3071966172845252,-0.5149019901389814,-1.3132520593381984,-0.1856244965214778,-1.772187755624854,-1.8071637435294392,-0.9165021093860518,-2.5163438867485053,-1.3093996279224125,-0.7785258701654,-0.7795904309603711
TCGA-VD-A8KL,-0.803512290191333,-1.255530989498698,0.2079453046149072,0.2967997587197722,-0.3010058108469619,-0.204130140179482,-0.9881998183339896,0.9231537925541378,0.5225013886802253,0.3936151074019315,-0.306164431548023,-0.5064325204102634,-0.919284192654208,0.3277667565842158,1.1198246401855891,0.5371306696891448,0.2104108318112205,-0.9772952096967362,-0.9976793003708032,-1.094161580170058,-0.9898053650759912,-0.922871128303013,1.1975790391181884,-1.2712003895168555,-0.695699805026877,-0.1334217435387628,-0.1815924447836077,1.3397143775625873,1.0045827857886598,-0.5431573175828395,0.0845635382277333,-0.1978020535194401,0.1600988617336321,-1.0162626456329942,-1.1733991780051782,-0.0460313606212318,-0.5821352987636427,-0.2666628831992808,1.5096592352609144,0.4778709400885636
TCGA-WC-A87T,-1.0771661173830924,-0.1926320756981009,-1.5316237355262698,-1.8408443504698595,-1.5664233486152168,-2.1300914283001644,-1.7167588601923036,-0.259429123397201,-0.5596556933890903,-2.317534164441668,-2.9530754275280247,-2.9284881604959114,-0.8762754156767888,-0.5407373993408725,-2.8431818872834214,-2.060288218812667,-2.7052618339070404,-1.982789224975186,-1.2359536367113362,-1.2400086058194009,-0.9631985555472864,-1.051034565815451,-1.838445177454168,-1.3037473149632135,0.5049489901253538,-1.474950579008633,0.147502720274156,-2.178972830662237,-2.242017399240304,0.4121520424591349,-1.0730500708225277,-0.8294030912414206,-2.393411866345036,-0.7797204237294545,-1.838562686859276,-2.009769314932676,-0.1980184049170757,-3.130560838917825,-1.2322606857274792,-1.7413906958305476
TCGA-YZ-A980,-0.3342555006087184,0.8232965748545621,1.439305456146054,2.219733894504364,1.0527939550787428,-0.0605308869834202,0.4061810921253233,-2.1073122812980443,-1.4056258395720889,1.4222144916521182,2.063108089955752,1.3120553441205425,-0.4315973317733414,-1.2043628653345837,0.6408507663671147,3.872388144339448,2.25272507438196,0.4546847352313007,-0.1585551868825792,0.2696614928785975,-0.6050339814661267,-0.5208617277836458,2.388567483580016,1.96603179077948,0.2912531179148141,0.4460433991563974,-0.995075326681578,-3.175339023304709,1.3669811470970754,-0.3548286475839612,-0.0543183410618072,0.9733251347002596,-0.2097707715077164,0.8212842677557342,-0.0108488726284731,-0.9700484936881708,2.2991760471214984,2.2542646682868144,-0.0514618050988062,1.489143615875094
TCGA-VD-AA8M,-0.3819432003052027,-0.3697993645214725,-0.8941938706419411,-0.1066654743412852,-0.6852675885511481,0.6695471232680092,-0.4049111177874241,0.2879181232832069,-0.9088627326899484,-0.125291865516818,0.4707192027689075,0.2577346576312614,0.2916449670907941,-0.7555770762330222,-0.4274470089860365,-0.3038724469545967,-0.0607335557502478,-0.2582032078637632,-0.4082560436767237,-0.2135533614066624,0.0767379759781218,-0.032876254525767,0.2920549705708711,-0.0850972124685762,-0.860299954065034,-0.7940395754451804,-0.6551693785539464,0.3062835764857726,-0.3905449686690398,0.5784455659555562,-0.0603066879857355,-0.3935872529638806,0.2519116743361913,-0.0550542198431766,-0.0637137561318672,-1.1739613903757025,-0.173455565064708,0.0488035294571304,-0.6067261246810749,0.7941216746563272
TCGA-VD-AA8T,-0.5274404194198463,1.1240516504055724,-0.1740433950396738,-0.8940081477335126,-0.4121778228083211,-0.1342117037712574,-0.5193228662231963,-1.5024834719805524,-1.1322539941492846,-0.6452400642700012,-0.5785199505200669,-0.3155552586517999,-0.3160172741784615,-1.003806474181549,-1.645664370101005,-1.7993683694628266,-1.162383421520241,-0.6433347454502178,-0.526644715469841,-0.4752710249500075,-0.8078090147103841,-0.797735247055729,-1.0720538349150643,-0.4096485894199425,0.3987374511850725,-1.1464106975763315,-0.1902190407168222,-2.044526151313037,0.376903577783936,-0.17668053234531,-0.4682238547003275,-0.6702141318090225,-0.1345382618427165,1.1766466462028304,-0.3993546947867888,-0.9497449710321412,0.9229018275124335,-1.5465290036029349,0.5170002287208942,-0.9686892536449524
TCGA-VD-A8KI,-0.0089465778704816,-0.398002616080913,-0.2920695060125318,0.1243313046222703,-0.9108064891132192,-0.5667580243860599,-0.1614656599305564,0.5321337730358089,0.4727008024130593,-0.2696287184803115,0.5693640222835908,0.8054103944529423,-0.0003058813538695,0.5643242783799355,1.070769605475876,0.7176070384112434,-0.0159117719160804,0.0708924755667436,0.2743927930749234,0.2189229015807456,-0.0828433902138709,-0.0482589913667865,1.236334797803287,-0.5929859896206564,-0.748969007917748,-0.1459214463821784,-0.632943285510338,0.6419040183147925,1.079443050921289,0.1295598787593896,-0.0727303226318551,-0.2395694962470165,0.3594539552853147,-1.028254682956736,-0.4678572362166251,0.2914850959599298,-1.1402944871665064,0.4873401664763422,-0.1438508684712144,0.3886502721107741
TCGA-V4-A9ED,0.5033519183272933,-0.68631472323857,1.0011656445899522,1.6862122050799913,0.8351104067293379,0.2319775434776442,0.9529274078361788,0.3340816306806689,-0.732845383421501,1.5471050498798895,0.4592737826636371,0.3722015630815392,-0.427150568065844,-0.8183278245981441,0.5864736357591992,-0.0528033843391243,1.0011311681646125,0.2830073346937367,0.4099752234317649,0.934188290826558,0.5129759094740243,0.5454657993815641,0.7219787475027128,1.1110447602061302,-0.7519338704706477,-0.8679105759538663,-0.9843904908320922,-1.154379073272638,0.674762125535544,0.1495323723006106,1.5946627144190524,0.0883011285745965,0.4296702592551666,1.9890365910293544,0.6836702688636918,-1.0358598883704877,1.1006439371064138,0.2089568777972218,1.313170143258992,1.0959897394703353
TCGA-V3-A9ZX,1.4407419839184703,0.5983685821214365,0.7649877275434758,0.3013171199684079,1.306307853261607,-0.1078696634830618,1.48139092933938,-0.2534953497367171,1.4526929137904163,0.7394709280985867,0.1667389841073906,0.8537518433400767,1.6142849746012398,1.4105204876241602,1.0939835354085805,0.9854029079241462,0.5215943341380115,1.652160231190564,1.6005717263547496,1.3996246080778465,1.265072005080124,1.421492993391248,-0.2300822589017415,1.537769338370012,1.0438555248545098,1.9225473495904968,1.203268017142575,0.5915874923719441,0.9790958583995456,1.211638031787136,0.6075658087269065,1.8901608793452,1.438229281116277,0.4404093310870131,0.8700360815107425,1.5464567944599403,-0.047695579588567,1.6711639706072965,-0.5635010207828303,1.0002143130539325
TCGA-VD-A8KJ,-0.6501307310827616,0.3008623893584038,-0.3609617733869341,-1.228033787255198,-0.5365255681817779,0.4444563520069461,-0.6957907323452316,0.1182317945804951,1.3034931947875774,-0.0689572431257606,-0.8522943632373532,-0.944089853213712,0.3930929975737308,1.3596241482575004,0.724683857818369,-0.601342182641174,0.0282759448935748,-0.2884693110602493,-0.4708951952473647,-0.3515902352490995,-0.8943358103209947,-0.8523748482466179,-1.3633875440769296,-1.0112287950885768,0.9726436439277164,1.1491718070931394,1.5231560574320853,1.988655908935872,-0.9127120132019222,1.118306899267158,-1.1489601438173451,0.199746289942434,-0.3483650886959147,0.2091445109536759,-0.1395733170043772,0.98325377101985,0.1634239367112135,0.0102242291761847,-0.504007358826358,0.0200566958633792
TCGA-YZ-A985,-0.3872132663172433,-0.3363891854212782,-0.1019936643331105,0.5049348858832271,-0.0364005543440624,-0.4323476801401251,-0.5012487196407279,0.4383983983089148,0.7658601502967293,-0.3608513088927539,0.382135342185896,-0.463836817316243,-0.8543739436225327,0.6191676958978909,0.5072366901101543,0.1029707715835102,0.3949491538356962,-0.2659974991712363,-0.2321918198251147,-0.1040003065747427,-0.5362146592274457,-0.412940167875225,0.2775547251340839,-0.8471946940703974,0.1368793863249222,-0.5760907352142703,-0.0503609183905138,1.3290402836047197,1.3566398745794257,-0.4266711125844559,0.6581246699627047,-0.0842367099525835,-0.1966363014934269,-0.5094485448336867,0.2322458461827419,-0.3620951403008227,-0.0436638731940169,-0.1696698074043513,1.2584455055953347,-0.7863259316544178
TCGA-V4-A9EJ,-0.4267828207493664,0.2289273812488707,-1.0684202149784898,-0.976519359094924,-0.2117825884839858,-1.0809107798990456,-0.6556485027776309,0.6998002379968778,0.0698496358229097,-0.5869852977771913,-0.5900860195669728,-1.2174553455172346,0.1029980417601825,-0.0960832403418137,-0.1418225307677958,0.3130299794545009,-0.0596476978205406,-0.7646989770167861,-0.855903916133371,-0.47831774253089,-0.7878182041980208,-0.6729103111065827,-0.1706290275331533,-0.6176524852464459,0.0822798259554203,-0.0298482720898599,-0.0088922891771578,-1.0259867533997544,-1.779375524775692,-0.0961928104169141,0.9197408867132846,0.1387482812451598,-0.2453998376213358,-0.3906161662328407,0.0007982943951204,0.008604080297079,-0.3629636809467784,-0.2195697537794382,-1.260160058545143,-0.2991665252782071
TCGA-VD-A8KE,-0.377976883650625,0.0385785049476275,-0.1425895993962313,0.0172303061696246,-0.52524725555115,-0.2712662111338575,-0.5592001527921519,-0.1869244541127681,-1.620403652849255,-0.099475355279937,0.5363876465568465,-0.3157296343629236,-0.6234492665821584,-1.3443420793052316,-0.7373934748913581,1.5419682296737185,-0.6536081706804197,-0.4286863471689717,-0.266627650202986,-0.5264560594351171,-0.6737483282206184,-0.6152750492464244,0.4307908726849485,0.1439471960455433,-0.5766457091971817,-0.905062940114456,-0.955217697204178,0.2337002039105049,0.4278773993814938,-0.4545515328616631,0.396736526425833,-0.4495640841807133,-0.5668721022405824,-0.1883595073862213,-0.6526335976563894,-0.6727408299636899,0.1390977536297342,-0.1341323791617122,1.426293839452876,0.3082721489822764
TCGA-V4-A9ES,-0.86693132061595,0.0956702773082176,-0.1543240083197401,-0.5108855284535059,0.2145218514203894,0.613895812633262,-0.9300428318697096,0.863084988184345,2.1274024819365263,-1.091097728048924,-0.6429209162923027,0.5223033011868037,0.6298491474224948,1.5753153920827054,-0.5242170934394836,-0.5615691363077079,-0.8004632210301135,-0.679498501688979,-0.5909021694026492,-0.8124748609991926,-0.5992384272651345,-0.650936086562386,-0.4823423404697879,-1.5513623472933613,1.7182872604577546,0.5421301044166692,1.3911797230330354,0.216859569667963,0.4020403537930035,0.7597421494605557,-0.9854060492494864,0.3291588659789143,0.0817464846670163,-0.0400394347920795,0.1667919638400569,-0.0831914329260823,-0.0849544641375497,-0.7773377245149496,1.6443159981895852,-1.8452337507224288
TCGA-WC-A88A,-0.0969084966909468,-0.5659542989754474,0.2603906657609245,-0.002356313021806,-0.7224786768255849,-0.3604176234139878,-0.3022796003868243,0.7592470215146901,0.9026307599268724,0.253263248129682,-0.970128568602333,-0.640220457374011,0.9944579784595098,0.6224952291253268,1.1161013593953495,-0.0591484208940713,-0.3299626050699998,-0.2810492147547089,0.0137462862066954,-0.4941884939796715,-0.7880676387280237,-0.5147428200225874,-0.7193218394323093,-0.538848849568075,0.0091936646902592,0.6501885242988141,1.102070505397878,1.11043662528673,1.5723601295508518,2.1955311981900243,-0.8522475174813098,0.5648905212524183,-0.136198399053965,-0.4163239999948585,-1.0317492816214362,0.9271355109884368,-0.337941001984661,-0.4113593516192472,-0.8728609943063731,0.3814085313982198
TCGA-V4-A9EH,0.5360496094191209,-0.872796987821674,-1.0469640438783097,0.1918392705497223,0.2056728021079457,0.8597531145389355,0.2563444058994586,0.9391989699926642,-1.2841095958178852,-1.1154077315748507,-0.7484231370806498,-0.649845337185421,0.2425510820542134,-1.3524449877960734,-1.0284954117312806,-0.5999484426338281,-1.104952276520101,-0.2189216087680358,0.4412171795943986,0.5860235046454281,2.704946911091875,1.8964683918540424,1.048616717919689,-0.0070226509330867,-0.9941892087683224,-0.3964934711559622,-0.7921800390814615,-1.171937808050961,0.1273887827902952,-0.2213124816280149,0.3658710590876911,0.2098840953201286,-0.1110177023597444,-1.4856824099894903,-0.7914597271529253,-0.3049765677950825,-0.9298895927615544,0.1550227431882767,-0.2564903720224191,0.8202192488819274
TCGA-WC-A87Y,1.0790654173784393,1.325108034699007,0.7485132410912771,0.5304492542432405,1.4099496112375185,-0.1030915067601636,1.3588816003568038,-1.5514204422597444,-1.3898987631973891,0.7309865455914847,0.8767437357867802,1.0868525167125542,0.6764535531022569,-1.2655514922181583,0.9411861187529668,1.4886479562653998,1.3865049921726345,1.582609086351734,0.7584383290390045,1.248193930352909,0.887815921929175,0.8766554782828929,0.3427439196223589,2.0803284982407937,-0.0763583970688029,0.8442212945930574,-0.1305270837903635,-1.523591124827094,1.020306116491448,0.3964478121227662,1.1262661148136606,1.9265111629817369,0.8820362649134875,1.0055592150099009,0.9563202904898924,0.8216508686121006,1.372212131308249,1.3168916488910227,-0.3399549798457322,1.2599409097140166
TCGA-V4-A9F0,0.4934708167782075,0.7439773420665655,1.76747467649376,1.6114412294629796,1.3808857680712168,1.0444934587823411,1.1357590649492306,-0.254000351716255,-0.1275613253190053,2.0394912782979886,1.5307827695212353,1.7348908099314526,0.7357091224230242,-0.0445758347853992,0.7141724502157774,0.979133531956892,1.0692189802129377,0.5770400271176043,0.6701361904387654,0.6454819482333708,0.0368082614793137,0.3962115875852305,-0.0354979388931321,1.649306663594596,0.1653158998905415,0.4739225738862491,0.0886254546007749,-0.2549149207012491,1.063806698131356,0.6419615556165296,1.0415211599029637,0.8175209357609867,0.8714699131586686,1.8245775790631609,0.95343751422642,0.35475027731398,1.6988284553444255,0.5585574097607332,0.6048436494871282,1.2575215043683927
TCGA-V4-A9EM,-0.286339158876963,-0.1150517292863652,0.1268041836945838,0.4977345479130206,0.7234830531593445,0.5513904969523227,0.2524909281725256,-0.7593224125496729,-0.6012332891421893,0.7407195583042558,2.0253306163384277,0.9260271638037147,-1.290196639021001,-0.1926172312306687,0.2876084089331563,0.4570745744569107,1.4372179020497415,0.0424489385122948,-0.3435834153196364,0.0073247957300865,-0.2958999741843163,-0.3352309847337291,-0.5343496361489863,0.5247791973913543,-0.0690252461160174,-0.118192060074258,-0.7521289054076099,0.3739702596314058,0.0743049606566077,-1.421086912329442,1.7034528821237649,0.2559667299628675,0.4212647642648693,0.5191566315349044,0.8682678214845284,0.2119840836414175,-0.3042227809361701,0.1515674610764504,0.8027268193173382,0.6392856418342723
TCGA-V4-A9EO,-0.8114092489205204,1.5642244941323735,0.9050939676809072,-0.1583049361712425,-0.32883678972197,-0.2349590220780741,-0.2189127317307612,0.4159466019776305,0.5311540622996695,0.1033619369564774,0.1113975233829826,-0.0706661716488285,-0.1484473209225859,0.4876772903019805,-0.1284504933763546,-0.7474105642418438,-0.3548730870561039,-0.1888618886564443,-0.7005987527882876,-0.6151999409626396,-0.830462143098466,-0.835010242423671,-1.1049903379317831,-0.3430020473407301,0.6460543488108671,0.1863671375196316,0.595636356755088,-0.62517215966643,0.2946220010678606,-0.5508317504604167,-0.9102138793291,0.5146343714429794,-0.6547567386453373,0.7245771403632386,-0.8633768127514558,0.5896516033783649,1.0838820399908653,-0.1329110454274277,1.7066989110368784,-0.8934142311382761
TCGA-WC-A888,2.52415220163505,-0.4891357909505422,-0.0740985702310007,0.2851811028916896,2.4458227191748123,0.1343719193020719,1.963356909037593,0.3020108108913085,-0.900848374440946,0.2934984401300414,-0.2242048042878461,0.9412347383468008,0.0383327091303798,-1.1143632091199578,0.0508940774683596,-0.8486865470436179,0.4363642097878568,1.9499768027720747,2.157708085841469,2.123153317576666,2.1478404975282306,2.335125562839902,0.2944585906930502,1.3421622818110746,-0.9058396748853716,0.6934236170474896,-0.0934056252684628,-1.1088548999642451,-0.9308939054562084,0.554389599130393,1.916632726103532,1.5670259367127992,1.0613060767552704,0.2513328210603958,1.8139262738261208,0.6878797149477356,-0.528684727990294,0.4418404432088781,-0.8718445844207908,0.8462065352723059
TCGA-VD-A8KD,2.3851307598107327,0.661158331734802,0.8788668494243559,-0.431365603486079,2.2134282467242583,0.2220567061563845,2.334580500068993,-1.0115822898202524,-0.406759242486872,0.1525814679120525,0.3015921384179982,0.7992076545317851,0.645011024151399,-0.3631569087610612,0.097713064495179,-0.6966775706604771,0.8665067422004278,2.4963325305362747,2.401914628156906,2.518487163032214,2.2631996945400807,2.465872342116028,-1.02697839129872,2.0787443182819496,0.2989720301325191,0.9490077557570582,0.3990024758246426,-1.3545072565079006,0.2722658144034522,0.3518222936771853,1.3815225222346077,1.4425212746621254,0.6164144963153331,1.0761846051792154,2.5510756391570464,1.007207866996752,0.8292218545414353,0.5976555068661316,-0.0247178255037227,-0.0414253275070885
TCGA-V4-A9ET,-0.7371647647664618,-2.009773450870556,-0.7358937175577142,-0.2538304916410471,-1.2490044401099432,-0.3734515659785219,-1.2324104780945149,1.024916835841894,-0.1035488196931672,-0.2614621628235684,-0.1568436717010903,-0.3908919679388241,-1.802260289982644,-0.1775398656150497,-0.1259385138364782,-0.5919117680911831,-0.5941025676736434,-1.2734205305807882,-0.7093427840993153,-0.9568808687697932,-0.7738407072095881,-0.8024637974754397,0.3274348069751723,-1.050139615144185,-0.8718865024090645,-1.3780967010332552,-0.5958549307231575,1.479025802238805,-0.6647613937439107,-0.7589573002093627,-0.6473178674339483,-1.841441274259391,-0.6034596233386096,-1.052573160456411,-0.656457791405228,-0.1898675646242785,-0.925304861666834,-1.1336910094922814,0.9754833317204415,-0.1372603522097928
TCGA-V4-A9EC,-0.816444795960651,-0.2155156878923452,-0.7871558509124835,-0.4318116397548442,-1.0191310253735526,0.7691460281355397,-0.7254295517903667,1.3677929383712908,-0.4149512368069472,-0.4138877953388633,-0.9119706457525883,-0.1777228681313452,1.2005030916783568,-0.4969955896676774,-0.2610972503637914,-1.407307676860209,-0.9642294135428616,-0.915177464850686,-0.9312756033588654,-1.027892321222326,-0.6530227064194205,-0.7984818583674969,-0.4508175789459581,-0.5905234547924846,-1.0909983094455062,-0.8366620171134913,0.1239602901125168,0.3812994360215112,-1.1317944228332095,0.779407515348983,-0.6831893518158679,-1.7840233188143526,-0.292213723189048,-0.931870187969029,-0.6980933391314851,-1.2420618833931405,-0.618417152921124,-0.2308781698390966,-0.3186730978337772,0.3272243437734775
TCGA-V4-A9EQ,0.238852934394348,-0.8865211014642246,0.2701717513318057,0.940552355071102,0.0954781083428318,1.258820595198358,-0.0005385079124709,0.629677468993575,0.3974835068262807,0.141447949940154,0.7580196943388318,1.0515897212526426,-0.8016378946322155,0.4307401316173613,0.8213825123728822,0.1973496831137641,0.2626472089321144,0.0685506562304453,0.5706607623758253,0.1072433163903686,-0.300181902504817,-0.170738558325933,1.2369560666156856,-0.1816527844726745,-0.3888812237099536,-0.2264960555679674,-0.917541651128772,0.9395918294897296,1.262087461874723,-0.047724243790587,0.4396874273226508,-0.4903521623807018,1.816052524025211,-0.9263722079928992,0.5622563258006034,-0.489354793121051,-0.7424983069608958,0.0487416082209004,1.6099861064272096,0.0491388478578584
TCGA-VD-A8KH,-0.8788106700786922,1.7651800685959118,-0.3297530792043348,-0.7582852956441585,-0.7504163768517248,0.8797582242225748,-0.3001808593103193,-1.158335286084794,-0.0961709888207838,-1.2370525454477437,2.092312925432307,1.6387876686269756,2.2360954741326973,-0.2561668999395627,-0.5907684242532001,-0.8057318885733055,-0.4546163881637101,-0.2248373917978865,-0.8808834112492838,-0.6657519747593659,-0.4485494118076525,-0.7273517718851555,-1.4697273922282148,0.5557700171616321,0.5645952417944968,0.911019363294555,0.6801832530953994,-1.0695088336674856,-0.6284897760792965,1.039501042997788,-0.0482889823585562,0.8717771021594564,-0.1219272497694579,0.5723461984480832,-0.4786689126832567,-0.2511207893544357,-0.738810494006747,-0.0592227264906176,-0.2450096917921987,-0.2284765893395076
TCGA-V4-A9F5,-0.5730434295614184,-0.6736756282690409,-0.22750286008594,0.0271371620963119,-0.4791890947794529,1.5594477246700422,-0.5055502620437163,1.3517206005269522,0.6419322361210674,-0.3502730284944114,-0.626263344001743,0.651585168265858,1.79482203574996,0.3760203657198995,1.3036065025207384,-0.7745158888063192,0.4551679007711953,-0.3031042490028261,-0.1632403440187008,-0.4251964369043953,0.7979258132072105,0.3704038315830604,0.7895187686051032,-0.826876038306844,-1.0134708753128412,0.1790160495185382,0.1423322327823274,0.5506847308830165,0.328684488562976,1.4233649972433104,-0.3658791761417259,-0.3937283407295192,0.8982221220430897,-0.9374822914929756,-0.341702533541476,0.7819096033153379,-1.4382446606841626,0.5395195587679597,-0.0029037180313688,0.0157940715265683
TCGA-WC-A883,-0.2800003847796593,0.4779715023663626,2.345963458541673,0.7520948597727813,0.970421821200786,2.4917883928840032,0.3470467738931259,0.7398574728472057,2.0808881965885058,2.400571774828808,0.7870593558794999,2.152204718366555,1.2145446894877303,2.208938683119672,2.680547384269069,0.6353726774448019,4.244883699519567,0.7269011887877185,0.0100778594742853,0.0188382252002747,-1.2456784540828174,-0.8538075028301542,-0.440150155251078,0.9596761687189196,1.298621077840172,2.145173006719911,1.1180253900910553,0.6223556118066369,1.6469506228154318,1.4601148635274692,0.7273199706403414,-0.1321217686254821,2.289183878641795,1.4200653396361829,1.9937800363984488,1.6635251703501754,0.791960337334514,1.7385250318920251,1.0077051705328968,0.6370195473093307
TCGA-WC-AA9A,-1.1430322070617098,-0.2074272100112839,-1.0054512887750682,-1.7462796753097456,-0.6250171350461451,0.6098991066442861,-0.8566908096996217,1.2220519488789,1.6029317397480511,-1.7951547175389355,-1.6156352114657906,0.113953388336691,0.7661778526937633,1.2663091070806698,-0.2306656969109952,-1.5722240199735211,-0.544097583286761,-0.6447685181299102,-0.7397225724908365,-1.4438328069063753,-0.1729027739062211,-0.5673520536614075,-0.2757110572326302,-1.7900451583572488,0.4819339162238084,0.3767729642508328,1.561100255309776,0.4786138203957191,-1.0346567354569116,1.955531698680436,-1.382530842829456,-0.4976272988497706,0.4308808118001616,-1.336209225825921,-0.8414579225996714,0.7279592463544577,-1.6075288519237878,0.5125563172703985,-0.6046239162828214,-2.06355727562263
TCGA-VD-A8KF,-0.2574137930234381,0.6884523113361619,0.1202191650227859,-1.245079788037015,0.0026491706704377,-1.0062835546527114,-0.317129807984776,-1.522307425253476,0.2734299421497851,-0.5471246493825902,-0.5097684939045843,-0.9636282634113428,-1.0399858452170063,0.3115372379612722,-0.3051850148735977,-0.2111457915547969,-0.3946421210952148,-0.3559116158738686,0.0528092800447222,0.0765867259711914,-0.6218692163483989,-0.3858096579465772,-0.6980570848379015,-0.4237901222255203,1.195336049798423,0.2064218754625587,0.3044541527530363,-1.2022472526357582,0.5817866915508837,-0.0545842439248923,-0.2190729113592429,0.613963986441546,-1.187935647397352,0.3638421876679086,0.3145892766736082,-0.2770773767266007,1.834523568388869,-0.94162127226545,1.3291893151870846,-0.9577576465051336
TCGA-VD-A8KG,0.3448779578172702,-0.3974367596094042,-0.9559571221261376,-0.1608749057467446,-0.392523683939646,-0.5894788499718528,0.0253152021914669,0.531798277489423,-0.9499408609181554,-0.765123524495617,0.8145397599484238,0.2154201816647463,0.0842365570555166,-0.9757982754661544,-0.2401942589137324,0.6380305183106019,-0.0470435717610028,0.0673178081854369,0.3971651176301317,0.5436387381548995,0.6835995904721456,0.4514388990353996,0.7723222475968757,-0.0289484166779478,-1.2453631316648834,-0.7402154075367442,-0.7370988785628833,0.5577663799374976,-0.4886133714988296,-0.4448063731568592,-0.1970162521375494,-0.6952806953515885,-0.0502133211115211,-1.012559884326619,-0.0627640877859673,-0.0419781654810718,-1.0248667366839954,-0.9906098817806837,-0.6370902048257004,0.8957423232204652
TCGA-V4-A9EL,1.7425695632580056,0.4950311101941348,0.7557197647274412,0.1818284681420862,1.320811709419787,-0.2716457527840498,1.7048755731683891,-0.2262939611706929,0.9449589789442838,0.5207130093991292,-0.6931416806214443,0.0288130236927007,1.699271840590499,0.983263814325586,0.7783418790448985,0.0127268555122802,0.1820385699736383,1.6935916592650266,2.1628990945115625,1.990446367240664,2.188049357429419,2.2429161884287194,-0.6946712900796415,0.6606320104368197,0.4096258944637281,1.7478987685535066,1.2166282481944397,-0.0790854066781754,0.8963290532427262,1.7316853636553506,0.6847895270958404,1.5224489955688432,1.35218798013221,0.1738732576533583,1.6221614563622735,1.7683806992788575,-0.0076824063530504,1.2203788856381337,-1.0705643468442303,0.3475059301457962
TCGA-V4-A9E8,1.3363735387871358,-1.4051802006081449,1.2642320795224111,2.3868603604080554,0.5969346440851578,1.6060228314876472,1.0297001296885306,0.1464078346262056,-1.2029919163311893,1.749729148380752,0.5649862512877482,0.5654885018635226,0.0729734478729826,-1.2909353381047444,0.4791505384507574,2.06446257357609,0.0820486216403389,0.6433206922573943,1.0293511454731057,0.8597931513514492,1.1145655976234916,1.076404016231666,2.09827869087057,0.7706634823064891,-1.7564965804107098,-0.5797186789964652,-2.042528020323726,-0.5554241413517651,1.340435769727082,-0.7452140583893182,1.7791272324729537,-0.2800156377680621,0.6600709022957294,1.0989988793128764,0.3055013715676454,-0.7458986634636314,-1.0899587782559297,0.5986993165669056,0.3553991765060374,1.974477336203298
TCGA-V4-A9F3,1.868623985528102,1.3063834015476952,1.6778894378026927,1.1350216543086002,1.3187514530138165,-1.164132794649566,1.930680475669636,-1.8109991580303888,0.5960582114984729,1.124543435940714,0.4194802742189218,0.426624848481811,0.6557404164299167,0.9241717204598378,0.5079342097609835,1.8681595686554249,0.5089939160122247,1.6324115700121256,1.7733008715939,1.9550095370697105,1.7086095188706332,1.9168477627547729,-0.5551330558314185,1.4566567657786824,1.479582129492075,1.3446814251962953,0.5763021965170986,-0.4866212553391281,0.8772458013600003,0.1511297763860883,0.4073044491262745,1.9512850913438804,0.1732612550977882,1.8234896832472969,1.4938863237917566,1.7312311973803391,1.2398538489228852,0.4717193640396352,-0.5631792384047037,0.0392948320339377
TCGA-WC-A885,-1.2581997700098717,-1.167209067004314,-1.540162911912302,-1.4576806026813407,-0.9656154465204574,-0.6894797912243502,-1.403293702428534,1.777049389862515,0.4777413992807786,-1.2300889103645962,-0.619153948686633,-0.4789547551971361,-1.9382177037131152,0.2727481703749946,-0.739302036847997,-0.6674271540484298,-1.1252394379252506,-1.2108157918114428,-1.0906139949199083,-1.3019203874472638,-0.8803105699578135,-0.928020908095438,0.622169379286744,-1.4627948858911817,-0.5822362242990837,-1.0899582739614777,0.2326143565002644,1.301720554400491,-1.5390022723968455,-0.0980865670595199,-0.323830933271185,-0.9526266704612756,-0.4590248447035926,-1.6183923270881482,-0.8336899834264307,-0.2197318109810751,-1.8508089869035635,0.0490228951725094,-1.258881354771423,-0.5949519074574666
TCGA-V4-A9EK,0.7551027179455837,0.7210250995977016,-1.5599062370268448,-0.8222502474944801,-0.0242542425460299,-2.4842207935805747,0.3017790700177601,-2.2371526681532368,-0.9065018867427174,-0.6945100024140398,-1.7087634639214253,-1.7685804433940842,0.4883347453632288,-0.575336998872023,-1.4343412028452476,0.5378941163856817,-1.300054625847724,-0.4374932401164302,0.1404862303242977,0.4643715992940175,0.3338121866790925,0.4160879985102965,-1.0641697709232134,1.0123125941770337,0.6150917729079476,-0.5077694581581698,-0.0118138985965938,-1.7180764258061307,-1.2663939716194563,-1.121467972330787,-1.513344732462886,-0.3532954035188974,-0.9900646208484416,0.6735850306893371,-0.4254706929510061,-0.5870251601936982,1.643339070495039,-1.2449704809052478,-1.182616099307268,-0.8327217232185222
TCGA-V4-A9EU,0.3454317960743901,1.1707551053884364,0.4534561357209779,-0.1497379375599761,-0.2197398091563318,-0.4152868646434959,0.5322879487503728,-2.6334016373034905,-0.0066615058983888,0.1204902096682237,0.428972502735041,0.2224863325044791,-0.4909653837298674,0.2799556020614763,0.5726497315178304,0.7653121906293081,0.4533162392844505,0.29173957600258,1.0075293617477363,0.8820178588217047,0.4081402791562834,0.3585157001115579,-0.6381824610803118,0.535239891835957,0.7046356773054964,0.7574441617636869,-0.2429047541834164,-1.5566792234509108,1.020154789442008,0.2158066932465857,-0.1051798863592011,1.259775506631472,-0.18606907702237,1.0959673791920244,1.344380714110833,0.7554415373758467,0.7489194806956065,0.3214041774608426,-0.5645263608288472,-0.0574430821424147
TCGA-RZ-AB0B,-0.1974565046112262,1.990995395016131,1.1358211612793323,0.1302810463465784,0.8601698390554577,0.6843139108875919,0.5725627612606248,-1.0331643196653388,0.5764205254599734,0.6117326367666587,1.2458752636448809,1.594295344779899,1.548059462268757,0.7680118781647917,0.6933946703970584,0.6753219243691442,1.1259544348318558,0.422622610522712,0.1866296633781335,-0.0161040370256913,-0.0402472840570669,-0.0269429055140914,-0.4282732511290281,0.1487100432000072,1.1144486606586648,1.484166979583066,0.903214872343812,-0.2980841077965258,0.9117409978037632,1.249792780698406,0.1349113446839802,1.117234151600385,1.327984261240511,1.2488816697117997,0.6308436750773774,1.414883812619457,1.178172157311725,1.1715310100234284,-0.1421812679622014,-0.1808406367307773
TCGA-V4-A9EX,-0.197151094728638,0.8367463526731036,0.8870400913951894,-0.1143828183699538,-0.2713128017057784,-1.0218315476708402,0.0471235749046687,-0.3098236081439039,1.3214819938429656,0.6166301894246651,-0.0420342491861628,0.0499229045650553,0.8737807978851028,1.366709295075109,1.892109429412012,1.0973494668905754,0.2035348239128513,0.1898717401336139,-0.0905720772707643,-0.0416367783504778,0.1559853186015669,-0.0353945706263931,-0.3842818458906916,-0.0050737588877687,0.8599778216036431,1.130892047612566,1.2250870607648126,0.7823957467419006,0.3681344853545066,1.0817989619505717,-0.3787498682509799,0.4053014604680611,0.4305290291850621,0.3768061059076798,-0.2074886738297325,1.4495965722084292,0.0517196473740671,0.6344603978087388,-0.1499607802874922,-0.2907106302589067
TCGA-WC-A87W,-0.8257543857430326,0.7983633638259071,1.0962008603036413,-0.275350697964093,-0.0651534455623646,-1.168477509714844,-0.4070808349590567,-2.0618588041252197,-0.4846334411843091,0.7926417282203733,-0.0876950323435048,-0.912778742880248,-1.3295288483496306,-0.168088581325349,-1.3580763789156216,1.0426928456568203,0.1857497909819204,-0.7530764096394105,-1.2038764593088764,-0.8123528394923442,-0.9710128090110408,-0.9080527702298304,-0.7139305654639168,0.3812793395342841,1.4824998018560382,-1.0052326866393455,-0.0615453299021601,-0.8288640334747222,0.0440622906742159,-1.735071648642068,-1.573581144108939,-0.4118288070913306,-2.091294277393374,1.886899061993148,-0.1958746313359872,-0.4163517404025978,2.7370112267532467,-1.672944795517409,1.9112388007951069,-0.9951494817035572
TCGA-WC-A87U,-0.6384574139825571,0.0540764044168242,-0.9613868823349574,-0.8978497116078498,-1.0487393119368351,-0.6377026437481884,-0.9254412868167464,0.3621360353080083,-0.1872286702019572,-0.5489322558153176,-1.9558306304760724,-1.5903377663030531,0.0046320827095758,-0.0186256408813304,-1.0936796601359673,-1.909654679838373,-1.4980871880940392,-1.1269810738506152,-0.852269888710542,-0.9157069921773392,-0.5008744595890894,-0.6992240603717944,-0.9702416422305684,-0.6359805756629594,0.3165215632184068,-0.5240315830252489,0.719015497552428,-0.5658518669742661,-1.8002943001055562,0.8102963484121499,-1.7685354308439225,-0.4520197351888278,-1.4779535514232638,-0.0497359563840123,-1.6167873829077362,-0.9114002513247806,0.3198655916420184,-1.3209266878052313,-1.4716974115510382,-0.7498567608032383
TCGA-VD-A8KK,0.1007508583205384,-1.0452209751906327,0.5408688094872041,0.4852805395893231,0.7053467128450469,0.7244342820274204,0.1915589309272816,1.3334763332023591,0.9748298845221672,0.6288404174074118,-0.4259206699227917,0.5942517752932637,-0.449290482089406,0.7972002667579899,0.6394141696226026,-1.4637103402832947,-0.3114666768307822,0.2047313095513118,0.2273652542831969,0.1459349580762947,0.0675787006626735,-0.0642613923583882,0.574108525151415,-0.0087386168111415,-0.4565953093380884,0.0134450499152822,0.2730866376016301,0.920175831837804,-0.0508287832340719,0.6142889064720294,0.729035754375687,0.0125684804899263,0.2343201380056663,0.0067290353549922,-0.149693773991817,-0.0730048794225224,-0.9978405212645634,0.2070714997623056,0.409668406371215,0.2697079781172463
TCGA-V4-A9EV,3.018786633641012,0.3877581227953438,0.4797931980066096,0.1733041099768801,2.2649311778910284,-0.510251416436476,2.567685580411752,-1.000105286442565,-0.343709682340185,-0.0002330873160212,-0.4403726237320447,0.0729209657453886,0.9398127395717676,-0.1354691116813795,-0.1079161620172452,-0.2679808352805127,0.4295030139624454,2.8510485687114926,2.7492386934128,2.90849529361776,2.605991719289676,2.868925230303851,-0.1154094467996067,1.6601311549783293,0.403655136575367,1.3261738241544805,0.2585782724587052,-1.3074562629922697,0.3875371222210105,0.1683985189591199,1.5775839802555438,1.8062214267197283,1.4483514237152757,0.4175792700208076,2.0432213324972865,0.4282940755374672,0.4358714080735096,0.5038580093884865,-0.3600856703398022,0.1395281128244746
TCGA-VD-A8KO,-0.9714159092347068,0.7886252350665038,-1.3901708286243473,-2.323189058415072,-0.7827911001143563,-1.1478866889520083,-1.005660865392936,-0.575790862504832,0.8028269668306448,-1.2812886257516112,-1.5261722827583148,-1.9133573559993151,-1.291146917826142,1.3051717217228689,-1.4167532597596892,-0.8401281393407151,-0.8281228540627923,-1.0632487156399255,-1.2962484818254312,-1.1671697292587493,-0.9544528656161776,-0.962905474609292,-1.8494938418944444,-0.8241880640871526,1.5842885704037968,-0.139878956483664,1.0109144253483862,-0.0437952114541807,-2.05875027764035,-0.4151142008684083,-1.1290948590214762,-0.5010254403742664,-2.1987943341873324,0.1818570339870268,0.0010440107624984,-0.3767270980631044,0.40832695442258,-1.2306124263752591,-1.9771727139525237,-2.6833592173721645
TCGA-VD-A8KN,1.345582692082301,0.8214175558846318,1.2373987743986754,0.8611069532876214,1.3644668707738614,-0.4066265050984972,1.410534085703647,-0.7897972381532367,0.128531488897613,0.5921169157759206,0.7418890825603237,0.1792374342755305,0.0355840912128291,0.326792874830779,-0.1300866579993318,1.0892670179873332,0.2023062803294638,1.3213177614374667,1.3101620040763686,1.3824907381597151,1.03414581104281,1.1967840919747992,-0.3731112215186973,1.048353126697447,0.5035537166314555,0.1388101233673467,-0.051137994132624,-0.3460920840959816,0.7570377455446584,-0.2285344043404501,0.4988068881487865,1.1315877093114577,0.6213452642542543,0.7131115662498205,0.9971529841995874,0.3837831576563872,1.370099061480461,0.1224910737871682,0.8391970458564819,0.6395360462427503
TCGA-V4-A9EW,-0.8375898386836617,1.095121067230499,-0.0006118076287406,-0.7015381269500518,-0.5944012364202405,-0.3693461797664094,-0.4660615498456531,-0.1458572924610715,0.52074052810076,-0.70740691091912,1.0453764915107464,0.3029670529997084,1.4025544495197635,0.4415586544148033,-1.0139402567053244,0.1327404667734002,-0.0001789857836403,-0.0219188554605104,-0.9223958627219572,-0.6503489728270495,-0.3366225439245817,-0.5216989383168285,-0.5249756217827344,-0.0499723873188774,0.7213108486687312,-0.013397828097072,0.6383720167150695,0.1159958893665927,-0.5034099352508725,-0.4882482268808616,-0.3054745352049684,-0.185431424619331,-1.135434934791928,-0.1260967420134664,-0.0311967770604208,-0.2889004207539665,0.6574950275126015,-0.1186605953194129,-0.2742489838466527,-0.3873027104935145
TCGA-V4-A9E5,-0.4175970000556883,-1.0260508357200286,-0.4547384320499896,0.2513986955718124,-0.1235910164423394,1.6611105041494436,-0.3851543269301327,1.4304689828201125,-0.6568087479378022,-0.2304630149635711,-0.0887029433848205,0.0452288891743996,0.0631415799177863,-0.9252986549243458,-0.1497080424603747,-1.2082395638904209,0.4441150157984305,-0.4117011162298851,-0.924399020505606,-0.5678614939357325,-0.6021696044828942,-0.6485917990181893,1.23585530920431,-0.3885399645380287,-1.472199144770979,-1.0593517429181114,-1.00662853714669,0.2352559084021445,-0.9523351011991512,-0.7588822641798443,0.9963605827045116,-1.8169332287115616,-0.3142637563287097,-2.107021187274393,-0.7711438473272363,-0.9743526852420232,-1.7659097530241907,-0.6873898440428489,-1.1191364348983917,0.8242900317369392
TCGA-V4-A9F7,-1.0951412287949924,0.6642930440985445,-1.7049544609116642,-1.642376520261743,-1.276356756660341,-1.1523601912749426,-1.1356011326580484,-0.7126652554467937,-0.0726820272080929,-1.285620502259061,-1.1526180047776056,-1.5855319016077425,0.2397225446810832,0.347112572870397,-1.5729563682259011,-0.120240082202353,-1.053576657723802,-1.18644975199655,-1.05448249473738,-1.0011289536303174,-0.9008719769293256,-0.9901964390284096,-0.9305801439720278,-0.9808231879301116,0.9844465506517868,-0.5708092368082711,0.6391634668127002,-0.7409728320420318,-1.6368546583344563,-0.2656647423680678,-2.2582124545442435,-0.4003208109164452,-1.9256977380603308,-0.3531973567589885,-1.133379213209882,-1.027567351893634,0.1318962009151168,-1.5445256197203727,-0.9196823543915836,-1.1486480082333548
TCGA-V4-A9EA,-0.9131254777868492,-0.4406944101299078,-0.0144299783538026,0.9488982272105936,-0.5514356967826433,1.8256518977499985,-0.9892783647248102,0.5753035327916509,-0.6087724126261445,-0.0069730831383749,0.7948749715206364,0.3534344328700776,-2.6440612244150272,-0.7027763754127094,-0.122519002829291,0.228290156931158,0.8000811081615864,-0.2972057979180315,-0.6197383482396706,-0.8680508677504433,-0.493300867152852,-0.5766077095416469,1.699830020992264,-1.0155661756968464,-1.2092408559369865,-1.6896026975457978,-2.682725604291796,0.3060287835152414,-0.2453004616816274,-3.019226005828951,1.0818295955151909,-2.3072662985951267,-0.4684777049753068,-2.0331626149780173,-0.0211372660585966,-1.9998313970480817,-1.4552083737140675,0.1430190855396962,0.4403243795298449,0.0843921295660619
TCGA-WC-A884,0.90043267643091,0.7888958990516355,1.58218746834943,1.4722783034828768,1.2485516624384654,1.1130532660361945,1.6188066626507305,-0.1035033086246747,-0.4148593374432276,2.5094703649308365,1.8282666022292613,1.5883222332493014,0.821767743606116,0.1380497409019148,0.9959510722524536,1.163993681582982,1.4511414937292706,1.2777687939018183,0.9591967106701436,1.1559118668280972,0.4862377701544727,0.6628050425194528,0.9176055123649351,1.90464876295472,0.2729344828891819,0.3412838846865224,-0.1951495325548235,0.1139899039774796,0.2985337878963655,-0.2028974340455127,1.2732012406332869,1.1522232458171509,0.5112067862345049,1.0836940923152765,0.9649815744208242,0.2030443456691222,1.3224633125181413,2.17820668328205,-0.0720020484117597,2.568076069319144
TCGA-VD-A8KB,-1.392884530187801,-0.959784557856513,-0.829250145337205,-0.4898489975509174,-1.7156489945230626,-1.5450537181210608,-2.050562731503781,0.7389667420326517,0.6238085644090562,-0.7128051844809884,-0.7128728627829681,-1.0999636410244684,-0.6046461913785155,0.3983349467137329,-0.3631395011194729,0.0736589732315975,-0.6779887916348034,-1.5353983354771676,-1.2610545575486485,-1.3811684443710484,-1.363749940872748,-1.380082065509892,-0.3698181714079059,-1.640576258662612,0.2463812219411398,-1.2671587978757335,-0.238667750246354,0.1444480421717221,-0.5973980114315923,-0.9789877040884504,-1.2702686489418231,-0.8856107733541558,-1.051575297588555,-0.8005440843736242,-1.6001309394468006,-0.3657581361991218,-0.4347265598942049,-1.6413145166327476,0.6148432954751776,-1.400070722995047
TCGA-YZ-A982,-0.1719523861822126,-1.126917032722682,-0.7927230157650937,1.5489247409192397,-0.7388892640139086,-0.8706625238468753,-0.1607997167032407,0.1626915114998851,0.2249387917234322,-0.8422094194618027,-0.671905784153583,-0.4770870966584099,-1.2452336259470256,0.4025447750955447,-0.3371001632081523,-0.0233720871183227,-0.6448316456858384,-1.1910159953862678,-0.4406333332472082,-0.4995538668039772,-0.243727838759939,-0.2425715531660448,0.7528840418444128,-0.028075033210356,0.7117281283570381,-0.8228108206553032,-0.957594601961925,0.2145932730883414,-0.0899727434921672,-2.5894850383424304,-1.3184564250054949,-0.3513207507371194,-0.7195820240934399,-0.9217494599124448,-1.506234103991527,-0.6872100761288261,-0.1515485363099844,-0.5198185049936387,0.6256652615883226,0.3562940839238179
TCGA-YZ-A984,-0.7567480645256817,-0.438759200916545,0.9192554065121208,1.6990640334663818,0.1123460587449891,0.4099555407189185,-0.4183653539779576,0.6464050900004927,-0.3867971161098893,0.8936483058881315,1.7387546239548166,1.4451611197499965,0.6897846956384435,-0.4703206470079513,0.5697669360287264,1.1110494294178563,1.2515977982245998,-0.3295956079168312,-0.4948509077492444,-0.3710411369884788,-0.302443757654241,-0.4761651013036276,1.6504910544942215,0.2390453820735739,-0.8595408446232731,-0.4773330911212097,-0.8298745497503232,0.9537501092429572,1.1054713736637438,-0.3380228989001735,-0.4509248537844407,0.2105640218390566,-0.1262830660392927,0.4670944130071435,-0.3678228297442599,-0.4479782115259976,0.5649970866083112,0.2891456829466758,1.5538774398400192,1.124067754458593
TCGA-VD-A8K8,1.598427483301614,0.4255375191681093,-0.206872498476496,-0.7284275647577706,1.4112264329141813,-0.5962065187033274,1.2719143993618955,0.3591959386627797,0.8745221182167718,-0.6661726975881136,-0.029284090783881,0.2996649263607351,0.7377679931627764,0.9909206484531204,0.8771636036431693,-0.8905099373264737,0.6763517830903653,1.6960576764097337,1.598370310309006,1.557726003483891,1.7223150720512876,1.739232717206307,-0.678657972827177,0.1042699468888368,0.604585647707411,1.348196669404406,1.0295053233921478,0.2341579369439045,0.194107503407355,0.4058075965753496,1.324554464010956,1.6576249780453192,0.7803048496560684,0.2914302593568478,1.7290116110320497,1.3460990532640282,-0.0684403269699077,1.339955698066222,-0.7392777389934374,-0.4570761200820685
TCGA-YZ-A983,-0.2911429939642598,0.4022257947314828,-0.717083677179149,-0.9063171554352354,0.1216831473668512,-1.1170572506487535,-0.5587435631554712,0.6856655141811953,0.1174313894287333,-0.8381870349428168,0.0412005235905095,-0.5077087067466616,0.0413182631913885,0.3262632237122549,-1.0167144448601309,0.8220401790193118,-0.6953478023981171,-0.1371580154793287,-0.6897074502941084,-0.558123149430817,-0.7133699222952927,-0.6429182583704014,-0.3981904715863357,0.0652544665928187,0.5673657783645536,-0.0331586362494351,0.7000125259660723,-0.0736097828438989,-1.122797518978391,0.621803942739821,0.9519572511388434,0.2806256628726876,-0.5855959602574582,0.3967505812873091,0.6907745721054729,-0.6272124851540548,-0.4013916993820189,0.6393857133902247,-0.2872871006345754,-1.0240027875502535
TCGA-V3-A9ZY,-0.184146554093284,-0.9828290673841068,-1.3824753311026925,0.4398682863129231,0.0383798394066816,0.5824522493513712,-0.229364128685988,0.6856621334992967,-1.360383941907238,-0.6821786631346272,0.1093448136974574,-0.2991578159168647,-1.3260009939440145,-1.3031845564654894,-0.8729686175768314,-0.6053839640249512,-0.7284115726448548,-0.287167939907224,-0.1363122129560131,-0.1921605097756641,-0.3084155971576351,-0.384042403457861,-0.1647633524294776,-0.5000515827823775,-0.8894858404793246,-1.3803321394211685,-1.4246114610329603,-0.1873282431863155,-0.3829138687546091,-0.86887229690979,1.2593439487734217,-0.5588631412085185,-0.2785746576558275,0.3473706645926266,-0.0066129087469966,-1.308636811043888,-0.5960709844710369,0.3511900322505538,0.984521185623736,-0.0657558401068102
TCGA-V4-A9EE,0.6425868177154243,1.99408271655764,2.4440327909978072,0.2687812981872952,1.568944714397691,0.4824366291188859,1.1005532906391808,-1.5462931602765349,1.099454149981102,1.2039881905155387,1.6328762948531,1.8268786169466744,-0.1192200069457249,1.6810127233609178,0.9701700533448416,0.5844314772926251,1.4092494069434067,1.156061457236209,1.1567294273071238,0.8864141073410076,0.3241556416095825,0.5249372502715853,-0.626127065387499,1.112894004414298,1.933040266328074,1.8006767992528214,1.1862612679472575,0.0748842590398102,0.5923719655540444,-0.1741648248002724,0.5191523755564764,0.8465005190604203,0.5210617073360024,1.9511701823547605,2.1621642699843227,2.251932366132648,1.1924436308283928,1.3046289477463946,-0.4608030351564203,-0.936473509598611
TCGA-VD-A8KA,-1.100340086230293,0.3863502643930508,-1.0056202203623814,-0.2172614595621539,-0.9789287760769216,-0.908221991823417,-0.952197625724222,-0.7034979617080862,0.2870549192841314,-0.887152157889425,0.6383678964766121,0.2605652156426678,-1.024328961504068,0.4342277402960139,-1.1478570204904812,0.1411690048613064,-0.8927101792629086,-0.585411493112385,-1.1242103044027631,-0.950047098728388,-1.1438750094557235,-1.143647508809707,0.2059145911529004,-1.0738034870353694,0.971375148527621,-0.9077509907824018,-0.2137799309109307,0.1888473085329289,0.0768187903923754,-1.442638526872898,-1.4350476148120266,-0.7203219809237158,-0.6547133415547067,-0.4344715112766192,-1.0086960308584556,-0.6198318347456371,0.205311263617202,-1.065987212854118,0.8786633757588077,-1.1316382507934797
TCGA-V4-A9F2,0.5230020732798727,-0.6049080737263772,0.8734774474588095,0.8462579266006063,0.3631845383089132,1.999988166573664,0.582809222243784,-0.3237992001605138,-1.877705793059163,0.8069179309819718,-0.0758958849760959,-0.4531757734155693,-0.1605313044682337,-2.3394981595660784,-0.9864936099675714,0.4341085316724188,-0.1583293817820057,0.3448832102324102,0.1480472426605472,0.3382303318029763,1.1570214178101137,0.9315543009133024,0.5616645691357852,0.94598731035184,-1.5085952465150778,-0.7454356679110711,-1.142736411160132,-0.523461055851835,0.4649378439678219,-1.2096565989857229,0.0896538574252212,-0.9061358748696968,0.3849601457894603,0.2756106091050105,-0.2031545344465653,-1.0735132473040327,0.3734740098126917,-0.912890321327918,1.0693189094247413,1.2406764555634742
TCGA-V4-A9EF,-0.1704377580108809,-0.0297145347489034,0.2481720724423095,0.1014274111113509,-0.1481404033341735,-0.4705712696695124,-0.4149432402624526,1.3704363186829132,0.8338884496259442,-0.2415309756738462,-0.1987145865650884,-0.233454286561961,-0.3009389763081235,0.7424778243209819,0.8136163511995687,-0.1032907779904216,-0.1543041485542944,-0.0719466533618535,-0.0434601773514295,-0.0986779887973712,-0.7601625398400773,-0.6208448021400467,-0.0980851595763822,-0.7259675972531173,0.0237196208256331,0.1140362488443366,0.597397574925801,0.9097870650966728,0.7387178010517854,0.3370908144024193,0.7775140785163897,0.1973162197067881,0.7120788889274109,-0.815328267912283,-0.2444591072433676,0.0795306660980648,-0.3255358532217924,-0.2550403939541614,1.2824220507168989,-0.2089793761817573
TCGA-V4-A9E7,-1.1201475619603165,-0.439742518653408,-0.8130761420177872,-0.3345984645703949,-1.2915771836183725,0.1490433748888969,-1.2548341559272844,0.8255788429611352,1.4562920255561282,-1.1598419830697568,-0.3217563363568566,-0.0381632934967163,0.2079089982699999,1.2315771583341009,0.845348226123091,0.3373135747908302,-0.33726706406732,-1.0151586169714768,-0.7715761867181163,-1.4046400935980994,-1.2967974442421353,-1.189336448864339,0.0404304509312562,-1.548175309750223,0.6399152829295007,0.6614893406713654,0.6671633235781604,1.3758410403332553,0.5954522206899013,1.251797153092712,-1.2377535805822593,0.148404530748523,0.7701684545384105,-1.2929337454727765,-1.1197764734114006,0.535852632567409,-1.148679682643309,0.3499627248249137,1.441918021574517,-0.9494345309202176
TCGA-VD-A8K7,-0.965974099178596,1.0573255654942175,-1.4588871105837806,-2.0530734530620998,-1.6276125518278122,-0.2889906178106411,-1.3594103503816124,-1.4162126319742407,-0.7636852117246321,-1.84055516910771,-1.8628847150106247,-2.2128833826730574,-1.133365920855328,-0.7628824448089008,-0.5705958989948894,-0.7112998617767217,1.1861765038184977,-0.981160223559547,-1.348495123184724,-0.9520900108128836,-1.1080500481575215,-1.0649851976007016,-2.4551171285674416,-0.4797548104034227,0.4324600022034686,0.3522780833838783,0.3993309421674756,-0.6344983682057972,-1.76326787553642,-0.5318987051808132,-0.6495019112303255,0.2413538807706863,-1.7425814859110185,-0.2995308984100641,0.3364283277399391,0.1739140606151883,0.4580819667578718,-1.7029682828724892,-1.2251226846287184,-1.7873953414378454
TCGA-VD-AA8R,-1.0616325055695923,1.4571878531393423,-1.7476876790111768,-1.0716195783866207,-1.4706008319381634,-0.5059364985339921,-1.0817674670442872,-1.2308260270120603,-1.8092274495468263,-1.8385612160584863,-0.1194143325478904,-0.981212954203994,1.8515430491763096,-1.505250292257469,-1.2993704446327956,-2.1089418788845244,-1.432069255138572,-1.015234264165204,-0.592140768901152,-1.075912884197649,-0.6790807524233562,-0.8350350419735157,-0.8485051388724095,-0.7658748282050593,-0.2635920186070352,-0.7372929874935081,-0.3329113714382243,-1.2587165596223422,-0.4520399615193731,0.9709825407141902,-1.4630210351537687,-0.0405161151457277,-1.1017889988246334,0.4339371533450839,-0.9363888380637274,-0.955369059041788,0.4912893200484088,-1.1932474350010445,-0.7435723300996973,0.1763351470948434
TCGA-VD-AA8S,-0.5043769323026448,-1.388699197500072,0.2763171955714999,0.9553444868050636,-0.4725968647705407,-0.3506883329537635,-0.6303251539749697,-0.1663187475290498,-0.5763897428766372,1.2057926948171944,0.3857110293369385,0.0101981765710049,-1.3274403803895405,-0.5345880567702731,0.1211090375532222,0.8251332442150091,-0.2867731965494766,-0.0654219445481136,-0.4540172321085144,-0.1628466763512277,-0.716722606082561,-0.6546557794826583,1.073106472007689,0.1653763705472889,-1.141721719987219,-1.546267411062168,-1.3789390136947266,-0.0097207568312286,0.3402113491348291,-1.2688330235882666,-0.3371788630943348,-0.9347243795081224,-0.1563145449310149,0.1870960086685875,-0.2781796342974419,-1.5551723929194996,0.386559892716205,-0.5152505429642805,1.4647581527648994,0.6593230467050889
