# source: TCGA-CDR.xlsx (Liu et al., Cell 2018), rows where type == KIRC
# extracted: 2026-09-11 11:25 by extract_cdr.py
bcr_patient_barcode,OS,OS.time,PFI,PFI.time,DSS,DSS.time,DFI,DFI.time
TCGA-3Z-A93Z,0.0,385.0,0.0,385.0,0.0,385.0,0.0,385.0
TCGA-6D-AA2E,0.0,362.0,0.0,362.0,0.0,362.0,,
TCGA-A3-3306,0.0,1120.0,0.0,1120.0,0.0,1120.0,,
TCGA-A3-3307,0.0,1436.0,0.0,1436.0,0.0,1436.0,,
TCGA-A3-3308,0.0,16.0,0.0,16.0,0.0,16.0,,
TCGA-A3-3311,1.0,1191.0,0.0,1191.0,0.0,1191.0,,
TCGA-A3-3313,1.0,735.0,0.0,735.0,0.0,735.0,,
TCGA-A3-3316,0.0,1493.0,0.0,1493.0,0.0,1493.0,,
TCGA-A3-3317,0.0,1491.0,1.0,560.0,0.0,1491.0,,
TCGA-A3-3319,0.0,1130.0,0.0,1130.0,0.0,1130.0,,
TCGA-A3-3320,0.0,1508.0,0.0,1508.0,0.0,1508.0,,
TCGA-A3-3322,0.0,1478.0,0.0,1478.0,0.0,1478.0,,
TCGA-A3-3323,0.0,1106.0,0.0,1106.0,0.0,1106.0,,
TCGA-A3-3324,0.0,1186.0,0.0,1186.0,0.0,1186.0,,
TCGA-A3-3325,1.0,1170.0,0.0,1170.0,0.0,1170.0,,
TCGA-A3-3326,0.0,1137.0,0.0,1137.0,0.0,1137.0,,
TCGA-A3-3328,0.0,1385.0,0.0,1385.0,0.0,1385.0,0.0,1385.0
TCGA-A3-3329,0.0,1624.0,0.0,1624.0,0.0,1624.0,0.0,1624.0
TCGA-A3-3331,0.0,1485.0,0.0,1485.0,0.0,1485.0,,
TCGA-A3-3335,0.0,1886.0,1.0,1098.0,0.0,1886.0,1.0,1098.0
TCGA-A3-3336,0.0,1043.0,0.0,1043.0,0.0,1043.0,,
TCGA-A3-3343,0.0,945.0,0.0,945.0,0.0,945.0,,
TCGA-A3-3346,1.0,137.0,1.0,114.0,1.0,137.0,,
TCGA-A3-3347,1.0,1610.0,1.0,610.0,1.0,1610.0,,
TCGA-A3-3349,0.0,1385.0,0.0,1385.0,0.0,1385.0,,
TCGA-A3-3351,0.0,910.0,0.0,910.0,0.0,910.0,,
TCGA-A3-3352,1.0,561.0,0.0,561.0,0.0,561.0,0.0,561.0
TCGA-A3-3357,0.0,2688.0,0.0,2688.0,0.0,2688.0,0.0,2688.0
TCGA-A3-3358,0.0,1307.0,0.0,1307.0,0.0,1307.0,,
TCGA-A3-3359,0.0,2504.0,0.0,2504.0,0.0,2504.0,0.0,2504.0
TCGA-A3-3362,0.0,1559.0,0.0,1559.0,0.0,1559.0,,
TCGA-A3-3363,0.0,319.0,0.0,319.0,0.0,319.0,,
TCGA-A3-3365,0.0,873.0,0.0,873.0,0.0,873.0,,
TCGA-A3-3367,0.0,2270.0,0.0,2270.0,0.0,2270.0,0.0,2270.0
TCGA-A3-3370,0.0,2274.0,0.0,2274.0,0.0,2274.0,0.0,2274.0
TCGA-A3-3372,0.0,735.0,0.0,735.0,0.0,735.0,,
TCGA-A3-3373,0.0,1621.0,0.0,1621.0,0.0,1621.0,0.0,1621.0
TCGA-A3-3374,0.0,1314.0,0.0,1314.0,0.0,1314.0,,
TCGA-A3-3376,1.0,1696.0,0.0,1696.0,0.0,1696.0,0.0,1696.0
TCGA-A3-3378,0.0,630.0,0.0,630.0,0.0,630.0,,
TCGA-A3-3380,0.0,567.0,0.0,567.0,0.0,567.0,,
TCGA-A3-3382,0.0,574.0,1.0,514.0,0.0,574.0,,
TCGA-A3-3383,0.0,861.0,0.0,861.0,0.0,861.0,,
TCGA-A3-3385,0.0,1993.0,0.0,1993.0,0.0,1993.0,0.0,1993.0
TCGA-A3-3387,0.0,617.0,0.0,617.0,0.0,617.0,,
TCGA-A3-A6NI,0.0,1018.0,0.0,1018.0,0.0,1018.0,0.0,1018.0
TCGA-A3-A6NJ,0.0,468.0,0.0,468.0,0.0,468.0,0.0,468.0
TCGA-A3-A6NL,0.0,689.0,0.0,689.0,0.0,689.0,0.0,689.0
TCGA-A3-A6NN,0.0,3.0,0.0,3.0,0.0,3.0,0.0,3.0
TCGA-A3-A8CQ,0.0,3.0,0.0,3.0,0.0,3.0,,
TCGA-A3-A8OU,0.0,0.0,0.0,0.0,0.0,0.0,0.0,0.0
TCGA-A3-A8OV,0.0,340.0,0.0,340.0,0.0,340.0,0.0,340.0
TCGA-A3-A8OW,0.0,323.0,0.0,323.0,0.0,323.0,0.0,323.0
TCGA-A3-A8OX,0.0,0.0,0.0,0.0,0.0,0.0,0.0,0.0
TCGA-AK-3425,0.0,3343.0,0.0,3343.0,0.0,3343.0,,
TCGA-AK-3426,1.0,885.0,1.0,256.0,1.0,885.0,,
TCGA-AK-3427,0.0,3583.0,0.0,3583.0,0.0,3583.0,0.0,3583.0
TCGA-AK-3428,0.0,3728.0,0.0,3728.0,0.0,3728.0,0.0,3728.0
TCGA-AK-3429,0.0,3328.0,0.0,3328.0,0.0,3328.0,0.0,3328.0
TCGA-AK-3430,1.0,480.0,0.0,480.0,,480.0,,
TCGA-AK-3431,1.0,2241.0,0.0,2241.0,0.0,2241.0,0.0,2241.0
TCGA-AK-3433,0.0,3409.0,0.0,3409.0,0.0,3409.0,0.0,3409.0
TCGA-AK-3434,0.0,2087.0,1.0,1640.0,0.0,2087.0,,
TCGA-AK-3436,0.0,3331.0,1.0,1189.0,0.0,3331.0,,
TCGA-AK-3440,0.0,2865.0,0.0,2865.0,0.0,2865.0,0.0,2865.0
TCGA-AK-3443,0.0,1423.0,0.0,1423.0,0.0,1423.0,,
TCGA-AK-3444,0.0,1471.0,0.0,1471.0,0.0,1471.0,,
TCGA-AK-3445,0.0,2392.0,0.0,2392.0,0.0,2392.0,0.0,2392.0
TCGA-AK-3447,0.0,1217.0,0.0,1217.0,0.0,1217.0,,
TCGA-AK-3450,0.0,1779.0,0.0,1779.0,0.0,1779.0,,
TCGA-AK-3451,0.0,2868.0,0.0,2868.0,0.0,2868.0,0.0,2868.0
TCGA-AK-3453,0.0,2531.0,0.0,2531.0,0.0,2531.0,0.0,2531.0
TCGA-AK-3454,0.0,874.0,0.0,874.0,0.0,874.0,,
TCGA-AK-3455,1.0,683.0,0.0,683.0,,683.0,,
TCGA-AK-3456,0.0,1143.0,0.0,1143.0,0.0,1143.0,,
TCGA-AK-3458,0.0,1168.0,0.0,1168.0,0.0,1168.0,,
TCGA-AK-3460,0.0,2508.0,0.0,2508.0,0.0,2508.0,0.0,2508.0
TCGA-AK-3461,0.0,2217.0,0.0,2217.0,0.0,2217.0,0.0,2217.0
TCGA-AK-3465,0.0,369.0,0.0,369.0,0.0,369.0,,
TCGA-AS-3777,0.0,1238.0,0.0,1238.0,0.0,1238.0,,
TCGA-AS-3778,0.0,43.0,0.0,43.0,0.0,43.0,,
TCGA-B0-4688,1.0,101.0,1.0,101.0,1.0,101.0,,
TCGA-B0-4690,1.0,43.0,1.0,43.0,1.0,43.0,,
TCGA-B0-4691,1.0,139.0,1.0,139.0,1.0,139.0,,
TCGA-B0-4693,1.0,77.0,0.0,77.0,0.0,77.0,,
TCGA-B0-4694,1.0,106.0,0.0,106.0,0.0,106.0,,
TCGA-B0-4696,1.0,866.0,1.0,794.0,1.0,866.0,,
TCGA-B0-4697,1.0,578.0,1.0,578.0,1.0,578.0,,
TCGA-B0-4698,1.0,42.0,1.0,42.0,1.0,42.0,,
TCGA-B0-4699,1.0,110.0,0.0,110.0,,110.0,,
TCGA-B0-4700,1.0,1980.0,1.0,1980.0,1.0,1980.0,,
TCGA-B0-4701,1.0,238.0,1.0,238.0,1.0,238.0,,
TCGA-B0-4703,1.0,182.0,1.0,182.0,1.0,182.0,,
TCGA-B0-4706,1.0,65.0,0.0,65.0,0.0,65.0,,
TCGA-B0-4707,1.0,600.0,1.0,600.0,1.0,600.0,,
TCGA-B0-4710,0.0,1755.0,0.0,1755.0,0.0,1755.0,0.0,1755.0
TCGA-B0-4712,1.0,1337.0,1.0,1337.0,1.0,1337.0,,
TCGA-B0-4713,1.0,202.0,1.0,202.0,1.0,202.0,,
TCGA-B0-4714,1.0,99.0,1.0,99.0,1.0,99.0,,
TCGA-B0-4718,0.0,1778.0,1.0,768.0,0.0,1778.0,,
TCGA-B0-4810,1.0,478.0,1.0,205.0,1.0,478.0,,
TCGA-B0-4811,1.0,1417.0,1.0,458.0,1.0,1417.0,,
TCGA-B0-4813,1.0,18.0,0.0,18.0,0.0,18.0,,
TCGA-B0-4814,1.0,168.0,1.0,168.0,1.0,168.0,,
TCGA-B0-4815,1.0,1588.0,1.0,1588.0,1.0,1588.0,,
TCGA-B0-4816,1.0,1371.0,1.0,1371.0,1.0,1371.0,,
TCGA-B0-4817,1.0,1019.0,0.0,1019.0,0.0,1019.0,,
TCGA-B0-4818,1.0,510.0,1.0,127.0,1.0,510.0,,
TCGA-B0-4819,1.0,183.0,0.0,183.0,0.0,183.0,,
TCGA-B0-4821,1.0,1230.0,1.0,1230.0,1.0,1230.0,,
TCGA-B0-4822,1.0,1111.0,1.0,1111.0,1.0,1111.0,,
TCGA-B0-4823,1.0,454.0,0.0,454.0,0.0,454.0,,
TCGA-B0-4824,1.0,1657.0,0.0,1657.0,0.0,1657.0,,
TCGA-B0-4827,1.0,885.0,1.0,668.0,1.0,885.0,,
TCGA-B0-4828,1.0,307.0,1.0,307.0,1.0,307.0,,
TCGA-B0-4833,1.0,2386.0,1.0,2386.0,1.0,2386.0,,
TCGA-B0-4834,1.0,2090.0,0.0,2090.0,0.0,2090.0,,
TCGA-B0-4836,1.0,1238.0,1.0,1238.0,1.0,1238.0,,
TCGA-B0-4837,1.0,1378.0,1.0,1208.0,1.0,1378.0,,
TCGA-B0-4838,1.0,834.0,0.0,834.0,0.0,834.0,,
TCGA-B0-4839,1.0,1639.0,0.0,1639.0,0.0,1639.0,,
TCGA-B0-4841,1.0,204.0,1.0,108.0,1.0,204.0,,
TCGA-B0-4842,1.0,1724.0,1.0,250.0,1.0,1724.0,,
TCGA-B0-4843,1.0,320.0,1.0,320.0,1.0,320.0,,
TCGA-B0-4844,1.0,313.0,1.0,62.0,1.0,313.0,,
TCGA-B0-4845,1.0,1986.0,1.0,748.0,1.0,1986.0,,
TCGA-B0-4846,1.0,1200.0,1.0,163.0,1.0,1200.0,,
TCGA-B0-4847,1.0,793.0,0.0,793.0,,793.0,,
TCGA-B0-4848,1.0,883.0,1.0,494.0,1.0,883.0,,
TCGA-B0-4849,1.0,69.0,1.0,4.0,1.0,69.0,,
TCGA-B0-4852,1.0,1121.0,1.0,860.0,1.0,1121.0,,
TCGA-B0-4945,1.0,2145.0,0.0,2145.0,0.0,2145.0,,
TCGA-B0-5075,1.0,637.0,0.0,637.0,0.0,637.0,,
TCGA-B0-5077,1.0,1317.0,0.0,1317.0,0.0,1317.0,,
TCGA-B0-5080,1.0,342.0,1.0,103.0,1.0,342.0,,
TCGA-B0-5081,1.0,362.0,1.0,213.0,1.0,362.0,,
TCGA-B0-5083,1.0,1045.0,1.0,1045.0,1.0,1045.0,,
TCGA-B0-5084,1.0,222.0,1.0,65.0,1.0,222.0,,
TCGA-B0-5085,1.0,770.0,0.0,770.0,0.0,770.0,,
TCGA-B0-5088,1.0,563.0,0.0,563.0,0.0,563.0,,
TCGA-B0-5092,1.0,459.0,1.0,459.0,1.0,459.0,,
TCGA-B0-5094,1.0,333.0,1.0,75.0,1.0,333.0,,
TCGA-B0-5095,1.0,245.0,0.0,245.0,0.0,245.0,,
TCGA-B0-5096,1.0,68.0,0.0,68.0,0.0,68.0,,
TCGA-B0-5097,0.0,665.0,1.0,359.0,0.0,665.0,,
TCGA-B0-5098,1.0,1584.0,0.0,1584.0,,1584.0,,
TCGA-B0-5099,1.0,485.0,0.0,485.0,,485.0,,
TCGA-B0-5100,1.0,1913.0,1.0,1426.0,1.0,1913.0,,
TCGA-B0-5102,1.0,2764.0,1.0,2734.0,,2764.0,,
TCGA-B0-5104,1.0,2752.0,0.0,2752.0,0.0,2752.0,,
TCGA-B0-5106,1.0,1598.0,0.0,1598.0,0.0,1598.0,,
TCGA-B0-5107,1.0,927.0,1.0,549.0,1.0,927.0,,
TCGA-B0-5108,0.0,1782.0,0.0,1782.0,0.0,1782.0,0.0,1782.0
TCGA-B0-5109,1.0,587.0,1.0,70.0,1.0,587.0,,
TCGA-B0-5110,0.0,2009.0,0.0,2009.0,0.0,2009.0,0.0,2009.0
TCGA-B0-5113,0.0,1175.0,0.0,1175.0,0.0,1175.0,0.0,1175.0
TCGA-B0-5115,0.0,1604.0,1.0,75.0,0.0,1604.0,,
TCGA-B0-5116,0.0,1274.0,1.0,1129.0,0.0,1274.0,1.0,1129.0
TCGA-B0-5117,0.0,1608.0,0.0,1608.0,0.0,1608.0,0.0,1608.0
TCGA-B0-5119,0.0,1552.0,0.0,1552.0,0.0,1552.0,0.0,1552.0
TCGA-B0-5120,0.0,1169.0,0.0,1169.0,0.0,1169.0,0.0,1169.0
TCGA-B0-5121,0.0,1485.0,0.0,1485.0,0.0,1485.0,0.0,1485.0
TCGA-B0-5399,0.0,1411.0,0.0,1411.0,0.0,1411.0,0.0,1411.0
TCGA-B0-5400,0.0,1733.0,0.0,1733.0,0.0,1733.0,0.0,1733.0
TCGA-B0-5402,0.0,1290.0,1.0,444.0,0.0,1290.0,,
TCGA-B0-5690,0.0,3392.0,0.0,3392.0,0.0,3392.0,,
TCGA-B0-5691,0.0,3431.0,1.0,3250.0,0.0,3431.0,,
TCGA-B0-5692,0.0,3944.0,0.0,3944.0,0.0,3944.0,0.0,3944.0
TCGA-B0-5693,0.0,4074.0,0.0,4074.0,0.0,4074.0,0.0,4074.0
TCGA-B0-5694,1.0,480.0,1.0,288.0,1.0,480.0,,
TCGA-B0-5695,0.0,2150.0,0.0,2150.0,0.0,2150.0,0.0,2150.0
TCGA-B0-5696,0.0,2609.0,1.0,1717.0,0.0,2609.0,1.0,1717.0
TCGA-B0-5697,0.0,2630.0,0.0,2630.0,0.0,2630.0,0.0,2630.0
TCGA-B0-5698,0.0,3631.0,0.0,3631.0,0.0,3631.0,0.0,3631.0
TCGA-B0-5699,0.0,3841.0,1.0,94.0,0.0,3841.0,1.0,94.0
TCGA-B0-5700,0.0,1790.0,0.0,1790.0,0.0,1790.0,0.0,1790.0
TCGA-B0-5701,0.0,2461.0,1.0,224.0,0.0,2461.0,1.0,224.0
TCGA-B0-5702,0.0,2172.0,0.0,2172.0,0.0,2172.0,0.0,2172.0
TCGA-B0-5703,0.0,2246.0,0.0,2246.0,0.0,2246.0,0.0,2246.0
TCGA-B0-5705,0.0,4537.0,1.0,842.0,0.0,4537.0,1.0,842.0
TCGA-B0-5706,0.0,3205.0,0.0,3205.0,0.0,3205.0,0.0,3205.0
TCGA-B0-5707,0.0,3744.0,0.0,3744.0,0.0,3744.0,0.0,3744.0
TCGA-B0-5709,0.0,3974.0,0.0,3974.0,0.0,3974.0,0.0,3974.0
TCGA-B0-5710,0.0,2430.0,1.0,1441.0,0.0,2430.0,,
TCGA-B0-5711,0.0,3989.0,1.0,3766.0,0.0,3989.0,1.0,3766.0
TCGA-B0-5712,0.0,2722.0,1.0,725.0,0.0,2722.0,,
TCGA-B0-5713,0.0,2782.0,0.0,2782.0,0.0,2782.0,0.0,2782.0
TCGA-B0-5812,0.0,3834.0,0.0,3834.0,0.0,3834.0,0.0,3834.0
TCGA-B2-3923,0.0,992.0,0.0,992.0,0.0,992.0,0.0,992.0
TCGA-B2-3924,0.0,1092.0,0.0,1092.0,0.0,1092.0,0.0,1092.0
TCGA-B2-4098,1.0,51.0,0.0,51.0,0.0,51.0,,
TCGA-B2-4099,0.0,972.0,0.0,972.0,0.0,972.0,0.0,972.0
TCGA-B2-4101,0.0,648.0,0.0,648.0,0.0,648.0,0.0,648.0
TCGA-B2-4102,0.0,952.0,0.0,952.0,0.0,952.0,0.0,952.0
TCGA-B2-5633,0.0,963.0,0.0,963.0,0.0,963.0,0.0,963.0
TCGA-B2-5635,0.0,755.0,0.0,755.0,0.0,755.0,0.0,755.0
TCGA-B2-5636,0.0,919.0,0.0,919.0,0.0,919.0,0.0,919.0
TCGA-B2-5639,1.0,1003.0,1.0,163.0,1.0,1003.0,,
TCGA-B2-5641,0.0,656.0,0.0,656.0,0.0,656.0,0.0,656.0
TCGA-B2-A4SR,0.0,507.0,1.0,266.0,0.0,507.0,1.0,266.0
TCGA-B4-5377,0.0,365.0,0.0,365.0,0.0,365.0,,
TCGA-B4-5378,0.0,175.0,0.0,175.0,0.0,175.0,,
TCGA-B4-5832,0.0,155.0,0.0,155.0,0.0,155.0,0.0,155.0
TCGA-B4-5834,0.0,38.0,0.0,38.0,0.0,38.0,,
TCGA-B4-5835,0.0,16.0,0.0,16.0,0.0,16.0,,
TCGA-B4-5836,0.0,141.0,0.0,141.0,0.0,141.0,,
TCGA-B4-5838,0.0,166.0,0.0,166.0,0.0,166.0,,
TCGA-B4-5843,0.0,11.0,0.0,11.0,0.0,11.0,,
TCGA-B4-5844,0.0,7.0,0.0,7.0,0.0,7.0,,
TCGA-B8-4143,1.0,709.0,1.0,709.0,1.0,709.0,,
TCGA-B8-4146,0.0,511.0,0.0,511.0,0.0,511.0,0.0,511.0
TCGA-B8-4148,0.0,1520.0,0.0,1520.0,0.0,1520.0,0.0,1520.0
TCGA-B8-4151,0.0,1299.0,0.0,1299.0,0.0,1299.0,0.0,1299.0
TCGA-B8-4153,0.0,762.0,1.0,223.0,0.0,762.0,,
TCGA-B8-4154,0.0,1380.0,0.0,1380.0,0.0,1380.0,0.0,1380.0
TCGA-B8-4619,0.0,523.0,0.0,523.0,0.0,523.0,0.0,523.0
TCGA-B8-4620,0.0,777.0,1.0,604.0,0.0,777.0,1.0,604.0
TCGA-B8-4621,0.0,788.0,0.0,788.0,0.0,788.0,0.0,788.0
TCGA-B8-4622,0.0,1525.0,1.0,1227.0,0.0,1525.0,,
TCGA-B8-5158,0.0,1218.0,0.0,1218.0,0.0,1218.0,0.0,1218.0
TCGA-B8-5159,0.0,722.0,0.0,722.0,0.0,722.0,0.0,722.0
TCGA-B8-5162,0.0,36.0,0.0,36.0,0.0,36.0,,
TCGA-B8-5163,0.0,822.0,0.0,822.0,0.0,822.0,0.0,822.0
TCGA-B8-5164,0.0,26.0,0.0,26.0,0.0,26.0,,
TCGA-B8-5165,0.0,737.0,0.0,737.0,0.0,737.0,0.0,737.0
TCGA-B8-5545,0.0,1525.0,0.0,1525.0,0.0,1525.0,0.0,1525.0
TCGA-B8-5546,0.0,505.0,0.0,505.0,0.0,505.0,,
TCGA-B8-5549,0.0,194.0,0.0,194.0,0.0,194.0,0.0,194.0
TCGA-B8-5550,0.0,1476.0,1.0,694.0,0.0,1476.0,1.0,694.0
TCGA-B8-5551,0.0,16.0,0.0,16.0,0.0,16.0,,
TCGA-B8-5552,0.0,1046.0,0.0,1046.0,0.0,1046.0,0.0,1046.0
TCGA-B8-5553,0.0,435.0,0.0,435.0,0.0,435.0,,
TCGA-B8-A54D,0.0,830.0,0.0,830.0,0.0,830.0,0.0,830.0
TCGA-B8-A54E,0.0,909.0,0.0,909.0,0.0,909.0,0.0,909.0
TCGA-B8-A54F,0.0,519.0,0.0,519.0,0.0,519.0,0.0,519.0
TCGA-B8-A54G,0.0,53.0,0.0,53.0,0.0,53.0,0.0,53.0
TCGA-B8-A54H,0.0,256.0,0.0,256.0,0.0,256.0,0.0,256.0
TCGA-B8-A54I,0.0,150.0,0.0,150.0,0.0,150.0,0.0,150.0
TCGA-B8-A54J,0.0,528.0,0.0,528.0,0.0,528.0,0.0,528.0
TCGA-B8-A54K,0.0,469.0,0.0,469.0,0.0,469.0,0.0,469.0
TCGA-B8-A7U6,0.0,495.0,0.0,495.0,0.0,495.0,0.0,495.0
TCGA-B8-A8YJ,0.0,431.0,0.0,431.0,0.0,431.0,0.0,431.0
TCGA-BP-4158,0.0,3377.0,0.0,3377.0,0.0,3377.0,,
TCGA-BP-4159,1.0,2601.0,1.0,2352.0,1.0,2601.0,,
TCGA-BP-4160,0.0,2881.0,0.0,2881.0,0.0,2881.0,,
TCGA-BP-4161,0.0,2746.0,1.0,2685.0,0.0,2746.0,,
TCGA-BP-4162,0.0,3074.0,0.0,3074.0,0.0,3074.0,,
TCGA-BP-4163,0.0,2839.0,0.0,2839.0,0.0,2839.0,,
TCGA-BP-4164,1.0,992.0,0.0,992.0,0.0,992.0,,
TCGA-BP-4165,0.0,3037.0,1.0,1049.0,0.0,3037.0,,
TCGA-BP-4166,0.0,13.0,0.0,13.0,0.0,13.0,,
TCGA-BP-4167,0.0,2718.0,0.0,2718.0,0.0,2718.0,,
TCGA-BP-4169,1.0,701.0,1.0,78.0,1.0,701.0,,
TCGA-BP-4170,1.0,2343.0,0.0,2343.0,0.0,2343.0,,
TCGA-BP-4173,0.0,1893.0,0.0,1893.0,0.0,1893.0,,
TCGA-BP-4174,0.0,1879.0,0.0,1879.0,0.0,1879.0,,
TCGA-BP-4176,0.0,1955.0,0.0,1955.0,0.0,1955.0,,
TCGA-BP-4177,0.0,1670.0,0.0,1670.0,0.0,1670.0,,
TCGA-BP-4325,0.0,2964.0,0.0,2964.0,0.0,2964.0,,
TCGA-BP-4326,1.0,1625.0,1.0,958.0,1.0,1625.0,,
TCGA-BP-4327,1.0,109.0,0.0,109.0,0.0,109.0,,
TCGA-BP-4329,1.0,845.0,1.0,134.0,1.0,845.0,,
TCGA-BP-4330,0.0,1888.0,0.0,1888.0,0.0,1888.0,,
TCGA-BP-4331,1.0,2454.0,0.0,2454.0,0.0,2454.0,,
TCGA-BP-4332,0.0,1133.0,0.0,1133.0,0.0,1133.0,,
TCGA-BP-4334,1.0,645.0,1.0,442.0,1.0,645.0,,
TCGA-BP-4335,1.0,475.0,1.0,160.0,1.0,475.0,,
TCGA-BP-4337,1.0,2.0,0.0,2.0,0.0,2.0,,
TCGA-BP-4338,0.0,2859.0,1.0,1757.0,0.0,2859.0,,
TCGA-BP-4340,1.0,562.0,0.0,562.0,0.0,562.0,,
TCGA-BP-4341,1.0,1589.0,1.0,1589.0,1.0,1589.0,,
TCGA-BP-4342,1.0,2256.0,1.0,240.0,1.0,2256.0,,
TCGA-BP-4343,1.0,1912.0,1.0,330.0,1.0,1912.0,,
TCGA-BP-4344,0.0,1666.0,0.0,1666.0,0.0,1666.0,,
TCGA-BP-4345,0.0,1516.0,0.0,1516.0,0.0,1516.0,,
TCGA-BP-4346,1.0,1493.0,0.0,1493.0,0.0,1493.0,,
TCGA-BP-4347,0.0,1367.0,0.0,1367.0,0.0,1367.0,,
TCGA-BP-4349,0.0,372.0,0.0,372.0,0.0,372.0,,
TCGA-BP-4351,0.0,970.0,1.0,873.0,0.0,970.0,,
TCGA-BP-4352,1.0,344.0,1.0,13.0,1.0,344.0,,
TCGA-BP-4353,1.0,375.0,0.0,375.0,0.0,375.0,,
TCGA-BP-4354,1.0,1034.0,1.0,685.0,1.0,1034.0,,
TCGA-BP-4355,1.0,953.0,0.0,953.0,,953.0,,
TCGA-BP-4756,0.0,374.0,0.0,374.0,0.0,374.0,,
TCGA-BP-4758,0.0,2208.0,0.0,2208.0,0.0,2208.0,,
TCGA-BP-4759,0.0,2372.0,0.0,2372.0,0.0,2372.0,,
TCGA-BP-4760,0.0,2361.0,1.0,1457.0,0.0,2361.0,,
TCGA-BP-4761,0.0,182.0,0.0,182.0,0.0,182.0,,
TCGA-BP-4762,1.0,1343.0,0.0,1343.0,0.0,1343.0,,
TCGA-BP-4763,1.0,1270.0,0.0,1270.0,0.0,1270.0,,
TCGA-BP-4765,0.0,2184.0,0.0,2184.0,0.0,2184.0,,
TCGA-BP-4766,0.0,1462.0,0.0,1462.0,0.0,1462.0,,
TCGA-BP-4768,0.0,400.0,0.0,400.0,0.0,400.0,,
TCGA-BP-4769,0.0,1876.0,0.0,1876.0,0.0,1876.0,,
TCGA-BP-4770,1.0,329.0,1.0,169.0,1.0,329.0,,
TCGA-BP-4771,1.0,162.0,1.0,23.0,1.0,162.0,,
TCGA-BP-4774,0.0,1885.0,0.0,1885.0,0.0,1885.0,,
TCGA-BP-4775,0.0,1843.0,0.0,1843.0,0.0,1843.0,,
TCGA-BP-4776,0.0,411.0,0.0,411.0,0.0,411.0,,
TCGA-BP-4777,0.0,1731.0,0.0,1731.0,0.0,1731.0,,
TCGA-BP-4781,0.0,2080.0,0.0,2080.0,0.0,2080.0,,
TCGA-BP-4782,0.0,354.0,0.0,354.0,0.0,354.0,,
TCGA-BP-4784,0.0,1854.0,0.0,1854.0,0.0,1854.0,,
TCGA-BP-4787,1.0,480.0,1.0,259.0,1.0,480.0,,
TCGA-BP-4789,0.0,1489.0,0.0,1489.0,0.0,1489.0,,
TCGA-BP-4790,1.0,1111.0,0.0,1111.0,0.0,1111.0,,
TCGA-BP-4795,0.0,620.0,0.0,620.0,0.0,620.0,,
TCGA-BP-4797,0.0,1107.0,0.0,1107.0,0.0,1107.0,,
TCGA-BP-4798,1.0,334.0,1.0,334.0,1.0,334.0,,
TCGA-BP-4799,1.0,1133.0,1.0,352.0,1.0,1133.0,,
TCGA-BP-4801,0.0,1124.0,0.0,1124.0,0.0,1124.0,,
TCGA-BP-4803,0.0,204.0,0.0,204.0,0.0,204.0,,
TCGA-BP-4804,0.0,1459.0,1.0,295.0,0.0,1459.0,,
TCGA-BP-4807,0.0,211.0,0.0,211.0,0.0,211.0,,
TCGA-BP-4959,0.0,2660.0,0.0,2660.0,0.0,2660.0,,
TCGA-BP-4960,0.0,2172.0,0.0,2172.0,0.0,2172.0,,
TCGA-BP-4961,0.0,1935.0,0.0,1935.0,0.0,1935.0,,
TCGA-BP-4962,0.0,1785.0,0.0,1785.0,0.0,1785.0,,
TCGA-BP-4963,0.0,1834.0,0.0,1834.0,0.0,1834.0,,
TCGA-BP-4964,0.0,1862.0,0.0,1862.0,0.0,1862.0,,
TCGA-BP-4965,0.0,1871.0,0.0,1871.0,0.0,1871.0,,
TCGA-BP-4967,0.0,205.0,0.0,205.0,0.0,205.0,,
TCGA-BP-4968,0.0,1746.0,0.0,1746.0,0.0,1746.0,,
TCGA-BP-4969,0.0,1794.0,0.0,1794.0,0.0,1794.0,,
TCGA-BP-4970,0.0,433.0,0.0,433.0,0.0,433.0,,
TCGA-BP-4971,0.0,1487.0,0.0,1487.0,0.0,1487.0,,
TCGA-BP-4972,0.0,1502.0,0.0,1502.0,0.0,1502.0,,
TCGA-BP-4973,0.0,1384.0,0.0,1384.0,0.0,1384.0,,
TCGA-BP-4974,1.0,211.0,1.0,35.0,1.0,211.0,,
TCGA-BP-4975,0.0,1433.0,0.0,1433.0,0.0,1433.0,,
TCGA-BP-4976,0.0,1632.0,0.0,1632.0,0.0,1632.0,,
TCGA-BP-4977,0.0,454.0,0.0,454.0,0.0,454.0,,
TCGA-BP-4981,1.0,1097.0,0.0,1097.0,0.0,1097.0,,
TCGA-BP-4982,0.0,1014.0,0.0,1014.0,0.0,1014.0,,
TCGA-BP-4983,0.0,1413.0,0.0,1413.0,0.0,1413.0,,
TCGA-BP-4985,1.0,952.0,1.0,205.0,1.0,952.0,,
TCGA-BP-4986,0.0,785.0,0.0,785.0,0.0,785.0,,
TCGA-BP-4987,0.0,1124.0,0.0,1124.0,0.0,1124.0,,
TCGA-BP-4988,1.0,828.0,0.0,828.0,0.0,828.0,,
TCGA-BP-4989,0.0,118.0,0.0,118.0,0.0,118.0,,
TCGA-BP-4991,0.0,1413.0,0.0,1413.0,0.0,1413.0,,
TCGA-BP-4992,0.0,501.0,0.0,501.0,0.0,501.0,,
TCGA-BP-4993,0.0,177.0,0.0,177.0,0.0,177.0,,
TCGA-BP-4994,0.0,1308.0,0.0,1308.0,0.0,1308.0,,
TCGA-BP-4995,0.0,1371.0,0.0,1371.0,0.0,1371.0,,
TCGA-BP-4998,0.0,932.0,0.0,932.0,0.0,932.0,,
TCGA-BP-4999,0.0,1266.0,0.0,1266.0,0.0,1266.0,,
TCGA-BP-5000,0.0,563.0,0.0,563.0,0.0,563.0,,
TCGA-BP-5001,0.0,1177.0,0.0,1177.0,0.0,1177.0,,
TCGA-BP-5004,0.0,1126.0,0.0,1126.0,0.0,1126.0,,
TCGA-BP-5006,0.0,840.0,0.0,840.0,0.0,840.0,,
TCGA-BP-5007,0.0,1140.0,0.0,1140.0,0.0,1140.0,,
TCGA-BP-5008,0.0,1071.0,0.0,1071.0,0.0,1071.0,,
TCGA-BP-5009,1.0,1092.0,1.0,324.0,1.0,1092.0,,
TCGA-BP-5010,1.0,878.0,1.0,582.0,1.0,878.0,,
TCGA-BP-5168,1.0,1463.0,0.0,1463.0,0.0,1463.0,,
TCGA-BP-5169,0.0,193.0,0.0,193.0,0.0,193.0,,
TCGA-BP-5170,0.0,2412.0,0.0,2412.0,0.0,2412.0,,
TCGA-BP-5173,1.0,62.0,0.0,62.0,0.0,62.0,,
TCGA-BP-5174,0.0,2257.0,0.0,2257.0,0.0,2257.0,,
TCGA-BP-5175,0.0,932.0,0.0,932.0,0.0,932.0,,
TCGA-BP-5176,1.0,1590.0,0.0,1590.0,0.0,1590.0,,
TCGA-BP-5177,0.0,293.0,0.0,293.0,0.0,293.0,,
TCGA-BP-5178,1.0,1912.0,1.0,396.0,1.0,1912.0,,
TCGA-BP-5180,0.0,2263.0,0.0,2263.0,0.0,2263.0,,
TCGA-BP-5181,0.0,1495.0,0.0,1495.0,0.0,1495.0,,
TCGA-BP-5182,0.0,1165.0,0.0,1165.0,0.0,1165.0,,
TCGA-BP-5183,0.0,1291.0,1.0,485.0,0.0,1291.0,,
TCGA-BP-5184,0.0,1133.0,0.0,1133.0,0.0,1133.0,,
TCGA-BP-5185,0.0,1132.0,1.0,736.0,0.0,1132.0,,
TCGA-BP-5186,0.0,693.0,0.0,693.0,0.0,693.0,,
TCGA-BP-5187,0.0,406.0,0.0,406.0,0.0,406.0,,
TCGA-BP-5189,1.0,822.0,1.0,634.0,1.0,822.0,,
TCGA-BP-5190,0.0,1011.0,0.0,1011.0,0.0,1011.0,,
TCGA-BP-5191,0.0,967.0,0.0,967.0,0.0,967.0,,
TCGA-BP-5192,0.0,714.0,0.0,714.0,0.0,714.0,,
TCGA-BP-5194,0.0,408.0,0.0,408.0,0.0,408.0,,
TCGA-BP-5195,0.0,749.0,0.0,749.0,0.0,749.0,,
TCGA-BP-5196,0.0,1018.0,0.0,1018.0,0.0,1018.0,,
TCGA-BP-5198,0.0,603.0,0.0,603.0,0.0,603.0,,
TCGA-BP-5199,0.0,1355.0,0.0,1355.0,0.0,1355.0,,
TCGA-BP-5200,0.0,1063.0,0.0,1063.0,0.0,1063.0,,
TCGA-BP-5201,0.0,951.0,1.0,,0.0,951.0,,
TCGA-BP-5202,0.0,29.0,0.0,29.0,0.0,29.0,,
TCGA-CJ-4634,0.0,3498.0,0.0,3498.0,0.0,3498.0,0.0,3498.0
TCGA-CJ-4635,0.0,1416.0,0.0,1416.0,0.0,1416.0,,
TCGA-CJ-4636,0.0,1924.0,0.0,1924.0,0.0,1924.0,,
TCGA-CJ-4637,1.0,2227.0,1.0,1821.0,1.0,2227.0,,
TCGA-CJ-4638,1.0,431.0,1.0,70.0,1.0,431.0,,
TCGA-CJ-4639,0.0,3229.0,0.0,3229.0,0.0,3229.0,0.0,3229.0
TCGA-CJ-4640,0.0,3480.0,0.0,3480.0,0.0,3480.0,0.0,3480.0
TCGA-CJ-4641,1.0,1661.0,1.0,,1.0,1661.0,,
TCGA-CJ-4642,0.0,3205.0,0.0,3205.0,0.0,3205.0,0.0,3205.0
TCGA-CJ-4643,0.0,1793.0,0.0,1793.0,0.0,1793.0,,
TCGA-CJ-4644,1.0,336.0,1.0,93.0,1.0,336.0,,
TCGA-CJ-4868,1.0,646.0,1.0,37.0,1.0,646.0,,
TCGA-CJ-4869,0.0,2554.0,1.0,1754.0,0.0,2554.0,,
TCGA-CJ-4870,0.0,1498.0,0.0,1498.0,0.0,1498.0,,
TCGA-CJ-4871,0.0,2423.0,1.0,169.0,0.0,2423.0,,
TCGA-CJ-4872,0.0,1435.0,0.0,1435.0,0.0,1435.0,,
TCGA-CJ-4873,0.0,2259.0,0.0,2259.0,0.0,2259.0,,
TCGA-CJ-4874,0.0,2283.0,0.0,2283.0,0.0,2283.0,,
TCGA-CJ-4875,1.0,3554.0,1.0,531.0,1.0,3554.0,,
TCGA-CJ-4876,0.0,1955.0,0.0,1955.0,0.0,1955.0,,
TCGA-CJ-4878,0.0,2186.0,0.0,2186.0,0.0,2186.0,,
TCGA-CJ-4881,0.0,2014.0,1.0,1881.0,0.0,2014.0,,
TCGA-CJ-4882,0.0,1883.0,0.0,1883.0,0.0,1883.0,,
TCGA-CJ-4884,0.0,1759.0,0.0,1759.0,0.0,1759.0,,
TCGA-CJ-4885,0.0,3451.0,1.0,2041.0,0.0,3451.0,,
TCGA-CJ-4886,0.0,1952.0,0.0,1952.0,0.0,1952.0,,
TCGA-CJ-4887,1.0,932.0,1.0,322.0,1.0,932.0,,
TCGA-CJ-4888,1.0,1567.0,1.0,608.0,1.0,1567.0,,
TCGA-CJ-4889,0.0,1946.0,0.0,1946.0,0.0,1946.0,,
TCGA-CJ-4890,0.0,3519.0,1.0,70.0,0.0,3519.0,,
TCGA-CJ-4891,1.0,819.0,0.0,819.0,0.0,819.0,,
TCGA-CJ-4892,0.0,1521.0,0.0,1521.0,0.0,1521.0,,
TCGA-CJ-4893,0.0,750.0,0.0,750.0,0.0,750.0,,
TCGA-CJ-4894,1.0,841.0,1.0,158.0,1.0,841.0,,
TCGA-CJ-4895,1.0,1200.0,1.0,61.0,1.0,1200.0,,
TCGA-CJ-4897,0.0,3341.0,1.0,1423.0,0.0,3341.0,1.0,1423.0
TCGA-CJ-4899,0.0,1528.0,0.0,1528.0,0.0,1528.0,,
TCGA-CJ-4900,1.0,1714.0,1.0,1714.0,1.0,1714.0,,
TCGA-CJ-4901,0.0,1450.0,0.0,1450.0,0.0,1450.0,,
TCGA-CJ-4902,0.0,1520.0,0.0,1520.0,0.0,1520.0,,
TCGA-CJ-4903,0.0,1560.0,0.0,1560.0,0.0,1560.0,,
TCGA-CJ-4904,0.0,3302.0,1.0,278.0,0.0,3302.0,,
TCGA-CJ-4905,0.0,1496.0,0.0,1496.0,0.0,1496.0,,
TCGA-CJ-4907,0.0,1499.0,0.0,1499.0,0.0,1499.0,,
TCGA-CJ-4908,0.0,1531.0,0.0,1531.0,0.0,1531.0,,
TCGA-CJ-4912,0.0,1657.0,0.0,1657.0,0.0,1657.0,,
TCGA-CJ-4913,1.0,1173.0,1.0,538.0,1.0,1173.0,,
TCGA-CJ-4916,0.0,1373.0,0.0,1373.0,0.0,1373.0,,
TCGA-CJ-4918,1.0,93.0,1.0,33.0,1.0,93.0,,
TCGA-CJ-4920,1.0,139.0,0.0,139.0,0.0,139.0,,
TCGA-CJ-4923,1.0,572.0,1.0,25.0,1.0,572.0,,
TCGA-CJ-5671,0.0,3987.0,0.0,3987.0,0.0,3987.0,0.0,3987.0
TCGA-CJ-5672,1.0,2190.0,0.0,2190.0,0.0,2190.0,,
TCGA-CJ-5675,0.0,3936.0,1.0,900.0,0.0,3936.0,1.0,900.0
TCGA-CJ-5676,0.0,4067.0,1.0,2219.0,0.0,4067.0,1.0,2219.0
TCGA-CJ-5677,1.0,782.0,1.0,288.0,1.0,782.0,,
TCGA-CJ-5678,1.0,574.0,1.0,399.0,1.0,574.0,,
TCGA-CJ-5679,1.0,679.0,1.0,595.0,1.0,679.0,,
TCGA-CJ-5680,1.0,768.0,1.0,153.0,1.0,768.0,,
TCGA-CJ-5681,1.0,552.0,1.0,17.0,1.0,552.0,,
TCGA-CJ-5682,0.0,3736.0,1.0,55.0,0.0,3736.0,,
TCGA-CJ-5683,0.0,1889.0,0.0,1889.0,0.0,1889.0,,
TCGA-CJ-5684,0.0,2231.0,0.0,2231.0,0.0,2231.0,,
TCGA-CJ-5686,0.0,2038.0,0.0,2038.0,0.0,2038.0,,
TCGA-CJ-5689,1.0,1620.0,0.0,1620.0,0.0,1620.0,,
TCGA-CJ-6027,1.0,3615.0,0.0,3615.0,0.0,3615.0,0.0,3615.0
TCGA-CJ-6028,1.0,1625.0,1.0,137.0,1.0,1625.0,,
TCGA-CJ-6030,1.0,2299.0,0.0,2299.0,0.0,2299.0,,
TCGA-CJ-6031,0.0,1906.0,0.0,1906.0,0.0,1906.0,,
TCGA-CJ-6032,0.0,3639.0,0.0,3639.0,0.0,3639.0,0.0,3639.0
TCGA-CJ-6033,1.0,224.0,1.0,144.0,1.0,224.0,,
TCGA-CW-5580,1.0,1964.0,0.0,1964.0,,1964.0,,
TCGA-CW-5581,0.0,2799.0,0.0,2799.0,0.0,2799.0,,
TCGA-CW-5583,0.0,2489.0,0.0,2489.0,0.0,2489.0,,
TCGA-CW-5584,1.0,164.0,1.0,102.0,,164.0,,
TCGA-CW-5585,0.0,2609.0,0.0,2609.0,0.0,2609.0,,
TCGA-CW-5587,0.0,2226.0,1.0,2003.0,0.0,2226.0,,
TCGA-CW-5588,0.0,2017.0,0.0,2017.0,0.0,2017.0,,
TCGA-CW-5589,0.0,2378.0,0.0,2378.0,0.0,2378.0,,
TCGA-CW-5590,1.0,1075.0,1.0,672.0,,1075.0,,
TCGA-CW-5591,0.0,2271.0,0.0,2271.0,0.0,2271.0,,
TCGA-CW-6087,1.0,41.0,0.0,41.0,0.0,41.0,,
TCGA-CW-6088,0.0,3222.0,0.0,3222.0,0.0,3222.0,,
TCGA-CW-6090,0.0,2552.0,1.0,2780.0,0.0,2552.0,,
TCGA-CW-6093,0.0,3146.0,0.0,3146.0,0.0,3146.0,,
TCGA-CW-6096,0.0,2701.0,0.0,2701.0,0.0,2701.0,,
TCGA-CW-6097,1.0,571.0,1.0,457.0,1.0,571.0,,
TCGA-CZ-4853,0.0,774.0,0.0,774.0,0.0,774.0,,
TCGA-CZ-4854,1.0,1404.0,0.0,1404.0,0.0,1404.0,,
TCGA-CZ-4856,0.0,18.0,0.0,18.0,0.0,18.0,,
TCGA-CZ-4857,1.0,1432.0,1.0,188.0,1.0,1432.0,,
TCGA-CZ-4858,1.0,2105.0,1.0,597.0,1.0,2105.0,,
TCGA-CZ-4859,0.0,1787.0,0.0,1787.0,0.0,1787.0,,
TCGA-CZ-4860,1.0,206.0,1.0,206.0,1.0,206.0,,
TCGA-CZ-4861,1.0,446.0,1.0,446.0,1.0,446.0,,
TCGA-CZ-4862,0.0,3271.0,0.0,3271.0,0.0,3271.0,,
TCGA-CZ-4863,0.0,1928.0,0.0,1928.0,0.0,1928.0,,
TCGA-CZ-4864,1.0,2830.0,0.0,2830.0,0.0,2830.0,,
TCGA-CZ-4865,1.0,166.0,0.0,166.0,0.0,166.0,,
TCGA-CZ-4866,0.0,3267.0,0.0,3267.0,0.0,3267.0,,
TCGA-CZ-5451,0.0,1929.0,0.0,1929.0,0.0,1929.0,,
TCGA-CZ-5452,0.0,1789.0,0.0,1789.0,0.0,1789.0,,
TCGA-CZ-5453,1.0,2419.0,0.0,2419.0,,2419.0,,
TCGA-CZ-5454,1.0,722.0,1.0,423.0,1.0,722.0,,
TCGA-CZ-5455,1.0,561.0,1.0,561.0,1.0,561.0,,
TCGA-CZ-5456,0.0,2422.0,1.0,951.0,0.0,2422.0,,
TCGA-CZ-5457,0.0,2754.0,1.0,174.0,0.0,2754.0,,
TCGA-CZ-5458,0.0,2789.0,0.0,2789.0,0.0,2789.0,,
TCGA-CZ-5459,0.0,1683.0,0.0,1683.0,0.0,1683.0,,
TCGA-CZ-5460,0.0,2873.0,0.0,2873.0,0.0,2873.0,,
TCGA-CZ-5461,1.0,330.0,1.0,48.0,1.0,330.0,,
TCGA-CZ-5462,1.0,311.0,1.0,311.0,1.0,311.0,,
TCGA-CZ-5463,0.0,662.0,0.0,662.0,0.0,662.0,,
TCGA-CZ-5464,0.0,2128.0,0.0,2128.0,0.0,2128.0,,
TCGA-CZ-5465,1.0,2564.0,0.0,2564.0,0.0,2564.0,,
TCGA-CZ-5466,0.0,685.0,0.0,685.0,0.0,685.0,,
TCGA-CZ-5467,1.0,73.0,1.0,62.0,1.0,73.0,,
TCGA-CZ-5468,1.0,59.0,1.0,59.0,1.0,59.0,,
TCGA-CZ-5469,1.0,946.0,1.0,110.0,1.0,946.0,,
TCGA-CZ-5470,0.0,386.0,0.0,386.0,0.0,386.0,,
TCGA-CZ-5982,0.0,2439.0,0.0,2439.0,0.0,2439.0,,
TCGA-CZ-5984,0.0,2067.0,0.0,2067.0,0.0,2067.0,,
TCGA-CZ-5985,0.0,1997.0,0.0,1997.0,0.0,1997.0,,
TCGA-CZ-5986,0.0,373.0,0.0,373.0,0.0,373.0,,
TCGA-CZ-5987,1.0,445.0,1.0,377.0,1.0,445.0,,
TCGA-CZ-5988,0.0,693.0,0.0,693.0,0.0,693.0,,
TCGA-CZ-5989,0.0,1905.0,0.0,1905.0,0.0,1905.0,,
TCGA-DV-5565,0.0,1329.0,0.0,1329.0,0.0,1329.0,,
TCGA-DV-5566,0.0,1398.0,0.0,1398.0,0.0,1398.0,,
TCGA-DV-5567,0.0,2004.0,1.0,2004.0,0.0,2004.0,1.0,2004.0
TCGA-DV-5568,0.0,370.0,0.0,370.0,0.0,370.0,,
TCGA-DV-5569,0.0,355.0,0.0,355.0,0.0,355.0,,
TCGA-DV-5573,0.0,1130.0,0.0,1130.0,0.0,1130.0,,
TCGA-DV-5574,0.0,2016.0,1.0,357.0,0.0,2016.0,1.0,357.0
TCGA-DV-5575,0.0,1729.0,0.0,1729.0,0.0,1729.0,,
TCGA-DV-5576,1.0,727.0,1.0,727.0,1.0,727.0,,
TCGA-DV-A4VX,1.0,1626.0,1.0,1626.0,1.0,1626.0,,
TCGA-DV-A4VZ,0.0,365.0,0.0,365.0,0.0,365.0,0.0,365.0
TCGA-DV-A4W0,0.0,2470.0,1.0,2008.0,0.0,2470.0,,
TCGA-EU-5904,0.0,551.0,0.0,551.0,0.0,551.0,,
TCGA-EU-5905,0.0,119.0,0.0,119.0,0.0,119.0,,
TCGA-EU-5906,0.0,206.0,0.0,206.0,0.0,206.0,,
TCGA-EU-5907,0.0,127.0,0.0,127.0,0.0,127.0,,
TCGA-G6-A5PC,1.0,242.0,1.0,242.0,1.0,242.0,,
TCGA-G6-A8L6,1.0,313.0,1.0,304.0,1.0,313.0,,
TCGA-G6-A8L7,0.0,2133.0,0.0,2133.0,0.0,2133.0,0.0,2133.0
TCGA-G6-A8L8,1.0,1091.0,0.0,1091.0,0.0,1091.0,0.0,1091.0
TCGA-GK-A6C7,0.0,61.0,0.0,61.0,0.0,61.0,0.0,61.0
TCGA-MM-A563,0.0,591.0,0.0,591.0,0.0,591.0,0.0,591.0
TCGA-MM-A564,0.0,607.0,0.0,607.0,0.0,607.0,0.0,607.0
TCGA-MM-A84U,0.0,700.0,0.0,700.0,0.0,700.0,0.0,700.0
TCGA-MW-A4EC,0.0,498.0,0.0,498.0,0.0,498.0,0.0,498.0
TCGA-T7-A92I,0.0,356.0,0.0,356.0,0.0,356.0,0.0,356.0
