# source: TCGA-CDR.xlsx (Liu et al., Cell 2018), rows where type == STAD
# extracted: 2026-09-11 11:25 by extract_cdr.py
bcr_patient_barcode,OS,OS.time,PFI,PFI.time,DSS,DSS.time,DFI,DFI.time
TCGA-3M-AB46,0.0,1765.0,0.0,1765.0,0.0,1765.0,0.0,1765.0
TCGA-3M-AB47,1.0,,1.0,395.0,1.0,,,
TCGA-B7-5816,0.0,812.0,0.0,812.0,0.0,812.0,0.0,812.0
TCGA-B7-5818,0.0,356.0,0.0,356.0,0.0,356.0,,
TCGA-B7-A5TI,0.0,595.0,0.0,595.0,0.0,595.0,0.0,595.0
TCGA-B7-A5TJ,0.0,335.0,0.0,335.0,0.0,335.0,0.0,335.0
TCGA-B7-A5TK,0.0,288.0,0.0,288.0,0.0,288.0,0.0,288.0
TCGA-B7-A5TN,0.0,287.0,0.0,287.0,0.0,287.0,0.0,287.0
TCGA-BR-4183,1.0,201.0,0.0,201.0,,201.0,,
TCGA-BR-4184,1.0,212.0,0.0,212.0,,212.0,,
TCGA-BR-4187,1.0,141.0,0.0,141.0,,141.0,,
TCGA-BR-4188,1.0,226.0,0.0,226.0,,226.0,,
TCGA-BR-4191,1.0,558.0,0.0,558.0,,558.0,,
TCGA-BR-4201,1.0,940.0,0.0,940.0,,940.0,,
TCGA-BR-4253,1.0,124.0,0.0,124.0,,124.0,,
TCGA-BR-4255,1.0,124.0,0.0,124.0,,124.0,,
TCGA-BR-4256,1.0,284.0,0.0,284.0,,284.0,,
TCGA-BR-4257,1.0,294.0,0.0,294.0,,294.0,,
TCGA-BR-4267,1.0,188.0,0.0,188.0,,188.0,,
TCGA-BR-4279,1.0,291.0,0.0,291.0,,291.0,,
TCGA-BR-4280,1.0,201.0,0.0,201.0,,201.0,,
TCGA-BR-4292,0.0,0.0,0.0,0.0,0.0,0.0,,
TCGA-BR-4294,0.0,0.0,0.0,0.0,0.0,0.0,,
TCGA-BR-4357,0.0,0.0,0.0,0.0,0.0,0.0,,
TCGA-BR-4361,0.0,0.0,0.0,0.0,0.0,0.0,,
TCGA-BR-4362,0.0,0.0,0.0,0.0,0.0,0.0,,
TCGA-BR-4363,0.0,0.0,0.0,0.0,0.0,0.0,,
TCGA-BR-4366,0.0,0.0,0.0,0.0,0.0,0.0,,
TCGA-BR-4367,0.0,0.0,0.0,0.0,0.0,0.0,,
TCGA-BR-4368,0.0,0.0,0.0,0.0,0.0,0.0,,
TCGA-BR-4369,0.0,0.0,0.0,0.0,0.0,0.0,,
TCGA-BR-4370,0.0,0.0,0.0,0.0,0.0,0.0,,
TCGA-BR-4371,0.0,0.0,0.0,0.0,0.0,0.0,,
TCGA-BR-6452,0.0,1055.0,0.0,1055.0,0.0,1055.0,0.0,1055.0
TCGA-BR-6453,0.0,485.0,0.0,485.0,0.0,485.0,0.0,485.0
TCGA-BR-6454,0.0,0.0,0.0,0.0,0.0,0.0,,
TCGA-BR-6455,1.0,422.0,1.0,385.0,1.0,422.0,,
TCGA-BR-6456,1.0,526.0,0.0,526.0,0.0,526.0,0.0,526.0
TCGA-BR-6457,0.0,416.0,0.0,416.0,0.0,416.0,0.0,416.0
TCGA-BR-6458,1.0,588.0,1.0,574.0,1.0,588.0,1.0,574.0
TCGA-BR-6563,0.0,1190.0,1.0,148.0,0.0,1190.0,0.0,1190.0
TCGA-BR-6564,1.0,794.0,0.0,794.0,0.0,794.0,0.0,794.0
TCGA-BR-6565,1.0,279.0,1.0,279.0,1.0,279.0,,
TCGA-BR-6566,0.0,997.0,0.0,997.0,0.0,997.0,0.0,997.0
TCGA-BR-6705,1.0,779.0,1.0,779.0,1.0,779.0,,
TCGA-BR-6706,1.0,549.0,1.0,402.0,1.0,549.0,1.0,402.0
TCGA-BR-6707,0.0,491.0,1.0,426.0,0.0,491.0,1.0,426.0
TCGA-BR-6709,1.0,370.0,1.0,370.0,1.0,370.0,,
TCGA-BR-6710,0.0,273.0,0.0,273.0,0.0,273.0,0.0,273.0
TCGA-BR-6801,0.0,1223.0,0.0,1223.0,0.0,1223.0,0.0,1223.0
TCGA-BR-6802,0.0,940.0,1.0,807.0,0.0,940.0,1.0,807.0
TCGA-BR-6803,0.0,949.0,0.0,949.0,0.0,949.0,0.0,949.0
TCGA-BR-6852,0.0,1367.0,0.0,1367.0,0.0,1367.0,0.0,1367.0
TCGA-BR-7196,0.0,666.0,1.0,348.0,0.0,666.0,,
TCGA-BR-7197,0.0,280.0,0.0,280.0,0.0,280.0,0.0,280.0
TCGA-BR-7703,0.0,1100.0,0.0,1100.0,0.0,1100.0,0.0,1100.0
TCGA-BR-7704,0.0,1072.0,0.0,1072.0,0.0,1072.0,0.0,1072.0
TCGA-BR-7707,0.0,1090.0,0.0,1090.0,0.0,1090.0,0.0,1090.0
TCGA-BR-7715,0.0,1023.0,0.0,1023.0,0.0,1023.0,0.0,1023.0
TCGA-BR-7716,0.0,1210.0,0.0,1210.0,0.0,1210.0,0.0,1210.0
TCGA-BR-7717,1.0,552.0,0.0,552.0,0.0,552.0,,
TCGA-BR-7722,1.0,466.0,0.0,466.0,0.0,466.0,0.0,466.0
TCGA-BR-7723,1.0,874.0,1.0,559.0,1.0,874.0,1.0,559.0
TCGA-BR-7851,1.0,,0.0,,0.0,,0.0,
TCGA-BR-7901,1.0,105.0,1.0,91.0,0.0,105.0,1.0,91.0
TCGA-BR-7957,1.0,276.0,0.0,276.0,0.0,276.0,,
TCGA-BR-7958,0.0,899.0,0.0,899.0,0.0,899.0,0.0,899.0
TCGA-BR-7959,0.0,1010.0,0.0,1010.0,0.0,1010.0,0.0,1010.0
TCGA-BR-8058,0.0,1133.0,1.0,89.0,0.0,1133.0,0.0,1133.0
TCGA-BR-8059,1.0,439.0,0.0,439.0,0.0,439.0,0.0,439.0
TCGA-BR-8060,1.0,348.0,0.0,348.0,0.0,348.0,0.0,348.0
TCGA-BR-8077,0.0,21.0,0.0,21.0,0.0,21.0,0.0,21.0
TCGA-BR-8078,0.0,900.0,0.0,900.0,0.0,900.0,0.0,900.0
TCGA-BR-8080,1.0,292.0,0.0,292.0,0.0,292.0,0.0,292.0
TCGA-BR-8081,0.0,981.0,0.0,981.0,0.0,981.0,0.0,981.0
TCGA-BR-8284,1.0,245.0,0.0,245.0,0.0,245.0,0.0,245.0
TCGA-BR-8285,1.0,17.0,0.0,17.0,0.0,17.0,0.0,17.0
TCGA-BR-8286,0.0,895.0,0.0,895.0,0.0,895.0,0.0,895.0
TCGA-BR-8289,1.0,81.0,0.0,81.0,0.0,81.0,,
TCGA-BR-8291,1.0,607.0,0.0,607.0,0.0,607.0,0.0,607.0
TCGA-BR-8295,1.0,67.0,1.0,67.0,1.0,67.0,,
TCGA-BR-8296,1.0,474.0,1.0,390.0,1.0,474.0,,
TCGA-BR-8297,0.0,225.0,0.0,225.0,0.0,225.0,,
TCGA-BR-8360,0.0,188.0,0.0,188.0,0.0,188.0,0.0,188.0
TCGA-BR-8361,0.0,946.0,0.0,946.0,0.0,946.0,0.0,946.0
TCGA-BR-8362,1.0,398.0,1.0,356.0,1.0,398.0,1.0,356.0
TCGA-BR-8363,1.0,8.0,0.0,8.0,0.0,8.0,0.0,8.0
TCGA-BR-8364,0.0,675.0,0.0,675.0,0.0,675.0,0.0,675.0
TCGA-BR-8365,1.0,533.0,1.0,533.0,1.0,533.0,,
TCGA-BR-8366,0.0,29.0,0.0,29.0,0.0,29.0,0.0,29.0
TCGA-BR-8367,1.0,801.0,1.0,580.0,1.0,801.0,1.0,580.0
TCGA-BR-8368,0.0,131.0,0.0,131.0,0.0,131.0,0.0,131.0
TCGA-BR-8369,0.0,427.0,1.0,419.0,0.0,427.0,1.0,419.0
TCGA-BR-8370,0.0,101.0,0.0,101.0,0.0,101.0,0.0,101.0
TCGA-BR-8371,1.0,359.0,1.0,357.0,1.0,359.0,,
TCGA-BR-8372,0.0,951.0,0.0,951.0,0.0,951.0,0.0,951.0
TCGA-BR-8373,0.0,450.0,0.0,450.0,0.0,450.0,0.0,450.0
TCGA-BR-8380,0.0,21.0,1.0,467.0,0.0,21.0,1.0,467.0
TCGA-BR-8381,0.0,224.0,0.0,224.0,0.0,224.0,0.0,224.0
TCGA-BR-8382,1.0,762.0,0.0,762.0,0.0,762.0,0.0,762.0
TCGA-BR-8384,0.0,113.0,0.0,113.0,0.0,113.0,0.0,113.0
TCGA-BR-8483,0.0,164.0,0.0,164.0,0.0,164.0,,
TCGA-BR-8484,1.0,766.0,0.0,766.0,0.0,766.0,0.0,766.0
TCGA-BR-8485,0.0,280.0,0.0,280.0,0.0,280.0,0.0,280.0
TCGA-BR-8486,0.0,615.0,0.0,615.0,0.0,615.0,0.0,615.0
TCGA-BR-8487,0.0,34.0,0.0,34.0,0.0,34.0,0.0,34.0
TCGA-BR-8588,0.0,389.0,0.0,389.0,0.0,389.0,0.0,389.0
TCGA-BR-8589,0.0,825.0,0.0,825.0,0.0,825.0,0.0,825.0
TCGA-BR-8590,1.0,284.0,1.0,223.0,1.0,284.0,1.0,223.0
TCGA-BR-8591,0.0,856.0,0.0,856.0,0.0,856.0,0.0,856.0
TCGA-BR-8592,1.0,191.0,0.0,191.0,0.0,191.0,0.0,191.0
TCGA-BR-8676,0.0,229.0,0.0,229.0,0.0,229.0,0.0,229.0
TCGA-BR-8677,0.0,813.0,0.0,813.0,0.0,813.0,0.0,813.0
TCGA-BR-8678,0.0,754.0,0.0,754.0,0.0,754.0,0.0,754.0
TCGA-BR-8679,0.0,0.0,0.0,0.0,0.0,0.0,0.0,0.0
TCGA-BR-8680,0.0,972.0,0.0,972.0,0.0,972.0,,
TCGA-BR-8682,0.0,991.0,0.0,991.0,0.0,991.0,0.0,991.0
TCGA-BR-8683,1.0,300.0,0.0,300.0,0.0,300.0,0.0,300.0
TCGA-BR-8686,1.0,635.0,0.0,635.0,0.0,635.0,0.0,635.0
TCGA-BR-8687,1.0,250.0,1.0,250.0,1.0,250.0,,
TCGA-BR-8690,0.0,325.0,0.0,325.0,0.0,325.0,0.0,325.0
TCGA-BR-A44T,0.0,1038.0,1.0,682.0,0.0,1038.0,1.0,682.0
TCGA-BR-A44U,1.0,422.0,0.0,422.0,0.0,422.0,0.0,422.0
TCGA-BR-A452,1.0,229.0,0.0,229.0,0.0,229.0,0.0,229.0
TCGA-BR-A453,1.0,185.0,0.0,185.0,0.0,185.0,,
TCGA-BR-A4CQ,0.0,1064.0,1.0,962.0,0.0,1064.0,1.0,962.0
TCGA-BR-A4CR,0.0,0.0,0.0,0.0,0.0,0.0,0.0,0.0
TCGA-BR-A4CS,1.0,45.0,0.0,45.0,0.0,45.0,0.0,45.0
TCGA-BR-A4IU,0.0,838.0,0.0,838.0,0.0,838.0,0.0,838.0
TCGA-BR-A4IV,1.0,869.0,1.0,737.0,1.0,869.0,1.0,737.0
TCGA-BR-A4IY,0.0,392.0,0.0,392.0,0.0,392.0,0.0,392.0
TCGA-BR-A4IZ,1.0,273.0,0.0,273.0,0.0,273.0,,
TCGA-BR-A4J1,1.0,22.0,0.0,22.0,,22.0,,
TCGA-BR-A4J2,0.0,431.0,0.0,431.0,0.0,431.0,0.0,431.0
TCGA-BR-A4J4,0.0,16.0,0.0,16.0,0.0,16.0,,
TCGA-BR-A4J5,0.0,862.0,0.0,862.0,0.0,862.0,0.0,862.0
TCGA-BR-A4J6,0.0,20.0,0.0,20.0,0.0,20.0,0.0,20.0
TCGA-BR-A4J7,0.0,989.0,0.0,989.0,0.0,989.0,0.0,989.0
TCGA-BR-A4J8,0.0,411.0,0.0,411.0,0.0,411.0,0.0,411.0
TCGA-BR-A4J9,0.0,14.0,0.0,14.0,0.0,14.0,0.0,14.0
TCGA-BR-A4PD,0.0,628.0,0.0,628.0,0.0,628.0,0.0,628.0
TCGA-BR-A4PE,0.0,621.0,0.0,621.0,0.0,621.0,0.0,621.0
TCGA-BR-A4PF,0.0,35.0,0.0,35.0,0.0,35.0,0.0,35.0
TCGA-BR-A4QI,1.0,652.0,1.0,383.0,1.0,652.0,1.0,383.0
TCGA-BR-A4QL,1.0,491.0,0.0,491.0,0.0,491.0,0.0,491.0
TCGA-BR-A4QM,0.0,156.0,1.0,127.0,0.0,156.0,1.0,127.0
TCGA-CD-5798,0.0,408.0,0.0,408.0,0.0,408.0,0.0,408.0
TCGA-CD-5799,0.0,396.0,0.0,396.0,0.0,396.0,0.0,396.0
TCGA-CD-5800,0.0,400.0,0.0,400.0,0.0,400.0,0.0,400.0
TCGA-CD-5801,1.0,401.0,1.0,401.0,1.0,401.0,,
TCGA-CD-5802,0.0,406.0,0.0,406.0,0.0,406.0,0.0,406.0
TCGA-CD-5803,1.0,341.0,1.0,300.0,1.0,341.0,,
TCGA-CD-5804,0.0,368.0,0.0,368.0,0.0,368.0,0.0,368.0
TCGA-CD-5813,1.0,377.0,1.0,315.0,1.0,377.0,1.0,315.0
TCGA-CD-8524,0.0,388.0,1.0,69.0,0.0,388.0,1.0,69.0
TCGA-CD-8525,0.0,383.0,0.0,383.0,0.0,383.0,0.0,383.0
TCGA-CD-8526,0.0,381.0,0.0,381.0,0.0,381.0,0.0,381.0
TCGA-CD-8527,1.0,218.0,1.0,159.0,1.0,218.0,1.0,159.0
TCGA-CD-8528,0.0,375.0,0.0,375.0,0.0,375.0,0.0,375.0
TCGA-CD-8529,0.0,374.0,0.0,374.0,0.0,374.0,,
TCGA-CD-8530,0.0,377.0,0.0,377.0,0.0,377.0,0.0,377.0
TCGA-CD-8531,0.0,383.0,0.0,383.0,0.0,383.0,0.0,383.0
TCGA-CD-8532,1.0,354.0,1.0,282.0,1.0,354.0,1.0,282.0
TCGA-CD-8533,0.0,468.0,1.0,226.0,0.0,468.0,1.0,226.0
TCGA-CD-8534,0.0,367.0,1.0,201.0,0.0,367.0,,
TCGA-CD-8535,0.0,390.0,0.0,390.0,0.0,390.0,0.0,390.0
TCGA-CD-8536,0.0,378.0,0.0,378.0,0.0,378.0,0.0,378.0
TCGA-CD-A486,1.0,192.0,1.0,79.0,1.0,192.0,1.0,79.0
TCGA-CD-A487,0.0,374.0,0.0,374.0,0.0,374.0,0.0,374.0
TCGA-CD-A489,1.0,344.0,1.0,277.0,1.0,344.0,1.0,277.0
TCGA-CD-A48A,0.0,378.0,0.0,378.0,0.0,378.0,0.0,378.0
TCGA-CD-A48C,1.0,353.0,1.0,230.0,1.0,353.0,1.0,230.0
TCGA-CD-A4MG,1.0,200.0,1.0,74.0,1.0,200.0,1.0,74.0
TCGA-CD-A4MH,0.0,371.0,0.0,371.0,0.0,371.0,0.0,371.0
TCGA-CD-A4MI,1.0,358.0,1.0,271.0,1.0,358.0,1.0,271.0
TCGA-CD-A4MJ,0.0,384.0,1.0,69.0,0.0,384.0,1.0,69.0
TCGA-CG-4300,1.0,609.0,0.0,609.0,,609.0,,
TCGA-CG-4301,0.0,92.0,0.0,92.0,0.0,92.0,,
TCGA-CG-4304,0.0,,0.0,,0.0,,,
TCGA-CG-4305,0.0,485.0,1.0,457.0,0.0,485.0,,
TCGA-CG-4306,1.0,31.0,0.0,31.0,,31.0,,
TCGA-CG-4436,0.0,243.0,0.0,243.0,0.0,243.0,0.0,243.0
TCGA-CG-4437,0.0,245.0,0.0,245.0,0.0,245.0,0.0,245.0
TCGA-CG-4438,0.0,1645.0,0.0,1645.0,0.0,1645.0,,
TCGA-CG-4440,1.0,122.0,0.0,122.0,,122.0,,
TCGA-CG-4441,1.0,426.0,0.0,426.0,,426.0,,
TCGA-CG-4442,0.0,0.0,0.0,0.0,0.0,0.0,,
TCGA-CG-4443,0.0,912.0,0.0,912.0,0.0,912.0,,
TCGA-CG-4444,0.0,1431.0,0.0,1431.0,0.0,1431.0,0.0,1431.0
TCGA-CG-4449,0.0,580.0,1.0,336.0,0.0,580.0,,
TCGA-CG-4455,0.0,366.0,0.0,366.0,0.0,366.0,0.0,366.0
TCGA-CG-4460,1.0,669.0,1.0,487.0,1.0,669.0,,
TCGA-CG-4462,1.0,0.0,1.0,0.0,1.0,0.0,,
TCGA-CG-4465,1.0,274.0,0.0,274.0,,274.0,,
TCGA-CG-4466,0.0,577.0,0.0,577.0,0.0,577.0,0.0,577.0
TCGA-CG-4469,1.0,215.0,0.0,215.0,,215.0,,
TCGA-CG-4472,0.0,365.0,1.0,122.0,0.0,365.0,,
TCGA-CG-4474,0.0,0.0,0.0,0.0,0.0,0.0,,
TCGA-CG-4475,0.0,699.0,0.0,699.0,0.0,699.0,,
TCGA-CG-4476,0.0,0.0,0.0,0.0,0.0,0.0,,
TCGA-CG-4477,0.0,942.0,1.0,365.0,0.0,942.0,,
TCGA-CG-5716,0.0,0.0,0.0,0.0,0.0,0.0,,
TCGA-CG-5717,1.0,212.0,1.0,120.0,1.0,212.0,,
TCGA-CG-5718,1.0,1095.0,0.0,1095.0,0.0,1095.0,,
TCGA-CG-5719,0.0,31.0,0.0,31.0,0.0,31.0,,
TCGA-CG-5720,1.0,30.0,0.0,30.0,0.0,30.0,,
TCGA-CG-5721,0.0,183.0,0.0,183.0,0.0,183.0,,
TCGA-CG-5722,0.0,30.0,0.0,30.0,0.0,30.0,,
TCGA-CG-5723,0.0,3196.0,0.0,3196.0,0.0,3196.0,,
TCGA-CG-5724,1.0,366.0,1.0,122.0,1.0,366.0,,
TCGA-CG-5725,1.0,457.0,1.0,153.0,1.0,457.0,,
TCGA-CG-5726,1.0,881.0,0.0,881.0,0.0,881.0,,
TCGA-CG-5727,0.0,2405.0,0.0,2405.0,0.0,2405.0,0.0,2405.0
TCGA-CG-5728,0.0,1980.0,0.0,1980.0,0.0,1980.0,,
TCGA-CG-5730,0.0,122.0,0.0,122.0,0.0,122.0,,
TCGA-CG-5732,1.0,2100.0,1.0,1949.0,1.0,2100.0,,
TCGA-CG-5733,1.0,641.0,1.0,427.0,1.0,641.0,,
TCGA-CG-5734,1.0,243.0,0.0,243.0,,243.0,,
TCGA-D7-5577,1.0,782.0,1.0,376.0,1.0,782.0,,
TCGA-D7-5578,0.0,385.0,0.0,385.0,0.0,385.0,,
TCGA-D7-5579,0.0,636.0,0.0,636.0,0.0,636.0,0.0,636.0
TCGA-D7-6518,0.0,582.0,0.0,582.0,0.0,582.0,0.0,582.0
TCGA-D7-6519,0.0,625.0,1.0,429.0,0.0,625.0,,
TCGA-D7-6520,0.0,573.0,1.0,46.0,0.0,573.0,,
TCGA-D7-6521,0.0,564.0,1.0,192.0,0.0,564.0,,
TCGA-D7-6522,0.0,566.0,0.0,566.0,0.0,566.0,0.0,566.0
TCGA-D7-6524,0.0,543.0,1.0,543.0,0.0,543.0,,
TCGA-D7-6525,1.0,406.0,1.0,171.0,1.0,406.0,,
TCGA-D7-6526,0.0,523.0,0.0,523.0,0.0,523.0,0.0,523.0
TCGA-D7-6527,1.0,312.0,1.0,75.0,1.0,312.0,,
TCGA-D7-6528,0.0,463.0,0.0,463.0,0.0,463.0,0.0,463.0
TCGA-D7-6815,0.0,486.0,0.0,486.0,0.0,486.0,0.0,486.0
TCGA-D7-6817,0.0,389.0,0.0,389.0,0.0,389.0,,
TCGA-D7-6818,1.0,376.0,1.0,247.0,1.0,376.0,,
TCGA-D7-6820,0.0,344.0,0.0,344.0,0.0,344.0,0.0,344.0
TCGA-D7-6822,0.0,375.0,0.0,375.0,0.0,375.0,0.0,375.0
TCGA-D7-8570,0.0,752.0,0.0,752.0,0.0,752.0,0.0,752.0
TCGA-D7-8572,0.0,511.0,0.0,511.0,0.0,511.0,0.0,511.0
TCGA-D7-8573,0.0,593.0,0.0,593.0,0.0,593.0,0.0,593.0
TCGA-D7-8574,0.0,523.0,0.0,523.0,0.0,523.0,0.0,523.0
TCGA-D7-8575,1.0,554.0,1.0,427.0,1.0,554.0,1.0,427.0
TCGA-D7-8576,1.0,446.0,1.0,204.0,1.0,446.0,1.0,204.0
TCGA-D7-8578,0.0,643.0,1.0,451.0,0.0,643.0,1.0,451.0
TCGA-D7-8579,0.0,636.0,0.0,636.0,0.0,636.0,0.0,636.0
TCGA-D7-A4YT,0.0,434.0,0.0,434.0,0.0,434.0,0.0,434.0
TCGA-D7-A4YU,0.0,500.0,0.0,500.0,0.0,500.0,,
TCGA-D7-A4YV,1.0,180.0,0.0,180.0,0.0,180.0,0.0,180.0
TCGA-D7-A4YX,0.0,1108.0,0.0,1108.0,0.0,1108.0,0.0,1108.0
TCGA-D7-A4YY,0.0,419.0,0.0,419.0,0.0,419.0,,
TCGA-D7-A4Z0,0.0,449.0,0.0,449.0,0.0,449.0,0.0,449.0
TCGA-D7-A6ET,0.0,804.0,1.0,777.0,0.0,804.0,1.0,777.0
TCGA-D7-A6EV,0.0,342.0,0.0,342.0,0.0,342.0,0.0,342.0
TCGA-D7-A6EX,0.0,344.0,0.0,344.0,0.0,344.0,0.0,344.0
TCGA-D7-A6EY,1.0,348.0,1.0,348.0,1.0,348.0,,
TCGA-D7-A6EZ,1.0,618.0,1.0,618.0,1.0,618.0,,
TCGA-D7-A6F0,0.0,678.0,0.0,678.0,0.0,678.0,0.0,678.0
TCGA-D7-A6F2,0.0,476.0,0.0,476.0,0.0,476.0,0.0,476.0
TCGA-D7-A747,1.0,255.0,1.0,255.0,1.0,255.0,,
TCGA-D7-A748,1.0,132.0,1.0,99.0,1.0,132.0,,
TCGA-D7-A74A,0.0,607.0,0.0,607.0,0.0,607.0,0.0,607.0
TCGA-D7-A74B,1.0,217.0,1.0,174.0,1.0,217.0,,
TCGA-EQ-5647,1.0,19.0,1.0,19.0,1.0,19.0,,
TCGA-EQ-8122,1.0,243.0,0.0,243.0,,243.0,,
TCGA-EQ-A4SO,0.0,494.0,0.0,494.0,0.0,494.0,0.0,494.0
TCGA-F1-6177,0.0,200.0,0.0,200.0,0.0,200.0,0.0,200.0
TCGA-F1-6874,0.0,440.0,0.0,440.0,0.0,440.0,0.0,440.0
TCGA-F1-6875,1.0,2197.0,0.0,2197.0,0.0,2197.0,0.0,2197.0
TCGA-F1-A448,0.0,647.0,0.0,647.0,0.0,647.0,0.0,647.0
TCGA-F1-A72C,0.0,346.0,1.0,343.0,0.0,346.0,1.0,343.0
TCGA-FP-7735,1.0,106.0,0.0,106.0,0.0,106.0,0.0,106.0
TCGA-FP-7829,0.0,594.0,0.0,594.0,0.0,594.0,0.0,594.0
TCGA-FP-7916,1.0,428.0,1.0,428.0,1.0,428.0,,
TCGA-FP-7998,0.0,678.0,0.0,678.0,0.0,678.0,0.0,678.0
TCGA-FP-8099,0.0,519.0,0.0,519.0,0.0,519.0,0.0,519.0
TCGA-FP-8209,1.0,1811.0,1.0,1676.0,1.0,1811.0,1.0,1676.0
TCGA-FP-8210,1.0,153.0,1.0,153.0,1.0,153.0,,
TCGA-FP-8211,0.0,413.0,0.0,413.0,0.0,413.0,0.0,413.0
TCGA-FP-8631,0.0,17.0,0.0,17.0,0.0,17.0,,
TCGA-FP-A4BE,0.0,337.0,0.0,337.0,0.0,337.0,0.0,337.0
TCGA-FP-A4BF,1.0,168.0,1.0,159.0,1.0,168.0,,
TCGA-FP-A8CX,0.0,7.0,0.0,7.0,0.0,7.0,,
TCGA-FP-A9TM,0.0,189.0,0.0,189.0,0.0,189.0,0.0,189.0
TCGA-HF-7131,0.0,,0.0,,0.0,,0.0,
TCGA-HF-7132,0.0,2351.0,0.0,2351.0,0.0,2351.0,0.0,2351.0
TCGA-HF-7133,0.0,1918.0,0.0,1918.0,0.0,1918.0,,
TCGA-HF-7134,0.0,1588.0,0.0,1588.0,0.0,1588.0,0.0,1588.0
TCGA-HF-7136,0.0,,0.0,,0.0,,,
TCGA-HF-A5NB,0.0,928.0,0.0,928.0,0.0,928.0,0.0,928.0
TCGA-HJ-7597,1.0,805.0,1.0,231.0,1.0,805.0,1.0,231.0
TCGA-HU-8238,0.0,46.0,0.0,46.0,0.0,46.0,0.0,46.0
TCGA-HU-8243,1.0,180.0,1.0,132.0,1.0,180.0,,
TCGA-HU-8244,0.0,742.0,0.0,742.0,0.0,742.0,0.0,742.0
TCGA-HU-8245,0.0,552.0,0.0,552.0,0.0,552.0,0.0,552.0
TCGA-HU-8249,0.0,881.0,0.0,881.0,0.0,881.0,0.0,881.0
TCGA-HU-8602,0.0,679.0,0.0,679.0,0.0,679.0,0.0,679.0
TCGA-HU-8604,0.0,694.0,0.0,694.0,0.0,694.0,0.0,694.0
TCGA-HU-8608,0.0,641.0,1.0,277.0,0.0,641.0,1.0,277.0
TCGA-HU-8610,0.0,23.0,0.0,23.0,0.0,23.0,,
TCGA-HU-A4G2,0.0,739.0,0.0,739.0,0.0,739.0,0.0,739.0
TCGA-HU-A4G3,0.0,170.0,0.0,170.0,0.0,170.0,,
TCGA-HU-A4G6,0.0,738.0,0.0,738.0,0.0,738.0,0.0,738.0
TCGA-HU-A4G8,0.0,690.0,0.0,690.0,0.0,690.0,0.0,690.0
TCGA-HU-A4G9,0.0,736.0,0.0,736.0,0.0,736.0,,
TCGA-HU-A4GC,0.0,99.0,0.0,99.0,0.0,99.0,,
TCGA-HU-A4GD,0.0,692.0,1.0,399.0,0.0,692.0,,
TCGA-HU-A4GF,0.0,785.0,0.0,785.0,0.0,785.0,0.0,785.0
TCGA-HU-A4GH,0.0,358.0,0.0,358.0,0.0,358.0,0.0,358.0
TCGA-HU-A4GJ,0.0,650.0,1.0,547.0,0.0,650.0,,
TCGA-HU-A4GN,0.0,912.0,1.0,168.0,0.0,912.0,1.0,168.0
TCGA-HU-A4GP,0.0,273.0,0.0,273.0,0.0,273.0,0.0,273.0
TCGA-HU-A4GQ,1.0,3.0,0.0,3.0,1.0,3.0,0.0,3.0
TCGA-HU-A4GT,0.0,198.0,0.0,198.0,0.0,198.0,0.0,198.0
TCGA-HU-A4GU,0.0,200.0,0.0,200.0,0.0,200.0,0.0,200.0
TCGA-HU-A4GX,0.0,616.0,0.0,616.0,0.0,616.0,0.0,616.0
TCGA-HU-A4GY,0.0,8.0,0.0,8.0,0.0,8.0,,
TCGA-HU-A4H0,0.0,64.0,0.0,64.0,0.0,64.0,0.0,64.0
TCGA-HU-A4H2,0.0,394.0,0.0,394.0,0.0,394.0,0.0,394.0
TCGA-HU-A4H3,0.0,882.0,1.0,410.0,0.0,882.0,,
TCGA-HU-A4H4,0.0,725.0,0.0,725.0,0.0,725.0,0.0,725.0
TCGA-HU-A4H5,0.0,724.0,0.0,724.0,0.0,724.0,0.0,724.0
TCGA-HU-A4H6,0.0,644.0,0.0,644.0,0.0,644.0,0.0,644.0
TCGA-HU-A4H8,0.0,428.0,1.0,354.0,,428.0,1.0,354.0
TCGA-HU-A4HB,1.0,477.0,1.0,390.0,1.0,477.0,1.0,390.0
TCGA-HU-A4HD,0.0,1016.0,0.0,1016.0,0.0,1016.0,,
TCGA-IN-7806,0.0,1106.0,0.0,1106.0,0.0,1106.0,0.0,1106.0
TCGA-IN-7808,1.0,105.0,1.0,105.0,1.0,105.0,,
TCGA-IN-8462,0.0,572.0,1.0,270.0,0.0,572.0,,
TCGA-IN-8663,1.0,103.0,0.0,103.0,0.0,103.0,,
TCGA-IN-A6RI,0.0,559.0,0.0,559.0,0.0,559.0,0.0,559.0
TCGA-IN-A6RJ,0.0,379.0,0.0,379.0,0.0,379.0,0.0,379.0
TCGA-IN-A6RL,1.0,406.0,1.0,307.0,1.0,406.0,1.0,307.0
TCGA-IN-A6RN,0.0,594.0,0.0,594.0,0.0,594.0,0.0,594.0
TCGA-IN-A6RO,1.0,,1.0,154.0,1.0,,,
TCGA-IN-A6RP,0.0,196.0,1.0,150.0,0.0,196.0,,
TCGA-IN-A6RR,1.0,205.0,0.0,205.0,0.0,205.0,,
TCGA-IN-A6RS,0.0,383.0,0.0,383.0,0.0,383.0,0.0,383.0
TCGA-IN-A7NR,0.0,198.0,0.0,198.0,0.0,198.0,,
TCGA-IN-A7NT,0.0,323.0,0.0,323.0,0.0,323.0,0.0,323.0
TCGA-IN-A7NU,0.0,356.0,1.0,337.0,0.0,356.0,,
TCGA-IN-AB1V,0.0,479.0,0.0,479.0,0.0,479.0,0.0,479.0
TCGA-IN-AB1X,0.0,411.0,0.0,411.0,0.0,411.0,0.0,411.0
TCGA-IP-7968,0.0,77.0,0.0,77.0,0.0,77.0,,
TCGA-KB-A6F5,0.0,169.0,0.0,169.0,0.0,169.0,0.0,169.0
TCGA-KB-A6F7,0.0,1935.0,0.0,1935.0,0.0,1935.0,0.0,1935.0
TCGA-KB-A93G,0.0,613.0,0.0,613.0,0.0,613.0,0.0,613.0
TCGA-KB-A93H,0.0,1145.0,0.0,1145.0,0.0,1145.0,0.0,1145.0
TCGA-KB-A93J,0.0,1124.0,0.0,1124.0,0.0,1124.0,0.0,1124.0
TCGA-MX-A5UG,1.0,113.0,0.0,113.0,1.0,113.0,,
TCGA-MX-A5UJ,0.0,600.0,0.0,600.0,0.0,600.0,0.0,600.0
TCGA-MX-A663,1.0,300.0,1.0,218.0,1.0,300.0,1.0,218.0
TCGA-MX-A666,0.0,427.0,0.0,427.0,0.0,427.0,,
TCGA-R5-A7O7,0.0,1389.0,0.0,1389.0,0.0,1389.0,,
TCGA-R5-A7ZE,1.0,554.0,1.0,554.0,1.0,554.0,,
TCGA-R5-A7ZF,1.0,259.0,1.0,259.0,1.0,259.0,,
TCGA-R5-A7ZI,0.0,2267.0,0.0,2267.0,0.0,2267.0,,
TCGA-R5-A7ZR,1.0,185.0,1.0,185.0,1.0,185.0,,
TCGA-R5-A804,1.0,140.0,1.0,140.0,1.0,140.0,,
TCGA-R5-A805,1.0,281.0,1.0,281.0,1.0,281.0,,
TCGA-RD-A7BS,1.0,336.0,1.0,244.0,1.0,336.0,1.0,244.0
TCGA-RD-A7BT,1.0,262.0,1.0,123.0,1.0,262.0,,
TCGA-RD-A7BW,1.0,156.0,0.0,156.0,0.0,156.0,0.0,156.0
TCGA-RD-A7C1,1.0,507.0,1.0,438.0,1.0,507.0,1.0,438.0
TCGA-RD-A8MV,0.0,3720.0,0.0,3720.0,0.0,3720.0,0.0,3720.0
TCGA-RD-A8MW,1.0,1153.0,1.0,98.0,1.0,1153.0,1.0,98.0
TCGA-RD-A8N0,0.0,1236.0,0.0,1236.0,0.0,1236.0,0.0,1236.0
TCGA-RD-A8N1,0.0,3519.0,0.0,3519.0,0.0,3519.0,0.0,3519.0
TCGA-RD-A8N2,0.0,3540.0,0.0,3540.0,0.0,3540.0,0.0,3540.0
TCGA-RD-A8N4,0.0,2171.0,0.0,2171.0,0.0,2171.0,0.0,2171.0
TCGA-RD-A8N5,1.0,1747.0,0.0,1747.0,0.0,1747.0,0.0,1747.0
TCGA-RD-A8N6,1.0,272.0,1.0,163.0,1.0,272.0,1.0,163.0
TCGA-RD-A8N9,0.0,1083.0,0.0,1083.0,0.0,1083.0,0.0,1083.0
TCGA-RD-A8NB,1.0,513.0,1.0,230.0,1.0,513.0,,
TCGA-SW-A7EA,0.0,579.0,0.0,579.0,0.0,579.0,0.0,579.0
TCGA-SW-A7EB,0.0,176.0,0.0,176.0,0.0,176.0,,
TCGA-VQ-A8DL,1.0,28.0,0.0,28.0,0.0,28.0,0.0,28.0
TCGA-VQ-A8DT,0.0,1484.0,1.0,1376.0,0.0,1484.0,1.0,1376.0
TCGA-VQ-A8DU,1.0,166.0,1.0,158.0,1.0,166.0,,
TCGA-VQ-A8DV,1.0,403.0,1.0,288.0,1.0,403.0,,
TCGA-VQ-A8DZ,1.0,396.0,1.0,396.0,1.0,396.0,,
TCGA-VQ-A8E0,1.0,562.0,1.0,531.0,1.0,562.0,,
TCGA-VQ-A8E2,0.0,1319.0,0.0,1319.0,0.0,1319.0,0.0,1319.0
TCGA-VQ-A8E3,1.0,661.0,1.0,538.0,,661.0,,
TCGA-VQ-A8E7,0.0,1138.0,1.0,1048.0,0.0,1138.0,,
TCGA-VQ-A8P2,0.0,1160.0,0.0,1160.0,0.0,1160.0,0.0,1160.0
TCGA-VQ-A8P3,0.0,1132.0,0.0,1132.0,0.0,1132.0,0.0,1132.0
TCGA-VQ-A8P5,1.0,235.0,0.0,235.0,,235.0,,
TCGA-VQ-A8P8,0.0,942.0,0.0,942.0,0.0,942.0,0.0,942.0
TCGA-VQ-A8PB,1.0,1043.0,0.0,1043.0,0.0,1043.0,0.0,1043.0
TCGA-VQ-A8PC,1.0,1407.0,1.0,1287.0,1.0,1407.0,,
TCGA-VQ-A8PD,1.0,496.0,1.0,134.0,1.0,496.0,,
TCGA-VQ-A8PE,1.0,675.0,1.0,265.0,1.0,675.0,,
TCGA-VQ-A8PF,1.0,76.0,0.0,76.0,0.0,76.0,0.0,76.0
TCGA-VQ-A8PH,1.0,389.0,1.0,377.0,1.0,389.0,,
TCGA-VQ-A8PJ,1.0,82.0,1.0,82.0,1.0,82.0,,
TCGA-VQ-A8PK,1.0,543.0,1.0,263.0,1.0,543.0,,
TCGA-VQ-A8PM,1.0,57.0,1.0,57.0,0.0,57.0,,
TCGA-VQ-A8PO,1.0,282.0,1.0,256.0,1.0,282.0,,
TCGA-VQ-A8PP,1.0,712.0,1.0,502.0,1.0,712.0,,
TCGA-VQ-A8PQ,1.0,476.0,1.0,91.0,1.0,476.0,,
TCGA-VQ-A8PS,1.0,406.0,1.0,131.0,1.0,406.0,,
TCGA-VQ-A8PT,0.0,900.0,0.0,900.0,0.0,900.0,0.0,900.0
TCGA-VQ-A8PU,1.0,832.0,0.0,832.0,0.0,832.0,0.0,832.0
TCGA-VQ-A8PX,0.0,1964.0,0.0,1964.0,0.0,1964.0,0.0,1964.0
TCGA-VQ-A8PY,1.0,436.0,0.0,436.0,1.0,436.0,0.0,436.0
TCGA-VQ-A8PZ,0.0,2233.0,0.0,2233.0,0.0,2233.0,0.0,2233.0
TCGA-VQ-A91A,0.0,1200.0,1.0,129.0,0.0,1200.0,0.0,1200.0
TCGA-VQ-A91D,1.0,356.0,1.0,351.0,1.0,356.0,,
TCGA-VQ-A91E,0.0,664.0,0.0,664.0,0.0,664.0,0.0,664.0
TCGA-VQ-A91K,0.0,1862.0,0.0,1862.0,0.0,1862.0,0.0,1862.0
TCGA-VQ-A91N,1.0,570.0,1.0,438.0,1.0,570.0,,
TCGA-VQ-A91Q,1.0,633.0,1.0,551.0,1.0,633.0,,
TCGA-VQ-A91S,0.0,1000.0,0.0,1000.0,0.0,1000.0,0.0,1000.0
TCGA-VQ-A91U,1.0,52.0,0.0,52.0,,52.0,,
TCGA-VQ-A91V,0.0,1297.0,1.0,504.0,0.0,1297.0,,
TCGA-VQ-A91W,0.0,1851.0,0.0,1851.0,0.0,1851.0,0.0,1851.0
TCGA-VQ-A91X,1.0,289.0,0.0,289.0,0.0,289.0,0.0,289.0
TCGA-VQ-A91Y,1.0,296.0,1.0,258.0,1.0,296.0,,
TCGA-VQ-A91Z,0.0,1690.0,1.0,1310.0,0.0,1690.0,1.0,1310.0
TCGA-VQ-A922,1.0,275.0,1.0,252.0,1.0,275.0,,
TCGA-VQ-A923,1.0,61.0,0.0,61.0,0.0,61.0,0.0,61.0
TCGA-VQ-A924,1.0,1686.0,1.0,1686.0,1.0,1686.0,,
TCGA-VQ-A925,1.0,138.0,1.0,138.0,1.0,138.0,,
TCGA-VQ-A927,1.0,200.0,1.0,200.0,1.0,200.0,,
TCGA-VQ-A928,1.0,174.0,1.0,148.0,1.0,174.0,,
TCGA-VQ-A92D,0.0,2032.0,0.0,2032.0,0.0,2032.0,0.0,2032.0
TCGA-VQ-A94O,1.0,640.0,1.0,185.0,1.0,640.0,,
TCGA-VQ-A94P,1.0,81.0,1.0,81.0,1.0,81.0,,
TCGA-VQ-A94R,1.0,1294.0,1.0,1018.0,1.0,1294.0,,
TCGA-VQ-A94T,1.0,342.0,1.0,296.0,1.0,342.0,,
TCGA-VQ-A94U,0.0,819.0,0.0,819.0,0.0,819.0,0.0,819.0
TCGA-VQ-AA64,1.0,560.0,1.0,560.0,1.0,560.0,,
TCGA-VQ-AA68,0.0,1328.0,0.0,1328.0,0.0,1328.0,0.0,1328.0
TCGA-VQ-AA69,0.0,864.0,0.0,864.0,0.0,864.0,0.0,864.0
TCGA-VQ-AA6A,0.0,1184.0,0.0,1184.0,0.0,1184.0,0.0,1184.0
TCGA-VQ-AA6B,0.0,1002.0,0.0,1002.0,0.0,1002.0,0.0,1002.0
TCGA-VQ-AA6D,0.0,521.0,0.0,521.0,0.0,521.0,0.0,521.0
TCGA-VQ-AA6F,0.0,1646.0,1.0,546.0,0.0,1646.0,,
TCGA-VQ-AA6G,1.0,792.0,1.0,469.0,1.0,792.0,,
TCGA-VQ-AA6I,1.0,491.0,1.0,475.0,1.0,491.0,,
TCGA-VQ-AA6J,0.0,838.0,0.0,838.0,0.0,838.0,0.0,838.0
TCGA-VQ-AA6K,1.0,378.0,1.0,332.0,1.0,378.0,,
TCGA-ZA-A8F6,0.0,525.0,0.0,525.0,0.0,525.0,0.0,525.0
TCGA-ZQ-A9CR,1.0,24.0,0.0,24.0,,24.0,,
