patient_id,HALLMARK_DNA_REPAIR,HALLMARK_E2F_TARGETS,HALLMARK_MYC_TARGETS_V1,HALLMARK_PI3K_AKT_MTOR_SIGNALING
TCGA-FI-A3PX,1.7091847666158784,1.3863460646691128,0.07747416204207307,0.34300854939854064
TCGA-BG-A221,-0.16188172991047714,0.20549867472054717,0.531519611115608,0.9436487686266866
TCGA-EY-A1GK,-0.37759260327230765,-0.20714593904377232,0.6841873298807024,0.26512624754630854
TCGA-BG-A2AE,-0.00589395044642979,-0.18399744730864034,0.49282990615292827,0.4863685140983684
TCGA-AX-A1CE,0.4472250626414457,0.21377881751557407,0.0450456031952889,-0.8287745729609998
TCGA-DI-A2QY,-0.01858669536967593,-0.09812038434212761,-0.7216043655911327,-1.819194845882573
TCGA-D1-A1O8,0.3900213969516339,0.6657023251417934,0.5102925698019231,0.13536934051334518
TCGA-EY-A3QX,1.391995914003091,1.222696253641145,0.829665719525071,-0.6194477182966885
TCGA-DI-A0WH,-0.4205223246060498,-0.26228781327151307,0.909963080867695,-0.9552220805263568
TCGA-BK-A4ZD,0.6692239877873968,0.219327432181699,0.15084920334859842,-0.343273368778382
TCGA-AX-A1CC,-0.3928454535034889,-0.1406587146688965,-0.8615219375038015,2.7583506586953743
TCGA-EY-A215,1.5265735197765646,0.7231970442288193,1.108842510606398,1.505569093466273
TCGA-AX-A2H2,0.5634360410615095,0.5058711074400062,0.9060256842239233,-0.9480696241545832
TCGA-BG-A0M8,-2.32112745150042,-1.3289391085729871,-1.1486853653735176,1.369466576157944
TCGA-2E-A9G8,0.45645066559263614,0.8303728140829721,1.6875392725076237,-1.1028511990926617
TCGA-AX-A1CR,0.10491998252979584,0.48100539984933716,0.06031653598249047,-0.33744157964653765
TCGA-KJ-A3U4,0.6119797795681046,0.7637642505691824,-0.37781084958162725,-0.8465554775488058
TCGA-EO-A3KU,0.9781501181059025,0.9245023299361339,0.5494232258482701,0.39931750931183385
TCGA-D1-A102,-0.3209719938333061,-0.3524970765885983,0.24124600918426045,0.5639464432285127
TCGA-A5-A0GI,0.16028172004391164,0.14273594617754212,0.16991722450262714,-0.6127732109393097
TCGA-B5-A0K6,-1.3424682064255238,-0.9058546792849249,-0.7813540633344179,-0.8340369153019237
TCGA-BG-A0W2,-0.7004682232675675,-1.052867732332059,-0.10725704865485829,-0.19977575981740162
TCGA-B5-A1MW,1.6216251408471705,1.1498923828460272,1.273525509168598,-0.5063489856296971
TCGA-BG-A186,-0.7837561453844154,-1.1354592169627813,-0.5535706495890883,0.3411148975229028
TCGA-B5-A0JY,0.7047583869109071,0.5598752963421282,1.0193335221957651,1.8316795992403387
TCGA-A5-A0G3,-0.390341906265785,-0.05683558373155029,-0.26104552513685936,-1.9143691104522338
TCGA-FI-A2EX,0.9116532152258997,1.1719331370212083,1.143219092263815,0.7514248682658974
TCGA-B5-A0JS,-1.325352595215542,-1.1844084168345046,-0.5465266207173944,-0.03323426514222765
TCGA-BS-A0V6,-0.5092449626618036,-0.16130964681267676,0.3453223426680611,-0.8715383743830276
TCGA-D1-A3JQ,0.523638647823511,0.5576419343795724,0.2923065737242776,0.651119083027693
TCGA-DI-A1BY,-0.7557286448023017,-0.7075221137282328,-1.0685121483516773,-1.0618820462175695
TCGA-B5-A11Z,-0.8787496263110129,-1.4743606934991478,-0.48305336400938237,0.6972297871255067
TCGA-D1-A16O,-0.9844663925214083,-1.406334602703208,-0.13506276273574006,0.06312938044580836
TCGA-AX-A06B,-0.38936845415655663,0.420555245103633,0.6593201006527228,1.1625820004044822
TCGA-BG-A0YU,-0.7732918734626386,-1.1750566158278455,0.2171041987016873,-0.37111522647858836
TCGA-FI-A2F4,0.5478489375314266,0.5103020356097068,0.35182922667367034,0.32338739398197947
TCGA-A5-A0G2,1.4483550311670963,1.0131596514431664,1.0481209323612046,1.1686871170547466
TCGA-A5-A0GX,-2.2612932262797103,-1.7678583045376368,-1.9824584627007256,-2.19542239925037
TCGA-E6-A2P9,0.6116062359293309,0.25687086690131383,-0.13101160882190596,-0.33138410071051694
TCGA-AJ-A3OL,1.1121233804286121,0.7593604840803636,0.49005116176067653,-0.8458899728100613
TCGA-D1-A3DA,-0.5021959171005155,-0.6824869286645802,-0.49514690982409093,-0.61313934857402
TCGA-QF-A5YT,0.38575264859541253,0.6715825065656239,0.8562357086675687,-0.2830322655523408
TCGA-AP-A052,0.12696482582265964,0.6702016386824754,0.6598846934999986,-0.37000820338057655
TCGA-AJ-A3BG,0.4002467260485131,0.35320105504958615,0.13664297882927434,-0.7300515028518322
TCGA-A5-A0G9,-0.9759593917458023,-0.5735411251478717,-0.03077009236313207,-1.350792565699623
TCGA-EO-A1Y8,0.20835156231796065,0.4793860498240633,0.5695263667250466,0.14433503113707355
TCGA-A5-A1OH,0.847275489017771,1.0905255965029879,0.7644758807547891,-0.5619330907293401
TCGA-A5-AB3J,-1.4290968724360342,-1.7522677402692264,-0.9383818166804428,1.386768853842952
TCGA-5B-A90C,1.767931028731183,1.4387964099477888,0.7672780873069127,-0.639668672472697
TCGA-BS-A0UL,-1.0307467261841738,-0.45811225495559704,-0.3539518914298825,2.5296707204247313
TCGA-A5-A0GE,-0.6068582967626999,-0.20245957576969786,1.1256768953187755,-0.06770502925186118
TCGA-A5-A0GW,-0.10677967822292038,0.5828208436254128,1.3566338237336286,0.5306237739249855
TCGA-BS-A0U5,-0.22597217836526537,-0.5784765984977752,0.2048791147284812,0.02119618624209162
TCGA-BK-A26L,0.44200522557936883,0.36996258211442884,-0.8069041376178455,1.8915460361326992
TCGA-BK-A0CA,1.1862877716628168,0.3208287856284742,-0.4423263888374597,0.23800395389195944
TCGA-BG-A0M2,-0.77406740778333,-0.41055335951326416,0.167525803548701,0.05147286750849425
TCGA-D1-A1NS,-1.0980092062748474,-0.6164075847426383,-0.4054212834803296,-0.47931705936645025
TCGA-D1-A16J,0.6724368059084181,0.7732189785740359,-2.2129754900129814,-0.5229173289800618
TCGA-AW-A1PO,2.038534116320605,1.2787857860560288,-0.2592242594754903,-0.6636070176020377
TCGA-B5-A1MS,0.4964045637510806,0.4282323455314262,-0.22984974663103874,0.10619227654714013
TCGA-EY-A1GU,-0.6891407010391155,-1.1115074364737605,-1.0225212065186873,1.2083588914277894
TCGA-AJ-A3NH,0.5837368892752356,0.7153335754842608,-0.3414901128819559,-1.0375138685085226
TCGA-B5-A0JN,0.626337366563665,0.8110904721302562,0.9729824824818397,-0.17746280457889185
TCGA-D1-A0ZN,-0.4056946848292482,-0.7067720909538631,-0.7593489207642837,0.7477653484689533
TCGA-AP-A0LS,0.8688555053394401,1.016383727436435,0.7347230944964865,-0.2350799472155391
TCGA-A5-A0GV,0.12395990478347421,-0.1220492832287658,-0.5862023970664165,-0.5290021413443297
TCGA-D1-A1NU,0.8530685611377072,1.331737736292148,0.7094040304688071,-0.9572545902878885
TCGA-PG-A7D5,0.6347437815325812,0.7864610225576436,0.5204268104846599,-0.9545445382381577
TCGA-AP-A0LE,1.22510953019867,0.764559752903791,0.5181241213676807,-0.4556182878137814
TCGA-B5-A11L,-1.4526179195311186,-0.6017845696419628,-0.2985058539579009,0.5971650510144444
TCGA-AP-A1E3,-0.37523179179098215,-0.09986461780054602,0.8031237079056299,0.35792836118808063
TCGA-BS-A0TE,0.3452785600405658,1.1180142389905625,1.7457980302827532,-0.062323988117636404
TCGA-FI-A2F9,0.8725406185038798,0.17589326060520322,-0.04078243502749294,0.7439595690109316
TCGA-D1-A1NY,0.1968888100283764,0.5848117617533208,0.07225029761188932,0.742587757142887
TCGA-D1-A16S,-0.5992766638288587,-0.08937393888626156,-0.5109816950079825,-0.8119989237703155
TCGA-A5-A0R9,-0.7457858090923888,-0.7573223206764911,0.38926371810650545,-0.5511210457836677
TCGA-BG-A2L7,-0.4022577641410416,-0.6214735068442917,-0.9186127454181116,1.054482779593751
TCGA-A5-A0GB,1.5576813873601916,1.3900677829339494,1.6144288977045365,-0.5480356036040536
TCGA-BG-A222,0.5976268390804578,0.41402267506016965,0.021925121561973668,1.0699246324796445
TCGA-DF-A2KZ,-1.4990067172324124,-1.1167833301518524,-0.1566489920051347,-0.3011107979210952
TCGA-BK-A0CC,0.5788980206592252,0.7394628550958962,-0.6710742963973465,1.7064306591811094
TCGA-A5-A0GH,1.8308930793504825,1.51042395401473,1.0926585749153903,0.24204885298550355
TCGA-JU-AAVI,-0.28827965099853065,0.22359422390538247,0.9588332722817885,-0.3697060072912179
TCGA-AX-A1CA,-0.44043139154070265,-0.048220607016494686,-0.23493256548515767,-1.3694202310368042
TCGA-D1-A179,0.3958123957215015,0.7378179451948312,0.1619324283542893,-0.8423560469804354
TCGA-AX-A064,0.5036285333905264,0.21042858586526655,0.1011859808204031,-0.1684599320410318
TCGA-EO-A1Y5,0.36851053948359136,1.272978441129197,1.3004696593475582,-0.548070041698237
TCGA-BG-A0LW,-1.268451994444241,-1.7642842359607458,-1.1318883327721696,-0.11716134294750032
TCGA-AJ-A3QS,0.8342657381939642,0.8769559955971126,0.42341533358487504,0.950439639161159
TCGA-AJ-A8CT,-2.188722958159685,-2.0479681175484687,-2.3411565363222544,-1.0617102350184495
TCGA-EO-A22S,2.1852183191168377,1.6245623073275817,1.6635962602614986,0.5100630947070642
TCGA-AJ-A3IA,0.6507355884651264,0.6143675690051777,-0.40391372301660655,0.44587944463325513
TCGA-D1-A17D,-1.0225232349950637,-0.5391674828114215,-0.7766194080420273,-1.515833343857828
TCGA-D1-A16Q,-0.5868715792503834,-0.5682471198456024,-0.7423352181498576,-0.9842125973391825
TCGA-D1-A16V,0.4535801943959424,0.3978729677435149,0.3770181089818108,1.2339115496096056
TCGA-AX-A3FT,0.5270081450355527,0.44583459509604795,0.6956715213857205,1.1636599595400348
TCGA-D1-A169,-1.34337043265662,-0.4784334642457744,-1.613989769562364,-1.0697613790416696
TCGA-AP-A0L8,1.064544762428604,1.2574849739935774,0.7242624111039957,0.184507010397925
TCGA-AX-A3FS,2.027153498521722,1.4977813099570327,1.729782518304884,0.3527180840978252
TCGA-EY-A72D,1.1805080127313352,0.6156663177794885,0.764888375247161,-0.13835038770472904
TCGA-EY-A1GE,-1.6678058393626374,-2.2768464960315664,-1.9010133997469074,0.20390395146822432
TCGA-BG-A0LX,-0.40114092287319947,0.273468829809142,0.5596897319785957,-0.48443850162685775
TCGA-BG-A3PP,0.490601747337746,0.8153071907433377,1.3064413736132054,-1.1962781441902524
TCGA-AP-A5FX,-0.16538491143856382,0.30997870488486434,-0.9132953564891131,-1.161540221184347
TCGA-AP-A1DQ,-0.19836572769696056,0.18864377084330708,0.397253052104997,0.7527516640305393
TCGA-B5-A11Q,0.49105375805439877,-0.020427752364572897,-1.3868151743170856,-0.89203227203812
TCGA-AX-A2H4,-0.3497727183748297,0.13580148979648907,0.3959735559051516,1.0946864418350584
TCGA-BG-A0MI,0.30392517219487636,0.17787471468662527,0.48565943611882223,0.19748178778125722
TCGA-AX-A3GB,-1.9248619786404657,-2.1198441651679,-1.3705982943742019,-1.2222936868454881
TCGA-A5-A0RA,-0.07237293098922645,0.052052678289133875,0.3102543005799477,-0.7603605281410184
TCGA-AP-A05A,-0.2707341846884074,0.4129575805990763,0.7093498092180466,-1.2391577740659105
TCGA-A5-A2K4,0.4243081826287282,0.5300922184577316,-0.8848606064640804,0.7258840220389902
TCGA-D1-A17Q,-0.1710351100393199,-0.003254348797218881,-0.928129801712253,0.5058327280290381
TCGA-BG-A0VT,-0.9326385768922953,-0.8953333070434021,0.08357187159356054,0.48822472343424167
TCGA-A5-A0GQ,-1.0764620616247544,-0.7235444845205548,0.011089777777881955,-0.34690977516283833
TCGA-AX-A060,-0.21670665497121616,0.08971609517958182,0.8275566782360364,-0.1724704673928434
TCGA-D1-A1NW,0.023369379310690688,0.1699689926811036,0.7228003669909895,0.7280322450226658
TCGA-E6-A2P8,0.9030088653756458,0.8237549407499393,0.8945043915735661,1.234554875908155
TCGA-D1-A0ZU,0.02371248418792544,-0.37194646932022657,0.17277744510266171,1.16559367116934
TCGA-AP-A054,2.304340559953976,2.0025175868808014,1.4287825391075288,0.04631932704405909
TCGA-BG-A0YV,0.25946138877409475,0.3000450082883623,-0.431071657658371,-0.09440838444484463
TCGA-QF-A5YS,0.46965215014317424,-0.18651192079171236,0.39454942126533543,-0.7830709227230382
TCGA-AX-A0IW,0.196654568745547,0.7078014404325492,0.23478092634984168,-1.0927956148651996
TCGA-AJ-A2QK,-0.3667203852192849,0.09265024014893332,0.5332801368478285,1.3530509774421091
TCGA-AJ-A2QN,-0.06790700261847613,-0.17925843902421054,-0.27648557296190546,0.6748217306523264
TCGA-AX-A05U,0.04353992724973972,-0.18885522507101943,0.3733330400473222,0.9041024007506714
TCGA-EY-A1GV,-1.6984385560700237,-1.098913894368602,-1.5517224663785947,0.42924872260461705
TCGA-D1-A1O5,-0.43770452984264246,-0.927293678250692,-0.22370118192719302,-0.7786266797313968
TCGA-B5-A3FC,-0.04770148683831728,0.4574484600395328,1.0264942921988354,0.8852806835484986
TCGA-BG-A0VZ,-0.13141088821451388,0.2218258070172168,0.5337906154578677,0.46163160193733505
TCGA-AX-A06L,-0.38542033856244245,-0.6524221985858019,-0.9044901236977709,-0.15290816100232582
TCGA-B5-A3FD,0.8659391273109409,0.7711490877233492,0.5042811726109993,-0.9043472821472359
TCGA-BS-A0U8,0.31889247818782246,0.13595218431864925,0.7918864472192259,0.3697431689340989
TCGA-B5-A11X,1.0562008880368468,1.09840165838145,1.5277412660645122,0.28058241590245664
TCGA-EY-A2OP,1.3726415627792312,0.9790658585429931,0.6671651243729513,-0.6809063806176922
TCGA-BG-A0MA,0.032069210114200136,-0.18076251534896287,0.7885064727759902,0.22600841305244296
TCGA-BG-A18A,-1.3647613600924595,-0.7351350570704209,-1.367491837430523,-1.255393104937897
TCGA-E6-A1M0,2.3597214926024717,1.4969066787097782,2.667173204356697,-0.2825027737923288
TCGA-AX-A3G8,0.11566652770337371,0.4248640433815997,0.4133944995333143,-3.4902437369030896
TCGA-BS-A0V4,-1.7188195911275856,-1.3996862792003568,-1.7647631289887267,-2.9434260174391187
TCGA-AX-A3FV,2.293726199149756,1.9618084070730089,1.811592274761551,-0.9886764339693452
TCGA-DF-A2KN,0.009648829151920378,0.5834679732527405,-0.3118853400954019,1.2955145033142004
TCGA-A5-A2K7,1.5027322422808744,1.3646769072394938,1.070269947104534,-0.7736577722348146
TCGA-BS-A0TA,0.01816242401558969,0.3874091980189176,1.0261673909613163,0.9452845572225974
TCGA-D1-A16F,-1.3793622069922042,-0.9140976676559099,-0.2418121329077917,0.5213985883594798
TCGA-B5-A3FH,-0.1550956990710716,-0.4897815672760598,-0.9668567027259737,-0.2003148565564059
TCGA-BG-A0M4,-0.963645910191309,-1.0399900539014295,-0.9758989236879155,-0.1711413060441971
TCGA-BK-A6W4,0.030192893015037213,-0.4799267256526606,0.6800358539255942,1.4816185856133917
TCGA-E6-A1LZ,0.0724532406949634,0.7107092569179643,0.8204114959948794,0.04383009625890196
TCGA-D1-A17N,-2.1343551469155466,-1.5711611271230195,-2.042190266856394,-1.753388714592426
TCGA-AP-A056,0.37713906647446355,0.8068427102114865,1.0024768646344042,0.7202868086076065
TCGA-DI-A1BU,0.5305097883159798,0.6701807933051572,0.736803228100059,0.6218712066304728
TCGA-AJ-A2QO,-0.13785293825485093,0.43909494349161504,0.24281241914028837,-0.2142041346875656
TCGA-B5-A3S1,0.6291140081561339,0.48500782737457,0.7776192621529462,0.1362225225155043
TCGA-B5-A1MR,0.5432041515742803,0.3580537756766976,0.8004016957988963,0.5939236636070058
TCGA-AJ-A3BH,0.2816392161315459,0.02036132759584076,-0.72087049602959,1.05314116494283
TCGA-B5-A1MV,0.4025150465590274,0.30676593498601523,0.5459943553009228,0.651639335490588
TCGA-AX-A3GI,1.7295813740664943,1.222726127790739,0.3519377184000248,-0.8226883005138889
TCGA-BG-A0W1,-1.1076595016719704,-1.2634037399840599,-0.8333074109987852,-1.2872441236076175
TCGA-BK-A6W3,0.47576996268422644,0.30479492508212747,-0.3932277720146043,1.2574532061047226
TCGA-EY-A5W2,0.9506688302710893,0.7926925060054106,1.0797373369229764,-1.1401572944671516
TCGA-B5-A0K7,-0.997577061987326,-1.1142722978417672,-0.19147862367485433,-0.416488691361479
TCGA-A5-A1OF,0.5600783240596441,0.48736170574885,0.6529221207491743,0.5864294292318771
TCGA-AX-A1CF,0.29131033811420237,0.6087260608219781,-1.171985868157749,-1.1484237452791446
TCGA-B5-A11E,0.9238262195803055,0.8120524426583674,0.7007153691862865,0.5467987319040977
TCGA-AX-A3FW,0.8059810003581659,0.744780046247278,1.1553175668646707,-1.1765119932251211
TCGA-B5-A0JV,1.0334231347940672,0.5412390678769796,0.6619561464824393,-0.8252253580277616
TCGA-DF-A2KR,-0.8200689651467143,-0.8237514726609235,-0.46577302492609596,-0.01940699387366547
TCGA-AJ-A3EL,1.38821756242889,1.4193668489990958,0.9725722230468998,-0.09216498776496472
TCGA-D1-A167,1.621094812079127,0.7171472827459596,0.9285161642817716,0.7491602890748349
TCGA-AJ-A6NU,-0.4018186001532582,0.08913466366555958,-0.5096237069511276,1.2037233954902147
TCGA-EY-A547,0.290855819982016,0.8626711850846457,0.5940380888595699,-2.578853797962093
TCGA-AP-A0LT,1.8885790406114817,1.352551329822469,1.5928319721417645,0.29819968381960477
TCGA-EO-A3AS,-0.6418626330544502,-0.33164390180309566,-1.6012051158712475,0.12142264152084628
TCGA-BS-A0T9,-2.0927341994637865,-1.6561611997194285,-1.5434930887028842,-0.4854640686063103
TCGA-AX-A1C4,1.748575647554379,1.4181893982511238,1.1114910299105496,0.282753448369489
TCGA-A5-A0G5,-0.559481460393056,0.13423653883205663,-0.4461676209328164,0.542823338832582
TCGA-BK-A0CB,-1.698433536960767,-1.2879089344968644,-0.6884938812292102,-0.3157726496061868
TCGA-AX-A2HC,3.212881764364542,1.823443468029804,1.914839898798719,-0.028250469707999697
TCGA-AP-A05O,-0.12047415331972873,0.3973916209701466,0.8801870544198631,-0.21273041655418473
TCGA-A5-A1OG,1.0587970416810997,1.0705594023343887,0.6367108466092092,-0.747014621461599
TCGA-B5-A1MY,-0.4705831482431425,-0.01333010747483211,-0.9730578918609348,0.8390805690398822
TCGA-D1-A16I,-0.11273134662579924,0.36105919207304854,-0.4421763935910914,-1.9839377144155563
TCGA-BG-A18B,0.1012585003227124,-0.07386541954558654,0.09956845609697028,-0.38626141519736196
TCGA-AJ-A23N,0.668410575111137,1.003002026429909,-0.4274395394424677,1.320740985888542
TCGA-QS-A5YR,-0.5847202509505354,0.02209737349508649,0.4091700815842617,-1.3629665539659357
TCGA-BG-A18C,0.4048339692551385,0.8570571258098262,0.08244170601044994,0.5352479685458326
TCGA-BS-A0U9,1.3522382292940947,1.2880665547178358,0.0951200733711125,-1.0987377468506163
TCGA-D1-A17R,-0.5374159889773092,-0.18081215543202617,-1.128249886234102,-0.26298376584549793
TCGA-B5-A1MZ,-1.3259321768235026,-1.3306018303563802,0.029081196029184932,0.7474550270482417
TCGA-FI-A2D6,2.585289709146374,1.659857706886969,1.3262989232137086,-0.022227320229238675
TCGA-AX-A2HK,1.0232169510458227,1.0335917380983406,0.7201240092825962,-1.6546067685022983
TCGA-AX-A2HG,0.8252008809619885,0.9609645147603683,1.2816703095549276,0.01400250771068358
TCGA-5S-A9Q8,-0.5481796601625456,-0.7946134024012409,-0.5406854400366152,-0.058182720980828065
TCGA-DF-A2KU,1.3871699436219045,0.9620645526304618,1.2975140993710035,-0.8793294227977507
TCGA-EO-A3AU,0.4923456516374746,0.6659819859268515,-0.20742835908367202,1.0086249863536174
TCGA-AX-A2H7,0.8220174180721092,0.12970706376014357,0.6164021170124158,-0.26320875715515085
TCGA-D1-A101,-0.8458951985766581,-0.04867534700946756,-0.17224797827780625,1.1369074161276005
TCGA-BS-A0UM,0.35529517706195596,0.2636589386236554,-0.18986857643711424,-0.29485549881769363
TCGA-BS-A0UV,1.4666682336644048,1.4209293179578444,0.9624348382718315,-0.04916829618962561
TCGA-PG-A917,-0.3188649328914421,-0.4783412232462523,0.7179123154884722,0.11626814819674357
TCGA-D1-A15Z,-0.08308304077679957,-0.175601802064058,-0.35943269120829396,1.0741936621579373
TCGA-AX-A2H5,0.004591581849778682,0.09960643489120487,-0.8450726501449489,-1.044683413024017
TCGA-AJ-A3NC,-0.43209786888942653,-0.7938806490795566,-0.23233815275144346,-0.30048698147996955
TCGA-AP-A0LG,1.025024316420034,0.9369472521441166,0.9013595296376046,1.3943728121340002
TCGA-B5-A5OE,0.46431354860559,0.740301054685215,0.659838761139655,-1.3212923423311833
TCGA-D1-A175,1.2808851918188675,0.6262593555078402,0.44641035801495516,1.2762856500856563
TCGA-PG-A915,0.7337100081923449,0.8724488721617975,0.8952470011963638,0.4198493040100068
TCGA-EC-A1QX,0.23107635845524874,0.5582507119000664,0.022358292833781237,2.068535166986262
TCGA-EY-A1GW,-1.4694733970336333,-1.2524603352493944,-0.3248954235999658,-1.3670739953649689
TCGA-B5-A1MU,0.30545027644358136,0.5195263222315399,0.537529025899625,1.0082241044339761
TCGA-DI-A2QT,0.21350609894147435,0.48989559363001156,1.1202133629291071,-1.0687944756262673
TCGA-AX-A1CI,0.07591561898989044,-0.5344452098802966,-0.6109284708923386,-0.9141323030224744
TCGA-B5-A11M,-1.098563639980825,-1.4743474731076183,-1.111761669766811,1.0042184347340903
TCGA-BS-A0TJ,0.4842485456597034,0.8091921088927255,0.574767786061363,0.4003496557526489
TCGA-EO-A3KX,1.032994415560531,0.718669500010603,0.09381942848204182,-0.5395566898982636
TCGA-PG-A914,0.3661909138300997,0.12599609159463007,0.21245324780366082,-0.8774711071846624
TCGA-BS-A0UJ,-0.7590993079198295,-1.7396719339130446,-1.1572566224910237,-0.926057449512045
TCGA-D1-A17L,-1.4428292394622277,-1.941680450259283,-1.5294658998196673,-1.7866832274173332
TCGA-B5-A11G,-0.7291541237061182,-0.32532398320560635,-0.7861944641753887,-1.0491180707887313
TCGA-AX-A05T,0.16729539188543452,0.2077849057616891,0.08313130018411619,-0.08578037528411102
TCGA-EY-A1GI,1.1558441683507303,0.9379853450993024,0.7297721741696293,0.5754588085425646
TCGA-D1-A160,0.20451496587414528,0.14171186788507753,1.0433459612462253,0.4277566702655483
TCGA-A5-A0R7,-0.8770700057138405,-0.06850971465677923,-0.0911645852699075,0.7997126677596
TCGA-D1-A16X,-1.0683350619111927,-0.4082862223412139,-1.2220791627438392,-0.24032912354694624
TCGA-A5-A0GJ,-0.9333330874012313,-0.6954972967519889,-0.8410043061481725,-1.4939438980887478
TCGA-B5-A11Y,-0.7652087939122526,-0.8431105908138364,-1.084138663737604,0.9469831659720718
TCGA-AX-A3G7,-0.5877926452558544,0.12945365355752958,-0.21593680197464532,-0.0940802958144674
TCGA-D1-A17T,-0.5050710724742686,-0.4340444373479359,-0.12164552716582808,-0.825548244298951
TCGA-EO-A3B1,1.017890655210118,0.8308135963972374,-0.33183232861452705,0.473189455153175
TCGA-EY-A2OQ,0.454246681074932,0.6932025307448717,0.5217287947531511,0.22043898551209545
TCGA-BG-A0MU,-0.8241242855122054,-0.7293272162118085,-0.3349872320232614,0.1538409268082366
TCGA-B5-A11O,-0.6694669260971949,-0.11868466223807451,-0.033877825265590744,0.37049675833065726
TCGA-EO-A22U,1.0246279154569151,1.1267103368053661,1.1590179645421925,0.6058722675874447
TCGA-B5-A11U,0.13635630840074284,0.33193330492063855,0.8417581713928484,1.0083032368902842
TCGA-QS-A5YQ,-0.90698135073865,-0.6828544562473695,-0.2900092720971082,-1.094823306097854
TCGA-EO-A2CH,0.26926938154646235,0.4273475242656067,1.6739338079082888,-1.886280818797132
TCGA-D1-A17H,-1.5606681153547306,-0.9843711210864298,-0.7305935859117236,1.0179535253852368
TCGA-K6-A3WQ,-0.11270905373227955,-0.022140775661991074,0.4743614900562398,-0.1575114380370275
TCGA-AP-A0LM,-1.1939837105925064,-0.5691433646336107,-0.2876683055940771,2.134923145827755
TCGA-AX-A2IO,-0.043943713729759575,0.523683751284727,0.810860041683005,0.515338491782697
TCGA-B5-A11J,0.12454445957098308,0.05575974388378091,0.7618477664222423,0.8805936360647058
TCGA-AX-A0IZ,-0.30656740919999625,0.05823750408498475,-0.10182523828071288,0.7871636478572056
TCGA-EO-A3AZ,-0.656231632871931,-0.14290967321885434,-0.41830405958887923,-1.5488194499442896
TCGA-A5-A0VQ,-0.9372185934352617,-1.0375307668609255,-0.46442439974954336,0.23513278598694726
TCGA-BS-A0V8,0.11222552807689973,0.17932294797784176,-0.47145512619408597,0.048931821418543346
TCGA-AJ-A8CW,0.8425403738112683,0.5950097864222107,0.8813596400611695,1.3350979689687477
TCGA-DI-A1C3,-1.3870760675354359,-1.3588611238443302,-1.4490703126995537,-0.538158266039377
TCGA-D1-A0ZZ,0.5808625794090264,0.1231864486724991,-0.0989654846842366,0.5529936715594885
TCGA-BG-A0M9,-1.0789880253334838,-0.8763389973700012,-0.24440461374878547,-1.2374160601559379
TCGA-FI-A2D2,-0.5847636703642726,-0.29935616029453926,-0.5699235263148189,0.7447005817132278
TCGA-QS-A8F1,-0.7609730924339972,-0.28241394049212143,-1.0450207374367515,-3.2760537921452166
TCGA-AJ-A3BI,0.0021443508803190695,0.5496633706740355,0.04585822844980648,-1.628616069390661
TCGA-FI-A2D4,1.3312109975743571,1.058460450164994,2.091474687676669,-1.5038146862226867
TCGA-D1-A17K,0.13213006052898785,0.772458057540895,1.1321192078386568,-0.8621494573545918
TCGA-EO-A3B0,2.3641135358889533,1.5747477020203107,1.082320570475875,0.898178308538657
TCGA-BG-A0VV,-0.7125336353948093,-0.2625326980818238,0.0625906303782728,-0.5269109175833199
TCGA-AP-A0LV,-0.10639049082771078,0.1293812266127589,0.5619288467796844,0.020957228992079174
TCGA-A5-A0GA,1.068466047408397,1.0297998754919604,1.375295732337864,-0.18224975151619957
TCGA-FI-A2F8,-0.07125645515110318,0.5903498339327644,0.2881015935073676,1.4450224806897118
TCGA-BG-A0MO,-1.259843502512872,-1.295552996962204,-0.35391260237756744,-0.3306667240670623
TCGA-EY-A54A,0.5836240729857296,1.0280789153106094,0.06807437007260443,1.357156470710408
TCGA-BG-A0VX,-0.5111558399139161,-0.2740945424540562,0.4743417822408512,0.4021155465162277
TCGA-A5-A2K2,0.9288888493000613,0.896816368561693,0.29333764741862284,1.169668641871132
TCGA-BS-A0TC,-1.2602163073402164,-0.9787409591637213,-0.45748527600960537,-0.851262677757869
TCGA-D1-A3DH,1.3104265285016492,0.8593818840378507,0.09297850047505012,-0.7389598368179419
TCGA-AX-A05W,-0.5090271846265659,-0.017740231970174894,-0.32981909573125134,-1.2010848838257384
TCGA-AJ-A2QL,0.12322221732252805,-0.02244715928689103,0.020568362231701148,0.22293898224870257
TCGA-BG-A0M0,-0.22428938343969826,-0.1414104804445464,0.31143395102829596,-1.3525879884683074
TCGA-A5-A3LP,-0.30966706197511795,0.08834255344722443,-0.41115437758496887,0.18598803568881558
TCGA-BG-A0MG,0.7798307676877819,0.7794757011396977,0.99681677465936,-0.20551309926088634
TCGA-A5-A0GN,-1.0331065574907012,-1.2497002487165791,-0.9377479315413948,0.03920956364896706
TCGA-B5-A3FA,0.14370221182598855,0.044491262566985414,-0.23591017074356183,-0.17176642448226498
TCGA-AP-A0LO,0.2655837864343701,0.013868233999619926,2.054244780343297,0.13355369603809292
TCGA-B5-A5OC,-0.11033413936088436,-0.26978261241455714,-0.436879338842752,1.3561415083702928
TCGA-AP-A0LJ,-1.540828710399746,-1.1012401234550644,-0.5066767567026695,-1.920047656360323
TCGA-B5-A0JR,1.2823217085431318,0.8102079843990283,0.40467903217121,0.2348642168080643
TCGA-AX-A06J,-1.2428113713764621,-1.11145215455749,-0.7960332783889552,-1.4006994608278076
TCGA-EY-A1GX,0.47726790940949226,-0.16364673125828427,0.20053776913954777,-1.559518095675298
TCGA-AX-A1C8,-0.5241838144825456,0.4117224350422695,0.5950883258316435,1.0848420631229794
TCGA-B5-A11N,-1.7688378796439685,-1.454454214948434,-0.8770113211684638,1.4867959080081674
TCGA-BS-A0V7,-1.9780853018046158,-2.4926165998609258,-3.0210727570373943,-2.426115809690296
TCGA-AP-A0LL,-1.1099663307631586,-1.579207158930083,-1.826014380767726,-1.683590133421503
TCGA-KP-A3W0,0.2521764885606312,-0.01742445682631002,0.16995172666116365,1.6267531103081634
TCGA-EO-A3AV,0.19298047454630438,0.6744479296761473,0.28143539203975365,0.6747231084983697
TCGA-AJ-A23M,0.42321816455618816,0.4986227706325309,-0.20052895025048392,-0.49962071176030326
TCGA-BS-A0TI,0.025288117013397907,0.33556428877561156,-0.06455030696146458,-0.726333526649136
TCGA-A5-A7WK,0.3127276085910397,0.632556277437549,0.47547153588899205,-0.4857474586224372
TCGA-BS-A0WQ,-0.6638623459268167,-1.3806644220677537,-0.4507864739940648,-0.5668253750198091
TCGA-B5-A11H,0.08791572692053942,0.2733986704468614,0.4229417371010559,0.9066857063896778
TCGA-EY-A1GT,-0.786050117318693,-0.7527091058217623,-1.0581046951159578,-0.4233557255352127
TCGA-AJ-A3I9,1.361876257299243,1.291198909113292,1.3459564359691194,-1.0969659293278438
TCGA-AP-A0LI,-0.15382517251088923,0.6992496063304059,0.38944899063901395,-0.4363933564264216
TCGA-BS-A0UT,-0.4524708020500181,-0.7115888081073524,-0.9041151920614958,-1.2527580263551832
TCGA-AX-A06H,-0.4107092421255997,0.18163036218137654,-0.03131096912292785,0.9834322686365516
TCGA-AX-A3G6,1.4222903537682086,1.4734073590803094,0.31715114654298776,-1.0268146241155487
TCGA-D1-A177,1.8181891455677577,1.4199867453997366,0.9725847188096131,-0.026289554462833674
TCGA-PG-A6IB,1.4104970316587726,1.4323256064422285,1.8658456283120515,0.12093188309143788
TCGA-D1-A17B,-1.7983698151428116,-1.075664038483696,-2.8828000454472402,-0.11487772887748068
TCGA-D1-A15V,1.119877835250625,0.8006645742168753,0.6263567212126182,0.35727190522945296
TCGA-BK-A139,1.3478667932763766,0.39828055613045765,-5.4637444896130924,-1.5350962247995286
TCGA-A5-A0GM,-0.22638482089035752,0.19467261502436853,0.6411918365351803,-0.1840023363740962
TCGA-BG-A0MH,-0.8533654600824965,-0.12403173891199513,0.4645348180306655,0.5290009984230031
TCGA-EO-A3AY,0.7794892210892377,0.7558244630951009,0.8874587848158073,-1.9184894509328125
TCGA-AP-A3K1,-0.23443743205280354,0.3761044485782246,0.6709070712823973,-0.7497234009808035
TCGA-FI-A2D5,1.1688260368155574,0.776809482497709,0.7867878304695627,0.9114834245325286
TCGA-B5-A11W,-0.8823895115538072,-0.6677240394881676,-0.46614857692764666,-0.6306079846456598
TCGA-D1-A0ZO,-1.2747422844646616,-1.1679245704514714,-1.3453383056328343,0.6189912796118373
TCGA-BG-A2AD,1.1755133019034887,0.8761652893695066,0.3617189027358009,-0.2708240473117776
TCGA-AP-A051,0.9483911543359227,0.6452110064091843,1.2197471883108346,1.922371062736156
TCGA-FI-A2CX,-0.41130848974687456,-0.48557993543612493,-0.17166402515929507,2.7916844307424853
TCGA-AP-A053,0.9602912365097513,1.2623350796643535,1.4330770168624312,0.727109302279578
TCGA-AX-A3G3,0.32189408801451735,0.6550669442484713,-0.15388438598203336,0.2470350908466098
TCGA-B5-A0KB,0.56944582778754,0.9661152882611512,0.5958344553457369,0.2671676504468491
TCGA-D1-A3JP,-1.1749393382249207,-0.7924868620500654,-0.8073319692872745,0.3034193559892234
TCGA-EY-A1GR,1.5666396169870873,1.2319605057353984,1.4246954226736086,-0.5657488348352041
TCGA-EY-A1GL,-1.5423040925559799,-1.6423046496522877,-0.5928138654955005,0.42944494857599463
TCGA-AX-A1C5,0.9125090323621918,0.639130429015037,0.8441520929692472,-0.36716071491105645
TCGA-BG-A0MS,-0.18356733596790367,-0.13696454107804432,0.36272185067041246,0.026576719829433194
TCGA-EY-A1G7,1.3557461238870279,0.8775527346510315,0.2667442087446273,-0.6855773676172526
TCGA-AX-A2HF,0.9539532242253592,0.6049250439743143,0.48164919806785594,0.9787696830246592
TCGA-EY-A1G8,1.7603535360463165,1.3594515793307664,1.6817693956277153,-0.861991227558033
TCGA-AP-A05D,-0.16865800966892638,0.6464554673493583,-0.4260628895435521,-1.188906679340738
TCGA-A5-A0VO,-0.22135294104942563,0.05924127827559535,0.8679169870964846,-0.02872299096790298
TCGA-SL-A6J9,0.48477913592946736,0.8098337270069867,1.085188439631539,-1.0505249536807741
TCGA-EO-A3KW,0.6108787127362784,1.173463017315172,0.003922926778836265,0.12277156450815525
TCGA-FI-A2D0,1.2174223785529403,0.9175864208366165,0.38873169014695097,1.4680804708256028
TCGA-B5-A0JX,0.7600105404729163,0.6446722184235345,0.4983424609493735,1.2768160493284824
TCGA-D1-A16G,-0.12393545068533371,0.12901072406247252,0.7599212486671653,0.9413559616703626
TCGA-D1-A1NX,0.43347258834222036,0.8980620317245058,0.8797525206593825,-0.434399705955132
TCGA-D1-A0ZR,-0.5599699392828306,-0.7204496650359926,-1.4933850964470745,-1.3921614204779116
TCGA-D1-A16Y,0.344093134436506,0.3297160096960468,-0.5933743524886445,-1.2157214739247968
TCGA-SJ-A6ZI,-0.5162852379600654,-0.005419353507476687,-0.5588500164754888,1.6328060795288324
TCGA-BS-A0TG,-1.9129121491592238,-1.0968737865254188,-0.4220299785740343,0.38381677510886936
TCGA-EY-A2OM,-0.4508665246905344,-0.36629822093103187,-0.28058842380279186,0.38616112137736874
TCGA-BG-A187,-0.14413850562181962,-0.2981088393413275,-0.4328430613379384,-0.7479612460872105
TCGA-AP-A0LH,-0.04642362820228454,0.7548609815999053,1.1615501353724784,0.9555465189838247
TCGA-EO-A22X,1.5526063747982146,1.303152649317684,1.1489451052640713,0.3859163905813963
TCGA-DF-A2KY,0.1935445275573153,0.6650206253361777,1.395954518590285,-2.400809754400606
TCGA-D1-A15X,0.1318409617235856,0.660300798543357,1.0290974956716608,0.3312339834265652
TCGA-BS-A0U7,-0.5886819315231971,-0.16334491380548113,-0.2394618776136764,1.5862937580163092
TCGA-AX-A0IS,-0.14086538692295594,-0.15953182491727635,0.7502685830281417,-0.840317837351777
TCGA-D1-A17F,-1.1267087730032723,-0.8413520179089691,-1.1270872907419787,-0.4278098212745663
TCGA-SL-A6JA,-0.1806894264013349,-0.3139942625285634,0.2673644633759017,-0.47258264813007367
TCGA-A5-A3LO,1.4983884656537667,1.2960899731815727,0.20607989499823934,-0.3812194686748843
TCGA-AX-A2HJ,0.23807025758955677,0.5690428953864098,0.9167363268167028,0.8521217938288005
TCGA-AP-A059,0.8201553165983069,0.8139647614078988,1.2038596305469158,1.3268064569991005
TCGA-AJ-A3BF,1.0728941306509923,0.7135687946972666,0.9621877160617437,0.37606712270341214
TCGA-AJ-A8CV,-0.4532428861864298,0.04526260900383199,0.4631337893203677,-0.4696675179784766
TCGA-AJ-A3BK,0.42703615800943295,0.6604676071351635,0.5812760973018103,-0.8936491424574082
TCGA-AX-A3FZ,1.9286599544389018,1.6024655705635826,0.408333365242154,-0.9153009095993307
TCGA-D1-A2G5,0.0794848512168602,-0.39164547110418146,-0.672116012861197,-0.4622606137505639
TCGA-AX-A1C7,-0.1900705466999976,0.43636327046965084,0.024769889883055216,-3.328763543911655
TCGA-AP-A1E1,0.13403495125783862,0.02569253871734531,-0.22002969438933093,0.23243682597524462
TCGA-A5-A2K5,0.6033589260163312,0.5424020879008149,0.6457367416884019,-1.8230995579750426
TCGA-EY-A1GC,0.25827654097007374,-0.020654021618086712,1.122970267259174,-0.6981708227681883
TCGA-KP-A3W4,-0.3346025889688803,0.059123188064197425,-0.5351603164361082,0.1898481228306963
TCGA-AX-A063,-0.6092635056576792,-0.6148503322805472,-0.9165209166307017,1.1381365814687239
TCGA-AX-A3G1,0.31363156347669396,0.9886095024431171,0.014884338941898471,-0.12759745768870748
TCGA-FI-A2CY,1.5469809500641432,1.4107572009089773,0.8848726083598576,1.7121880085181698
TCGA-EY-A210,0.2528162958237029,0.33166683055533447,0.4165305206107959,-0.5088823884147387
TCGA-AP-A1DK,0.3587554609888973,0.20435400437316645,-0.5468821552734542,0.3611814295215378
TCGA-DF-A2KS,1.4173045426411577,1.2047458601835443,1.2767854553755618,-0.6503380097647233
TCGA-BG-A0VW,-1.216954849202365,-0.295897542379464,-0.3190299985153552,-0.46196145105015407
TCGA-EO-A22R,1.0276760269283143,0.5897162244308634,0.2388885843248903,1.8130283217587393
TCGA-B5-A11R,0.5171802375861912,0.38678260567518463,1.0493540564912247,-1.507094654294605
TCGA-A5-A1OK,-0.4541276123828637,-0.9228178977560292,-0.38584373706677233,0.690251083077985
TCGA-AX-A05Y,-0.2602113445144891,0.27698864394915457,-0.18445482317605819,-1.1936043101070253
TCGA-B5-A11S,0.26590931046425426,-0.0874547867762457,0.7610755614453942,-0.015691970793378123
TCGA-A5-A0R6,0.1707204547612688,0.33636240198622297,0.2665629522389539,0.22636378490084572
TCGA-AX-A3G9,0.6747194215898994,0.646668296689024,0.7565389624285827,-0.43120446745100144
TCGA-B5-A3F9,-0.36246702010395837,-0.29370897544119173,0.24871939751819586,0.40660306254279677
TCGA-EY-A1GS,-0.08976786112553224,0.00953657344619696,0.11067558924754244,-0.3342281886455078
TCGA-B5-A0JU,1.0516732821488697,0.611806480196836,0.509530119874247,1.0902692123943136
TCGA-AP-A05P,-0.7770962930101323,-0.8158430034581043,-0.265232906830486,1.137389127904226
TCGA-AP-A0L9,0.7018190037488713,0.863374224250891,0.0779865561541789,-0.39217185127603793
TCGA-BG-A0RY,-0.7273173311812202,-0.8875201076863817,-1.0865944585249554,-0.7881581901689597
TCGA-A5-A0GU,-0.3985694849750098,-0.6381788650618291,0.20049395159495875,0.2411049368393641
TCGA-AP-A1DP,-0.8483258130108915,-0.9438276315847397,-1.161134196597072,-0.513363231515382
TCGA-BG-A3EW,0.8590816517748235,0.4422360422346618,0.2005168248988411,-0.11205559010280507
TCGA-B5-A11F,-0.04048406755544847,-0.2061849882940573,0.39716144971048606,0.34111148323672885
TCGA-B5-A121,-0.5142335656905842,-0.3980647014205252,-0.016361355523054046,-0.6815842880610524
TCGA-AP-A1DR,0.5069459650243595,0.80290447289537,0.9020548471144882,0.0419166381242443
TCGA-BS-A0UF,0.7943154838259096,0.7534967547448004,0.2230079855532394,0.8829689454416363
TCGA-AX-A06F,1.2130238752330322,0.8971008061948147,1.046116177939451,1.8034091030751775
TCGA-AP-A1E4,0.6254644748107786,-0.1659172671710923,0.6098502008890422,-0.4592572492140684
TCGA-AX-A06D,-0.929121081281794,-1.2572581631907613,-1.3485139350973212,-0.5041357485621007
TCGA-DF-A2L0,-0.3302982314982981,0.13628047836518456,0.391702564690773,-2.718451558650069
TCGA-AX-A062,0.7666019788092159,0.8422164213549089,0.7101311433108752,0.4506083659029361
TCGA-AX-A2H8,0.5041129604124996,0.2944789160057426,-0.3260248399947472,0.5862953730292196
TCGA-D1-A163,0.3636312039051056,0.5062429349711783,-0.13747920152545348,1.0965407516614771
TCGA-EY-A1H0,-0.2884279213037528,0.10482596482500331,0.7114770874119082,-0.6903390456660011
TCGA-FI-A2EY,0.36232728150368115,0.2549537021202459,-0.4562981595438736,-2.360531950514758
TCGA-AJ-A3EK,1.431401293147957,1.2736590348000774,0.4604918763844939,1.765384224495236
TCGA-B5-A1N2,0.3789570877885911,0.8089756183548877,0.8015760533630893,1.4943548754947613
TCGA-BS-A0UA,-0.8799318560356559,-0.8973457227165996,-0.186575081296364,0.3628683644850259
TCGA-AJ-A3NE,0.865752360104965,0.803735875212549,0.5145586788059164,1.3209081041972905
TCGA-EY-A1GD,0.6345079676491218,0.3278331016487767,-0.5401346454511475,1.871403305262309
TCGA-D1-A16E,-0.793837952327461,-0.4574264153864769,-0.4098414532704695,0.369482774425694
TCGA-AP-A1DO,0.09267817662875553,0.42194775092014214,1.1267742321351946,-0.0032006216484670564
TCGA-AJ-A3OK,-2.613181149789872,-2.1855628697022276,-1.9352101481469384,0.40878911934785506
TCGA-BG-A0M7,-0.6660381389139505,-0.39715435091134693,-0.19442947335087712,-0.5089957168869348
TCGA-BG-A0M6,0.33905950119089484,0.5227939687429355,-0.2266190544575816,0.6554669226811505
TCGA-AP-A0LP,-0.9261470707598268,-0.7469164601120576,-0.452003401524153,-0.9685944713305136
TCGA-AX-A1C9,0.7562879909860097,0.6885034641399992,0.48927733811984586,0.1798728463466397
TCGA-AP-A1DV,0.4756332407570094,0.021952329669419013,-0.0916436482246538,-0.06458235748931819
TCGA-AJ-A3EM,2.16461848170017,1.8986658550798763,1.5181249613270533,-0.44917363982826464
TCGA-EY-A3L3,1.4697138461650607,0.9154965948579202,0.5346492293255645,-0.24745790875720522
TCGA-D1-A2G0,1.6042767467001928,1.380789180478215,2.1852761245332695,1.065498870243966
TCGA-EY-A2OO,-0.5793267078258998,-0.9597139667208676,-1.736460348669936,0.3046297465916333
TCGA-EC-A1NJ,-0.1565613324932546,0.015601135206010202,-0.062475396226105484,0.865390437803628
TCGA-AP-A05N,0.3537093748187541,0.1126493022244456,0.7848548734508963,1.0029426374749846
TCGA-A5-A0GD,0.5930792674526872,0.5691207081240821,0.6604492146497528,-0.10034052636110409
TCGA-B5-A0K8,-0.35008876464881045,-0.20967445992027703,0.07120083130572484,1.702608455454097
TCGA-A5-A0R8,-1.3418531387801735,-0.5225295032525324,-0.26465107543334543,-0.5623634833461297
TCGA-EY-A1GH,1.1313106126638894,0.9338381087343086,1.1526876041395442,-0.24939709801988905
TCGA-4E-A92E,-0.1792332984721463,-0.5431527894796516,-0.9784253946201428,0.8603767315773455
TCGA-AX-A3G4,0.35918999832795906,0.6683724040935867,0.2585173931464224,0.46555004710084447
TCGA-AP-A0LF,0.08531383100605852,0.3842427931823399,-0.13775251503942515,0.9230559484155537
TCGA-AJ-A2QM,0.47601237414104575,0.815229973450945,-1.410600675285417,-0.44497512601307615
TCGA-E6-A8L9,-0.40073416090714814,-0.06770957808411938,0.7697840985279993,-0.7157187055279762
TCGA-EY-A1GF,0.6894897549362512,-0.004823472435852354,0.34845085191589803,-0.8073839732311744
TCGA-AJ-A5DV,0.20730229082773596,0.25146961298675496,-0.16474956490921114,0.4055768496269492
TCGA-AP-A1E0,1.545963051224123,1.3591520483198563,1.511173920055859,0.8991336241983213
TCGA-QS-A744,1.1389349421302168,0.797331219883619,0.4361279820782679,-0.657209814625325
TCGA-D1-A161,-0.17451152544476622,-0.3995524010266535,-0.003984310140095768,0.14796384784707212
TCGA-B5-A0K9,0.1418134091547707,0.35390354253826056,0.3589677318488397,-0.6315741584398818
TCGA-EY-A2ON,0.20655402981625082,0.4020018863436167,-0.022176794562685308,0.06407240967661919
TCGA-AX-A2HD,1.107357533078372,0.7589146098136003,-0.6798599529410897,1.4649708689961918
TCGA-EC-A24G,-0.9788206323902284,-0.3166523022168517,-0.7114173452976824,0.3276662938994662
TCGA-D1-A1NZ,-0.33499611957390063,-0.21274866868160539,-0.3427301838005273,-0.20930387393339348
TCGA-A5-A7WJ,1.4244498182933338,1.1061862791335675,0.34307738759096124,-0.42479485103088427
TCGA-PG-A5BC,0.005924154143389672,0.6982732393455141,-0.05113175068907872,0.6080464832842658
TCGA-AJ-A3NG,1.714844030965382,1.237400306089054,0.37143037601509754,0.12458561596161598
TCGA-A5-A2K3,-0.5399603638465105,0.33716314157806815,0.8283623039040713,0.7399900909406647
TCGA-EY-A1GP,-0.4672101202116483,-0.29985718583648135,-0.6344704268137995,0.4664528009075814
TCGA-EY-A4KR,0.10677489683507357,0.824948067882441,0.5715308530444315,1.1395674304573262
TCGA-AP-A05H,-0.7475617782462091,0.15010499069388417,0.6046581650728169,-2.924783406408427
TCGA-B5-A0K2,-1.9037867420920738,-0.7234008229205007,-0.3369978930569835,-0.1557541440509645
TCGA-BK-A56F,0.010443071955508266,-0.39514652714733994,-0.05873186064219564,0.8157095771519293
TCGA-EY-A212,0.5578807648265005,0.6532812972094945,0.6665279180804765,0.22744540940755867
TCGA-AJ-A23O,0.02625845450960695,-0.02089106643142723,-0.04999594687281283,1.1179893956211435
TCGA-EY-A214,-0.5862697939257998,-0.2777973661550614,-0.9007895752077292,1.4054541736847563
TCGA-B5-A0K0,-1.1247278377679066,-1.1627803964640333,-0.8772313277011767,1.0726378270311654
TCGA-KP-A3W3,-0.1980592555893328,0.16446099485390625,-0.11275920652603585,-0.5240198123994103
TCGA-D1-A16D,-1.7915911905112023,-1.5342272295676915,-0.8796301328987284,0.2575073424364485
TCGA-B5-A0JZ,0.43312510167574053,0.5090744008727598,0.5179645680818373,1.0525534888313923
TCGA-AJ-A3EJ,0.31639375927472907,0.26113296192397006,-0.21793118249844654,-0.04278134992926544
TCGA-AJ-A3TW,1.037134311902482,1.2659604213400564,1.4090442685414968,-0.010217178488534075
TCGA-D1-A3DG,1.3584586053815084,1.292558590017629,-0.13274836029066286,-0.9151817752330685
TCGA-EY-A1GO,0.7582979931640956,0.8857439352750951,0.7085404030664978,-0.21563156318604249
TCGA-D1-A17S,-0.4986407120192071,-1.2587384510349586,-2.099667093199209,-2.8372085044422364
TCGA-D1-A17M,0.3271230656747852,0.37596000007243235,0.42517254164494533,0.49723628071097564
TCGA-D1-A0ZS,1.7858707883735077,1.2712917842052867,1.1011343090522387,-0.06848074528320171
TCGA-AX-A3FX,0.2636285184094297,0.6122869019264331,0.39983694648793644,-0.24585656883584067
TCGA-D1-A17C,-1.9286358178727943,-1.4128693183355912,-1.6386830342774847,-0.4420378064165471
TCGA-D1-A174,-0.8195070411931796,-0.3587834087780748,-0.9511787743577124,-1.0833259230211303
TCGA-DF-A2KV,-0.013428412886878906,0.27943542514793257,0.3948405758033692,-0.6477452321038795
TCGA-D1-A17A,-1.8498710785338648,-1.5688334835148368,-0.378410796082059,0.10584816964461358
TCGA-PG-A916,-0.7204743689360443,-0.6462776977533942,-0.21531002544932082,-1.2098779879153931
TCGA-D1-A0ZP,0.8923548644820715,0.9892069835677236,0.4240069612492111,0.6130866899207691
TCGA-BG-A0M3,0.5034363901601525,0.02712236866377264,0.4022758887714003,-0.3694706947660447
TCGA-B5-A3FB,0.8122873580761196,0.44497195198160344,1.2947487360471972,-0.5814619509126032
TCGA-B5-A11V,-0.6596507815458125,-0.6126753752700382,0.48238079675175527,0.711798156535005
TCGA-AP-A1DH,0.8506360760626006,0.8746024318053689,0.768279508360255,0.023094538370510193
TCGA-A5-A0GG,-0.11722924525947591,0.5323061771050636,0.58985346959283,0.41782910698200854
TCGA-AX-A2HA,-0.9703308297765256,-0.3160897248241032,0.6762271076734797,1.045784191900828
TCGA-AP-A1DM,0.14345619981807717,0.34780049932741774,0.39741615677096354,0.42901094429766007
TCGA-B5-A0K4,-0.8368175727429884,-0.6596015987575348,-0.3470708296236675,-1.1818406713865814
TCGA-D1-A0ZQ,0.03343877526585496,-0.05380624872421041,0.08053504918384673,1.0137442006505375
TCGA-AX-A1CN,1.1475132708355258,0.9881996179415229,0.44198302682099944,1.2121910377965401
TCGA-B5-A11I,0.9484723807598617,0.9797781766898436,1.192203226778286,0.6828587128016657
TCGA-KP-A3VZ,1.7681049841800913,1.4636916833962965,1.289761425956541,-1.801871687985067
TCGA-D1-A17U,-0.5667148239433062,-0.30030958969203725,-0.04775403923880706,0.20054267333295514
TCGA-BK-A13C,-0.5708999592429602,-0.8261977567856743,-0.7939677420287846,-1.4655762985384972
TCGA-BS-A0TD,-0.5135734913667607,-0.11760412612205248,-0.10530097125294627,-1.152762386279022
TCGA-EO-A3L0,0.5007668156322778,0.8966029318113503,0.7488532170579505,-0.6375258366466721
TCGA-AX-A05S,-0.8365728008527921,-0.440708665606259,-0.3262817361148011,0.26050889915987113
TCGA-B5-A5OD,-0.33412817231026953,-0.06143006578151754,-0.11457751953106053,-0.10108258744714331
TCGA-D1-A2G7,0.6568078467035742,0.28781642970632093,-0.10729419464112373,0.42945975427341937
TCGA-EY-A1GQ,0.8095782135915117,0.4714038662494861,0.892886102315322,0.24207062146802058
TCGA-D1-A0ZV,-1.7990490852907237,-1.4061726815612399,-0.7888533862317514,-0.25217705470946544
TCGA-B5-A0K1,0.41511723810939943,0.14584063429932273,0.21563754675158234,-0.13150495928993466
TCGA-A5-A0VP,0.31781287087997295,0.14035070427317023,-0.41627879179496013,0.2651308080353282
TCGA-KP-A3W1,0.09946974720036225,0.6583090513126276,0.016032281852062562,0.5247303280945524
TCGA-B5-A11P,0.1936187090202548,-0.2528882028069951,0.3316270262901792,-0.7741043921265187
TCGA-D1-A2G6,-0.6054630456473294,-0.9756000744985391,-0.06456635155935513,-0.051280611774112056
TCGA-DI-A2QU,0.9848310861379428,0.7597652284877258,0.921300828576152,0.7888203309863069
TCGA-BG-A0MK,-2.0600661182168563,-1.918577868037298,-2.596716839587806,-0.9068310946864659
TCGA-SJ-A6ZJ,-0.3837495879034148,-0.24248483865425063,0.28228361142442576,-1.4637296235888488
TCGA-D1-A15W,-1.0245335680913794,-1.126586028457258,-0.9801126168306126,1.0837069063743257
TCGA-FI-A2EU,0.7575039290917256,0.8910078955177138,-0.36859390938154696,-0.43667180901654956
TCGA-DI-A1NO,1.4875908425839413,1.2438424137100825,1.8259650495205069,-2.56556826970525
TCGA-A5-A1OJ,-2.1176027417556997,-2.241975270162903,-2.109360069696119,0.6385433744110214
TCGA-B5-A0JT,0.3612120803278299,0.1431018190047159,0.3317250670130735,0.1696121958275785
TCGA-D1-A168,-1.2184912687616853,-0.6615739037358737,-1.6055460120629232,-0.8718207209765995
TCGA-AP-A0LD,0.16577117860365256,0.5322525387195248,-0.16914870088559522,-1.37477920245199
TCGA-D1-A16B,-0.7948524194350671,-0.40841355481709823,0.23972954833474797,0.3739028669598664
TCGA-D1-A1O0,1.3895495489048244,1.2182253618471233,0.3801736311702976,-1.965282851673166
TCGA-FI-A2EW,0.5518145835036841,0.6647807206182776,-0.20343471096217697,-0.19978028908878312
TCGA-BG-A0MQ,0.24055930704829329,-0.13351721874384828,0.5100180285711841,0.03635653692704783
TCGA-BG-A220,1.1297893459642656,0.8282034662094492,1.484325211278152,-0.22833265883840836
TCGA-A5-A0G1,-0.04064297509097877,-0.2167883787716357,0.0007023798204825842,1.272136979682929
TCGA-D1-A16N,-0.01604569940032093,0.8313973891295893,-1.0233944799761423,-1.0111106311736697
TCGA-EO-A22T,1.171470348875009,1.3838606759801202,0.5816560816783337,2.4221574900412914
TCGA-AX-A05Z,-0.43545336107509713,0.09446233445595022,0.27834286294142074,-0.7399430921862367
TCGA-B5-A0K3,0.4772043434952615,0.5957115816424533,0.8867339791430313,-0.44204926578000764
TCGA-EO-A1Y7,0.42071270706513925,0.8177024314573199,1.0914436318064882,-1.5436073175520355
TCGA-AX-A0J1,0.4829439719550139,0.6389575334383159,1.28423989939943,0.8707313256922966
TCGA-BK-A13B,-0.5566325496594723,-0.4417875944230029,0.04989808656205642,0.23433249487417987
TCGA-BS-A0VI,-1.0962860084631039,-0.861757852746367,-0.7944888775402038,-0.7404694135782117
TCGA-D1-A176,-0.7215465540262102,-0.44733418791265445,-0.5223076410629524,-0.00395656514733373
TCGA-AX-A1CP,0.01587466922515203,0.29785356042232064,-0.2928923455634075,0.07882695431426448
TCGA-BG-A0MC,-2.049752197218057,-1.4111413362621994,-1.8713630133444725,-1.6160548412283966
TCGA-D1-A165,-0.41234471759496094,-0.14338017093898506,0.6389554248123785,0.06914601020952356
TCGA-EY-A548,-0.5843347300267828,-0.8430756686582646,-0.08760519038225212,-0.035038469821522124
TCGA-AX-A1CK,1.033400305288196,0.20665763121943934,0.16692498740632136,-1.3702081592403015
TCGA-D1-A16R,-0.7438052104388795,-0.5475220677693634,-0.6500607826262733,0.6702039238936692
TCGA-D1-A162,0.07620260623840078,0.07876918376288672,0.12378360654399345,0.3214257803412508
TCGA-A5-A0GR,-1.5928887272500023,-1.398886758577564,-0.7810700002041461,1.526107227470365
TCGA-AX-A1CJ,-1.032174435363827,-0.8494778813204724,-0.2796435109819654,-1.5323359398593122
TCGA-EO-A22Y,-0.07896090184953544,-0.10511224512116138,-0.46888077565477176,0.06193443849778107
TCGA-B5-A1MX,1.3441465624076407,0.9103839134918427,1.5831901649173417,0.7612606137512492
TCGA-AX-A0J0,1.8020566583528128,1.3799994707750203,1.297704085455869,-0.2715211931383215
TCGA-AJ-A3OJ,0.39914627747236653,0.3539608976974807,0.18583739637708102,0.11592483523634217
TCGA-AX-A2HH,1.0224690621281103,0.5526827941637628,0.14025162320962267,-1.5696407172006033
TCGA-AJ-A3BD,0.8465319387677932,0.9499943053513935,0.47716338265734065,-0.6545350456086201
TCGA-DI-A1NN,0.9286547514458684,0.8532170295029322,1.968258916399095,0.7071810604796552
TCGA-EY-A1GM,0.11837597904396435,0.2817214873810805,-0.7860163390507897,0.1865862472081724
TCGA-AX-A2IN,0.9659465623877533,1.3500607164479492,0.3921686033999046,0.014620975646333117
TCGA-EO-A2CG,0.004223405237310543,0.43623016461694314,0.9903847314088724,1.0603096612316543
TCGA-A5-A0GP,0.5518176041305476,1.0385260004669208,1.348130891633872,-0.2976473654125131
TCGA-AP-A0LN,-1.1362250358619244,-1.2345278474983874,-0.1579996955931208,-0.8564883080984605
TCGA-AX-A0IU,0.3570380164220206,0.468970342396828,0.31941529730383617,0.1853611444858528
TCGA-H5-A2HR,0.9657146476553989,1.1723650920900202,1.4523805017671798,-2.7233442114137283
TCGA-E6-A1LX,1.7981584197851253,1.2326392049731345,1.7559234830296877,0.28209380648911975
TCGA-FI-A3PV,0.3117483787110603,0.48884886640242586,-0.6151658856508002,0.20383500808646488
TCGA-BG-A0MT,-0.21841513222666759,-0.12494939127987567,0.3010817797173713,-0.5284512904855596
TCGA-EY-A549,-1.1219867076486227,-1.010724821349781,-0.46908968965369113,-0.5586338795747915
TCGA-D1-A1O7,0.5020842877094341,0.6031958659320792,0.4342485669155613,-0.568350129432448
TCGA-AJ-A3NF,0.04738854208680517,0.544346428106772,0.11146797716336462,1.5768791514698415
TCGA-BK-A0C9,-0.5015500275882182,-0.028614611263318546,0.19758356380933564,-2.088543437640389
TCGA-AJ-A5DW,1.2757209304802808,0.9447435098889175,0.7760756401909169,0.3887399772078735
TCGA-AP-A05J,0.2539592001150228,0.8023301593629036,0.20242518790372613,-1.4623014394360698
TCGA-D1-A103,-0.1697319989708478,-0.22437388127369876,-0.45636651653587895,0.8759398237713806
