sample_id,label
TCGA-2E-A9G8,Endometrioid
TCGA-4E-A92E,Endometrioid
TCGA-5B-A90C,Endometrioid
TCGA-5S-A9Q8,Endometrioid
TCGA-A5-A0G1,Serous
TCGA-A5-A0G2,Serous
TCGA-A5-A0G3,Serous
TCGA-A5-A0G5,Serous
TCGA-A5-A0G9,Endometrioid
TCGA-A5-A0GA,Endometrioid
TCGA-A5-A0GB,Endometrioid
TCGA-A5-A0GD,Endometrioid
TCGA-A5-A0GE,Endometrioid
TCGA-A5-A0GG,Endometrioid
TCGA-A5-A0GH,Endometrioid
TCGA-A5-A0GI,Endometrioid
TCGA-A5-A0GJ,Endometrioid
TCGA-A5-A0GM,Endometrioid
TCGA-A5-A0GN,Endometrioid
TCGA-A5-A0GP,Endometrioid
TCGA-A5-A0GQ,Endometrioid
TCGA-A5-A0GR,Endometrioid
TCGA-A5-A0GU,Endometrioid
TCGA-A5-A0GV,Endometrioid
TCGA-A5-A0GW,Endometrioid
TCGA-A5-A0GX,Endometrioid
TCGA-A5-A0R6,Serous
TCGA-A5-A0R7,Endometrioid
TCGA-A5-A0R8,Endometrioid
TCGA-A5-A0R9,Endometrioid
TCGA-A5-A0RA,Endometrioid
TCGA-A5-A0VO,Endometrioid
TCGA-A5-A0VP,Endometrioid
TCGA-A5-A0VQ,Endometrioid
TCGA-A5-A1OF,Mixed
TCGA-A5-A1OG,Serous
TCGA-A5-A1OH,Serous
TCGA-A5-A1OJ,Endometrioid
TCGA-A5-A1OK,Endometrioid
TCGA-A5-A2K2,Serous
TCGA-A5-A2K3,Serous
TCGA-A5-A2K4,Serous
TCGA-A5-A2K5,Endometrioid
TCGA-A5-A2K7,Endometrioid
TCGA-A5-A3LO,Endometrioid
TCGA-A5-A3LP,Serous
TCGA-A5-A7WJ,Endometrioid
TCGA-A5-A7WK,Mixed
TCGA-A5-AB3J,Endometrioid
TCGA-AJ-A23M,Serous
TCGA-AJ-A23N,Serous
TCGA-AJ-A23O,Endometrioid
TCGA-AJ-A2QK,Endometrioid
TCGA-AJ-A2QL,Endometrioid
TCGA-AJ-A2QM,Serous
TCGA-AJ-A2QN,Endometrioid
TCGA-AJ-A2QO,Endometrioid
TCGA-AJ-A3BD,Serous
TCGA-AJ-A3BF,Serous
TCGA-AJ-A3BG,Mixed
TCGA-AJ-A3BH,Endometrioid
TCGA-AJ-A3BI,Endometrioid
TCGA-AJ-A3BK,Endometrioid
TCGA-AJ-A3EJ,Mixed
TCGA-AJ-A3EK,Endometrioid
TCGA-AJ-A3EL,Endometrioid
TCGA-AJ-A3EM,Endometrioid
TCGA-AJ-A3I9,Endometrioid
TCGA-AJ-A3IA,Serous
TCGA-AJ-A3NC,Endometrioid
TCGA-AJ-A3NE,Endometrioid
TCGA-AJ-A3NF,Serous
TCGA-AJ-A3NG,Mixed
TCGA-AJ-A3NH,Serous
TCGA-AJ-A3OJ,Endometrioid
TCGA-AJ-A3OK,Serous
TCGA-AJ-A3OL,Endometrioid
TCGA-AJ-A3QS,Serous
TCGA-AJ-A3TW,Serous
TCGA-AJ-A4ZG,Serous
TCGA-AJ-A5DV,Endometrioid
TCGA-AJ-A5DW,Endometrioid
TCGA-AJ-A6NU,Endometrioid
TCGA-AJ-A8CT,Endometrioid
TCGA-AJ-A8CV,Endometrioid
TCGA-AJ-A8CW,Endometrioid
TCGA-AP-A051,Endometrioid
TCGA-AP-A052,Serous
TCGA-AP-A053,Endometrioid
TCGA-AP-A054,Endometrioid
TCGA-AP-A056,Endometrioid
TCGA-AP-A059,Endometrioid
TCGA-AP-A05A,Serous
TCGA-AP-A05D,Serous
TCGA-AP-A05H,Serous
TCGA-AP-A05J,Serous
TCGA-AP-A05N,Endometrioid
TCGA-AP-A05O,Endometrioid
TCGA-AP-A05P,Endometrioid
TCGA-AP-A0L8,Serous
TCGA-AP-A0L9,Serous
TCGA-AP-A0LD,Endometrioid
TCGA-AP-A0LE,Endometrioid
TCGA-AP-A0LF,Endometrioid
TCGA-AP-A0LG,Endometrioid
TCGA-AP-A0LH,Mixed
TCGA-AP-A0LI,Serous
TCGA-AP-A0LJ,Endometrioid
TCGA-AP-A0LL,Endometrioid
TCGA-AP-A0LM,Endometrioid
TCGA-AP-A0LN,Endometrioid
TCGA-AP-A0LO,Endometrioid
TCGA-AP-A0LP,Endometrioid
TCGA-AP-A0LQ,Endometrioid
TCGA-AP-A0LS,Endometrioid
TCGA-AP-A0LT,Endometrioid
TCGA-AP-A0LV,Endometrioid
TCGA-AP-A1DH,Endometrioid
TCGA-AP-A1DK,Endometrioid
TCGA-AP-A1DM,Endometrioid
TCGA-AP-A1DO,Endometrioid
TCGA-AP-A1DP,Endometrioid
TCGA-AP-A1DQ,Serous
TCGA-AP-A1DR,Endometrioid
TCGA-AP-A1DV,Endometrioid
TCGA-AP-A1E0,Endometrioid
TCGA-AP-A1E1,Endometrioid
TCGA-AP-A1E3,Endometrioid
TCGA-AP-A1E4,Endometrioid
TCGA-AP-A3K1,Serous
TCGA-AP-A5FX,Mixed
TCGA-AW-A1PO,Endometrioid
TCGA-AX-A05S,Endometrioid
TCGA-AX-A05T,Endometrioid
TCGA-AX-A05U,Endometrioid
TCGA-AX-A05W,Endometrioid
TCGA-AX-A05Y,Endometrioid
TCGA-AX-A05Z,Endometrioid
TCGA-AX-A060,Endometrioid
TCGA-AX-A062,Endometrioid
TCGA-AX-A063,Endometrioid
TCGA-AX-A064,Endometrioid
TCGA-AX-A06B,Endometrioid
TCGA-AX-A06D,Endometrioid
TCGA-AX-A06F,Endometrioid
TCGA-AX-A06H,Endometrioid
TCGA-AX-A06J,Endometrioid
TCGA-AX-A06L,Endometrioid
TCGA-AX-A0IS,Endometrioid
TCGA-AX-A0IU,Serous
TCGA-AX-A0IW,Serous
TCGA-AX-A0IZ,Endometrioid
TCGA-AX-A0J0,Endometrioid
TCGA-AX-A0J1,Endometrioid
TCGA-AX-A1C4,Endometrioid
TCGA-AX-A1C5,Endometrioid
TCGA-AX-A1C7,Serous
TCGA-AX-A1C8,Serous
TCGA-AX-A1C9,Endometrioid
TCGA-AX-A1CA,Serous
TCGA-AX-A1CC,Serous
TCGA-AX-A1CE,Endometrioid
TCGA-AX-A1CF,Endometrioid
TCGA-AX-A1CI,Endometrioid
TCGA-AX-A1CJ,Endometrioid
TCGA-AX-A1CK,Endometrioid
TCGA-AX-A1CN,Endometrioid
TCGA-AX-A1CP,Serous
TCGA-AX-A1CR,Mixed
TCGA-AX-A2H2,Serous
TCGA-AX-A2H4,Serous
TCGA-AX-A2H5,Serous
TCGA-AX-A2H7,Endometrioid
TCGA-AX-A2H8,Endometrioid
TCGA-AX-A2HA,Endometrioid
TCGA-AX-A2HC,Endometrioid
TCGA-AX-A2HD,Endometrioid
TCGA-AX-A2HF,Serous
TCGA-AX-A2HG,Endometrioid
TCGA-AX-A2HH,Endometrioid
TCGA-AX-A2HJ,Endometrioid
TCGA-AX-A2HK,Endometrioid
TCGA-AX-A2IN,Endometrioid
TCGA-AX-A2IO,Serous
TCGA-AX-A3FS,Endometrioid
TCGA-AX-A3FT,Endometrioid
TCGA-AX-A3FV,Endometrioid
TCGA-AX-A3FW,Endometrioid
TCGA-AX-A3FX,Endometrioid
TCGA-AX-A3FZ,Endometrioid
TCGA-AX-A3G1,Endometrioid
TCGA-AX-A3G3,Serous
TCGA-AX-A3G4,Serous
TCGA-AX-A3G6,Serous
TCGA-AX-A3G7,Serous
TCGA-AX-A3G8,Endometrioid
TCGA-AX-A3G9,Endometrioid
TCGA-AX-A3GB,Endometrioid
TCGA-AX-A3GI,Serous
TCGA-B5-A0JN,Serous
TCGA-B5-A0JR,Endometrioid
TCGA-B5-A0JS,Endometrioid
TCGA-B5-A0JT,Endometrioid
TCGA-B5-A0JU,Endometrioid
TCGA-B5-A0JV,Endometrioid
TCGA-B5-A0JX,Endometrioid
TCGA-B5-A0JY,Endometrioid
TCGA-B5-A0JZ,Endometrioid
TCGA-B5-A0K0,Endometrioid
TCGA-B5-A0K1,Endometrioid
TCGA-B5-A0K2,Endometrioid
TCGA-B5-A0K3,Endometrioid
TCGA-B5-A0K4,Endometrioid
TCGA-B5-A0K6,Endometrioid
TCGA-B5-A0K7,Endometrioid
TCGA-B5-A0K8,Serous
TCGA-B5-A0K9,Endometrioid
TCGA-B5-A0KB,Endometrioid
TCGA-B5-A11E,Endometrioid
TCGA-B5-A11F,Endometrioid
TCGA-B5-A11G,Endometrioid
TCGA-B5-A11H,Endometrioid
TCGA-B5-A11I,Endometrioid
TCGA-B5-A11J,Endometrioid
TCGA-B5-A11L,Endometrioid
TCGA-B5-A11M,Endometrioid
TCGA-B5-A11N,Endometrioid
TCGA-B5-A11O,Endometrioid
TCGA-B5-A11P,Endometrioid
TCGA-B5-A11Q,Endometrioid
TCGA-B5-A11R,Endometrioid
TCGA-B5-A11S,Endometrioid
TCGA-B5-A11U,Endometrioid
TCGA-B5-A11V,Endometrioid
TCGA-B5-A11W,Endometrioid
TCGA-B5-A11X,Endometrioid
TCGA-B5-A11Y,Endometrioid
TCGA-B5-A11Z,Endometrioid
TCGA-B5-A121,Endometrioid
TCGA-B5-A1MR,Endometrioid
TCGA-B5-A1MS,Serous
TCGA-B5-A1MU,Serous
TCGA-B5-A1MV,Endometrioid
TCGA-B5-A1MW,Endometrioid
TCGA-B5-A1MX,Endometrioid
TCGA-B5-A1MY,Serous
TCGA-B5-A1MZ,Endometrioid
TCGA-B5-A1N2,Serous
TCGA-B5-A3F9,Endometrioid
TCGA-B5-A3FA,Endometrioid
TCGA-B5-A3FB,Endometrioid
TCGA-B5-A3FC,Endometrioid
TCGA-B5-A3FD,Endometrioid
TCGA-B5-A3FH,Endometrioid
TCGA-B5-A3S1,Serous
TCGA-B5-A5OC,Endometrioid
TCGA-B5-A5OD,Serous
TCGA-B5-A5OE,Serous
TCGA-BG-A0LW,Endometrioid
TCGA-BG-A0LX,Endometrioid
TCGA-BG-A0M0,Endometrioid
TCGA-BG-A0M2,Endometrioid
TCGA-BG-A0M3,Endometrioid
TCGA-BG-A0M4,Endometrioid
TCGA-BG-A0M6,Serous
TCGA-BG-A0M7,Endometrioid
TCGA-BG-A0M8,Endometrioid
TCGA-BG-A0M9,Endometrioid
TCGA-BG-A0MA,Endometrioid
TCGA-BG-A0MC,Endometrioid
TCGA-BG-A0MG,Endometrioid
TCGA-BG-A0MH,Endometrioid
TCGA-BG-A0MI,Endometrioid
TCGA-BG-A0MK,Endometrioid
TCGA-BG-A0MO,Endometrioid
TCGA-BG-A0MQ,Endometrioid
TCGA-BG-A0MS,Endometrioid
TCGA-BG-A0MT,Endometrioid
TCGA-BG-A0MU,Endometrioid
TCGA-BG-A0RY,Endometrioid
TCGA-BG-A0VT,Endometrioid
TCGA-BG-A0VV,Endometrioid
TCGA-BG-A0VW,Endometrioid
TCGA-BG-A0VX,Endometrioid
TCGA-BG-A0VZ,Endometrioid
TCGA-BG-A0W1,Endometrioid
TCGA-BG-A0W2,Endometrioid
TCGA-BG-A0YU,Endometrioid
TCGA-BG-A0YV,Serous
TCGA-BG-A186,Endometrioid
TCGA-BG-A187,Endometrioid
TCGA-BG-A18A,Endometrioid
TCGA-BG-A18B,Endometrioid
TCGA-BG-A18C,Endometrioid
TCGA-BG-A220,Endometrioid
TCGA-BG-A221,Endometrioid
TCGA-BG-A222,Endometrioid
TCGA-BG-A2AD,Endometrioid
TCGA-BG-A2AE,Endometrioid
TCGA-BG-A2L7,Endometrioid
TCGA-BG-A3EW,Endometrioid
TCGA-BG-A3PP,Serous
TCGA-BK-A0C9,Endometrioid
TCGA-BK-A0CA,Mixed
TCGA-BK-A0CB,Endometrioid
TCGA-BK-A0CC,Serous
TCGA-BK-A139,Endometrioid
TCGA-BK-A13B,Endometrioid
TCGA-BK-A13C,Endometrioid
TCGA-BK-A26L,Serous
TCGA-BK-A4ZD,Endometrioid
TCGA-BK-A56F,Endometrioid
TCGA-BK-A6W3,Endometrioid
TCGA-BK-A6W4,Endometrioid
TCGA-BS-A0T9,Endometrioid
TCGA-BS-A0TA,Endometrioid
TCGA-BS-A0TC,Endometrioid
TCGA-BS-A0TD,Endometrioid
TCGA-BS-A0TE,Endometrioid
TCGA-BS-A0TG,Endometrioid
TCGA-BS-A0TI,Endometrioid
TCGA-BS-A0TJ,Endometrioid
TCGA-BS-A0U5,Endometrioid
TCGA-BS-A0U7,Endometrioid
TCGA-BS-A0U8,Endometrioid
TCGA-BS-A0U9,Endometrioid
TCGA-BS-A0UA,Endometrioid
TCGA-BS-A0UF,Endometrioid
TCGA-BS-A0UJ,Endometrioid
TCGA-BS-A0UL,Endometrioid
TCGA-BS-A0UM,Endometrioid
TCGA-BS-A0UT,Endometrioid
TCGA-BS-A0UV,Endometrioid
TCGA-BS-A0V4,Endometrioid
TCGA-BS-A0V6,Endometrioid
TCGA-BS-A0V7,Endometrioid
TCGA-BS-A0V8,Endometrioid
TCGA-BS-A0VI,Endometrioid
TCGA-BS-A0WQ,Endometrioid
TCGA-D1-A0ZN,Endometrioid
TCGA-D1-A0ZO,Endometrioid
TCGA-D1-A0ZP,Serous
TCGA-D1-A0ZQ,Endometrioid
TCGA-D1-A0ZR,Endometrioid
TCGA-D1-A0ZS,Endometrioid
TCGA-D1-A0ZU,Endometrioid
TCGA-D1-A0ZV,Endometrioid
TCGA-D1-A0ZZ,Mixed
TCGA-D1-A101,Endometrioid
TCGA-D1-A102,Endometrioid
TCGA-D1-A103,Endometrioid
TCGA-D1-A15V,Serous
TCGA-D1-A15W,Endometrioid
TCGA-D1-A15X,Serous
TCGA-D1-A15Z,Endometrioid
TCGA-D1-A160,Endometrioid
TCGA-D1-A161,Endometrioid
TCGA-D1-A162,Endometrioid
TCGA-D1-A163,Endometrioid
TCGA-D1-A165,Endometrioid
TCGA-D1-A167,Endometrioid
TCGA-D1-A168,Endometrioid
TCGA-D1-A169,Endometrioid
TCGA-D1-A16B,Endometrioid
TCGA-D1-A16D,Endometrioid
TCGA-D1-A16E,Endometrioid
TCGA-D1-A16F,Endometrioid
TCGA-D1-A16G,Serous
TCGA-D1-A16I,Serous
TCGA-D1-A16J,Endometrioid
TCGA-D1-A16N,Endometrioid
TCGA-D1-A16O,Endometrioid
TCGA-D1-A16Q,Endometrioid
TCGA-D1-A16R,Endometrioid
TCGA-D1-A16S,Serous
TCGA-D1-A16V,Endometrioid
TCGA-D1-A16X,Endometrioid
TCGA-D1-A16Y,Endometrioid
TCGA-D1-A174,Endometrioid
TCGA-D1-A175,Endometrioid
TCGA-D1-A176,Endometrioid
TCGA-D1-A177,Endometrioid
TCGA-D1-A179,Serous
TCGA-D1-A17A,Endometrioid
TCGA-D1-A17B,Endometrioid
TCGA-D1-A17C,Endometrioid
TCGA-D1-A17D,Endometrioid
TCGA-D1-A17F,Endometrioid
TCGA-D1-A17H,Endometrioid
TCGA-D1-A17K,Endometrioid
TCGA-D1-A17L,Endometrioid
TCGA-D1-A17M,Endometrioid
TCGA-D1-A17N,Endometrioid
TCGA-D1-A17Q,Endometrioid
TCGA-D1-A17R,Endometrioid
TCGA-D1-A17S,Endometrioid
TCGA-D1-A17T,Endometrioid
TCGA-D1-A17U,Endometrioid
TCGA-D1-A1NS,Endometrioid
TCGA-D1-A1NU,Serous
TCGA-D1-A1NW,Mixed
TCGA-D1-A1NX,Serous
TCGA-D1-A1NY,Endometrioid
TCGA-D1-A1NZ,Endometrioid
TCGA-D1-A1O0,Endometrioid
TCGA-D1-A1O5,Endometrioid
TCGA-D1-A1O7,Endometrioid
TCGA-D1-A1O8,Endometrioid
TCGA-D1-A2G0,Mixed
TCGA-D1-A2G5,Endometrioid
TCGA-D1-A2G6,Endometrioid
TCGA-D1-A2G7,Serous
TCGA-D1-A3DA,Endometrioid
TCGA-D1-A3DG,Endometrioid
TCGA-D1-A3DH,Endometrioid
TCGA-D1-A3JP,Serous
TCGA-D1-A3JQ,Serous
TCGA-DF-A2KN,Endometrioid
TCGA-DF-A2KR,Endometrioid
TCGA-DF-A2KS,Endometrioid
TCGA-DF-A2KU,Endometrioid
TCGA-DF-A2KV,Endometrioid
TCGA-DF-A2KY,Endometrioid
TCGA-DF-A2KZ,Endometrioid
TCGA-DF-A2L0,Endometrioid
TCGA-DI-A0WH,Endometrioid
TCGA-DI-A1BU,Mixed
TCGA-DI-A1BY,Endometrioid
TCGA-DI-A1C3,Endometrioid
TCGA-DI-A1NN,Serous
TCGA-DI-A1NO,Endometrioid
TCGA-DI-A2QT,Serous
TCGA-DI-A2QU,Endometrioid
TCGA-DI-A2QY,Serous
TCGA-E6-A1LX,Endometrioid
TCGA-E6-A1LZ,Serous
TCGA-E6-A1M0,Endometrioid
TCGA-E6-A2P8,Mixed
TCGA-E6-A2P9,Endometrioid
TCGA-E6-A8L9,Serous
TCGA-EC-A1NJ,Endometrioid
TCGA-EC-A1QX,Endometrioid
TCGA-EC-A24G,Endometrioid
TCGA-EO-A1Y5,Serous
TCGA-EO-A1Y7,Endometrioid
TCGA-EO-A1Y8,Serous
TCGA-EO-A22R,Endometrioid
TCGA-EO-A22S,Endometrioid
TCGA-EO-A22T,Endometrioid
TCGA-EO-A22U,Endometrioid
TCGA-EO-A22X,Endometrioid
TCGA-EO-A22Y,Endometrioid
TCGA-EO-A2CG,Serous
TCGA-EO-A2CH,Serous
TCGA-EO-A3AS,Endometrioid
TCGA-EO-A3AU,Endometrioid
TCGA-EO-A3AV,Endometrioid
TCGA-EO-A3AY,Endometrioid
TCGA-EO-A3AZ,Mixed
TCGA-EO-A3B0,Endometrioid
TCGA-EO-A3B1,Serous
TCGA-EO-A3KU,Serous
TCGA-EO-A3KW,Serous
TCGA-EO-A3KX,Endometrioid
TCGA-EO-A3L0,Endometrioid
TCGA-EY-A1G7,Endometrioid
TCGA-EY-A1G8,Endometrioid
TCGA-EY-A1GC,Endometrioid
TCGA-EY-A1GD,Endometrioid
TCGA-EY-A1GE,Endometrioid
TCGA-EY-A1GF,Endometrioid
TCGA-EY-A1GH,Endometrioid
TCGA-EY-A1GI,Endometrioid
TCGA-EY-A1GJ,Endometrioid
TCGA-EY-A1GK,Endometrioid
TCGA-EY-A1GL,Endometrioid
TCGA-EY-A1GM,Mixed
TCGA-EY-A1GO,Endometrioid
TCGA-EY-A1GP,Endometrioid
TCGA-EY-A1GQ,Endometrioid
TCGA-EY-A1GR,Endometrioid
TCGA-EY-A1GS,Serous
TCGA-EY-A1GT,Endometrioid
TCGA-EY-A1GU,Endometrioid
TCGA-EY-A1GV,Mixed
TCGA-EY-A1GW,Endometrioid
TCGA-EY-A1GX,Endometrioid
TCGA-EY-A1H0,Endometrioid
TCGA-EY-A210,Mixed
TCGA-EY-A212,Serous
TCGA-EY-A214,Endometrioid
TCGA-EY-A215,Endometrioid
TCGA-EY-A2OM,Endometrioid
TCGA-EY-A2ON,Serous
TCGA-EY-A2OO,Mixed
TCGA-EY-A2OP,Endometrioid
TCGA-EY-A2OQ,Endometrioid
TCGA-EY-A3L3,Serous
TCGA-EY-A3QX,Serous
TCGA-EY-A4KR,Serous
TCGA-EY-A547,Endometrioid
TCGA-EY-A548,Endometrioid
TCGA-EY-A549,Endometrioid
TCGA-EY-A54A,Endometrioid
TCGA-EY-A5W2,Endometrioid
TCGA-EY-A72D,Endometrioid
TCGA-FI-A2CX,Endometrioid
TCGA-FI-A2CY,Mixed
TCGA-FI-A2D0,Endometrioid
TCGA-FI-A2D2,Mixed
TCGA-FI-A2D4,Endometrioid
TCGA-FI-A2D5,Endometrioid
TCGA-FI-A2D6,Endometrioid
TCGA-FI-A2EU,Serous
TCGA-FI-A2EW,Serous
TCGA-FI-A2EX,Serous
TCGA-FI-A2EY,Serous
TCGA-FI-A2F4,Endometrioid
TCGA-FI-A2F8,Serous
TCGA-FI-A2F9,Endometrioid
TCGA-FI-A3PV,Serous
TCGA-FI-A3PX,Serous
TCGA-H5-A2HR,Endometrioid
TCGA-JU-AAVI,Serous
TCGA-K6-A3WQ,Serous
TCGA-KJ-A3U4,Serous
TCGA-KP-A3VZ,Serous
TCGA-KP-A3W0,Serous
TCGA-KP-A3W1,Serous
TCGA-KP-A3W3,Serous
TCGA-KP-A3W4,Serous
TCGA-PG-A5BC,Serous
TCGA-PG-A6IB,Serous
TCGA-PG-A7D5,Serous
TCGA-PG-A914,Serous
TCGA-PG-A915,Serous
TCGA-PG-A916,Endometrioid
TCGA-PG-A917,Endometrioid
TCGA-QF-A5YS,Mixed
TCGA-QF-A5YT,Endometrioid
TCGA-QS-A5YQ,Endometrioid
TCGA-QS-A5YR,Endometrioid
TCGA-QS-A744,Endometrioid
TCGA-QS-A8F1,Serous
TCGA-SJ-A6ZI,Endometrioid
TCGA-SJ-A6ZJ,Endometrioid
TCGA-SL-A6J9,Endometrioid
TCGA-SL-A6JA,Endometrioid
