# source: TCGA-CDR.xlsx (Liu et al., Cell 2018), rows where type == BLCA
# extracted: 2026-09-11 11:25 by extract_cdr.py
bcr_patient_barcode,OS,OS.time,PFI,PFI.time,DSS,DSS.time,DFI,DFI.time
TCGA-2F-A9KO,1.0,734.0,1.0,651.0,1.0,734.0,,
TCGA-2F-A9KP,1.0,364.0,1.0,343.0,1.0,364.0,,
TCGA-2F-A9KQ,0.0,2886.0,0.0,2886.0,0.0,2886.0,0.0,2886.0
TCGA-2F-A9KR,1.0,3183.0,1.0,3086.0,1.0,3183.0,1.0,3086.0
TCGA-2F-A9KT,0.0,3314.0,0.0,3314.0,0.0,3314.0,0.0,3314.0
TCGA-2F-A9KW,1.0,254.0,1.0,85.0,1.0,254.0,,
TCGA-4Z-AA7M,0.0,495.0,0.0,495.0,0.0,495.0,0.0,495.0
TCGA-4Z-AA7N,1.0,1367.0,0.0,1367.0,0.0,1367.0,0.0,1367.0
TCGA-4Z-AA7O,0.0,512.0,0.0,512.0,0.0,512.0,0.0,512.0
TCGA-4Z-AA7Q,1.0,510.0,0.0,510.0,0.0,510.0,,
TCGA-4Z-AA7R,1.0,522.0,1.0,353.0,1.0,522.0,,
TCGA-4Z-AA7S,1.0,1064.0,0.0,1064.0,0.0,1064.0,,
TCGA-4Z-AA7W,0.0,840.0,1.0,760.0,0.0,840.0,1.0,760.0
TCGA-4Z-AA7Y,0.0,1522.0,0.0,1522.0,0.0,1522.0,0.0,1522.0
TCGA-4Z-AA80,1.0,19.0,0.0,19.0,0.0,19.0,,
TCGA-4Z-AA81,1.0,1270.0,0.0,1270.0,0.0,1270.0,0.0,1270.0
TCGA-4Z-AA82,1.0,1556.0,1.0,1150.0,1.0,1556.0,,
TCGA-4Z-AA83,0.0,2024.0,0.0,2024.0,0.0,2024.0,0.0,2024.0
TCGA-4Z-AA84,0.0,460.0,0.0,460.0,0.0,460.0,,
TCGA-4Z-AA86,1.0,311.0,1.0,136.0,1.0,311.0,,
TCGA-4Z-AA87,0.0,1454.0,1.0,221.0,0.0,1454.0,,
TCGA-4Z-AA89,0.0,1029.0,1.0,648.0,0.0,1029.0,,
TCGA-5N-A9KI,1.0,76.0,0.0,76.0,0.0,76.0,0.0,76.0
TCGA-5N-A9KM,1.0,530.0,1.0,276.0,1.0,530.0,1.0,276.0
TCGA-BL-A0C8,0.0,1219.0,1.0,630.0,0.0,1219.0,1.0,630.0
TCGA-BL-A13I,1.0,223.0,1.0,216.0,1.0,223.0,,
TCGA-BL-A13J,1.0,81.0,1.0,81.0,1.0,81.0,,
TCGA-BL-A3JM,1.0,205.0,1.0,111.0,1.0,205.0,,
TCGA-BL-A5ZZ,0.0,377.0,1.0,242.0,0.0,377.0,1.0,242.0
TCGA-BT-A0S7,1.0,200.0,1.0,200.0,1.0,200.0,,
TCGA-BT-A0YX,1.0,400.0,1.0,326.0,1.0,400.0,,
TCGA-BT-A20J,1.0,579.0,1.0,254.0,1.0,579.0,,
TCGA-BT-A20N,1.0,795.0,1.0,795.0,1.0,795.0,,
TCGA-BT-A20O,1.0,370.0,1.0,315.0,1.0,370.0,,
TCGA-BT-A20P,1.0,544.0,0.0,544.0,,544.0,,
TCGA-BT-A20Q,1.0,593.0,1.0,593.0,1.0,593.0,,
TCGA-BT-A20R,1.0,154.0,0.0,154.0,,154.0,,
TCGA-BT-A20T,1.0,453.0,1.0,314.0,1.0,453.0,,
TCGA-BT-A20U,1.0,455.0,0.0,455.0,0.0,455.0,0.0,455.0
TCGA-BT-A20V,1.0,154.0,0.0,154.0,,154.0,,
TCGA-BT-A20W,1.0,254.0,0.0,254.0,0.0,254.0,0.0,254.0
TCGA-BT-A20X,1.0,251.0,1.0,251.0,1.0,251.0,,
TCGA-BT-A2LA,0.0,522.0,0.0,522.0,0.0,522.0,0.0,522.0
TCGA-BT-A2LB,1.0,492.0,0.0,492.0,0.0,492.0,0.0,492.0
TCGA-BT-A2LD,1.0,623.0,1.0,555.0,1.0,623.0,,
TCGA-BT-A3PH,1.0,142.0,1.0,142.0,1.0,142.0,,
TCGA-BT-A3PJ,0.0,789.0,0.0,789.0,0.0,789.0,0.0,789.0
TCGA-BT-A3PK,1.0,303.0,1.0,303.0,1.0,303.0,,
TCGA-BT-A42B,1.0,534.0,1.0,534.0,1.0,534.0,,
TCGA-BT-A42C,0.0,873.0,0.0,873.0,0.0,873.0,0.0,873.0
TCGA-BT-A42E,0.0,1108.0,0.0,1108.0,0.0,1108.0,0.0,1108.0
TCGA-BT-A42F,0.0,864.0,0.0,864.0,0.0,864.0,,
TCGA-C4-A0EZ,1.0,273.0,1.0,273.0,1.0,273.0,,
TCGA-C4-A0F0,0.0,59.0,0.0,59.0,0.0,59.0,,
TCGA-C4-A0F1,0.0,89.0,0.0,89.0,0.0,89.0,,
TCGA-C4-A0F6,0.0,700.0,0.0,700.0,0.0,700.0,,
TCGA-C4-A0F7,1.0,62.0,1.0,62.0,1.0,62.0,,
TCGA-CF-A1HR,0.0,389.0,1.0,294.0,0.0,389.0,1.0,294.0
TCGA-CF-A1HS,0.0,382.0,1.0,133.0,0.0,382.0,1.0,133.0
TCGA-CF-A27C,0.0,425.0,0.0,425.0,0.0,425.0,0.0,425.0
TCGA-CF-A3MF,0.0,383.0,0.0,383.0,0.0,383.0,0.0,383.0
TCGA-CF-A3MG,0.0,369.0,0.0,369.0,0.0,369.0,0.0,369.0
TCGA-CF-A3MH,0.0,398.0,0.0,398.0,0.0,398.0,0.0,398.0
TCGA-CF-A3MI,0.0,370.0,0.0,370.0,0.0,370.0,0.0,370.0
TCGA-CF-A47S,0.0,333.0,0.0,333.0,0.0,333.0,0.0,333.0
TCGA-CF-A47T,1.0,385.0,1.0,139.0,1.0,385.0,1.0,139.0
TCGA-CF-A47V,0.0,379.0,0.0,379.0,0.0,379.0,0.0,379.0
TCGA-CF-A47W,0.0,368.0,0.0,368.0,0.0,368.0,0.0,368.0
TCGA-CF-A47X,0.0,384.0,0.0,384.0,0.0,384.0,0.0,384.0
TCGA-CF-A47Y,0.0,373.0,0.0,373.0,0.0,373.0,0.0,373.0
TCGA-CF-A5U8,0.0,399.0,0.0,399.0,0.0,399.0,0.0,399.0
TCGA-CF-A5UA,0.0,365.0,0.0,365.0,0.0,365.0,0.0,365.0
TCGA-CF-A7I0,0.0,368.0,0.0,368.0,0.0,368.0,0.0,368.0
TCGA-CF-A8HX,0.0,345.0,0.0,345.0,0.0,345.0,0.0,345.0
TCGA-CF-A8HY,0.0,345.0,0.0,345.0,0.0,345.0,0.0,345.0
TCGA-CF-A9FF,0.0,361.0,0.0,361.0,0.0,361.0,0.0,361.0
TCGA-CF-A9FH,0.0,0.0,0.0,0.0,0.0,0.0,0.0,0.0
TCGA-CF-A9FL,1.0,565.0,1.0,322.0,1.0,565.0,1.0,322.0
TCGA-CF-A9FM,0.0,398.0,0.0,398.0,0.0,398.0,0.0,398.0
TCGA-CU-A0YN,1.0,393.0,0.0,393.0,,393.0,,
TCGA-CU-A0YO,1.0,149.0,1.0,118.0,1.0,149.0,,
TCGA-CU-A0YR,1.0,460.0,1.0,219.0,1.0,460.0,,
TCGA-CU-A3KJ,0.0,562.0,1.0,166.0,0.0,562.0,,
TCGA-CU-A3QU,0.0,158.0,0.0,158.0,0.0,158.0,,
TCGA-CU-A3YL,0.0,906.0,1.0,370.0,0.0,906.0,1.0,370.0
TCGA-CU-A5W6,1.0,56.0,0.0,56.0,0.0,56.0,0.0,56.0
TCGA-CU-A72E,1.0,413.0,1.0,256.0,1.0,413.0,,
TCGA-DK-A1A3,1.0,665.0,1.0,665.0,1.0,665.0,,
TCGA-DK-A1A5,1.0,65.0,0.0,65.0,0.0,65.0,0.0,65.0
TCGA-DK-A1A6,0.0,2020.0,0.0,2020.0,0.0,2020.0,,
TCGA-DK-A1A7,0.0,560.0,1.0,112.0,0.0,560.0,,
TCGA-DK-A1AA,0.0,578.0,0.0,578.0,0.0,578.0,0.0,578.0
TCGA-DK-A1AB,1.0,508.0,1.0,364.0,,508.0,,
TCGA-DK-A1AC,0.0,3981.0,0.0,3981.0,0.0,3981.0,0.0,3981.0
TCGA-DK-A1AD,0.0,3420.0,0.0,3420.0,0.0,3420.0,,
TCGA-DK-A1AE,0.0,491.0,1.0,211.0,0.0,491.0,,
TCGA-DK-A1AF,0.0,536.0,1.0,283.0,0.0,536.0,,
TCGA-DK-A1AG,0.0,475.0,0.0,475.0,0.0,475.0,0.0,475.0
TCGA-DK-A2HX,1.0,1420.0,0.0,1420.0,0.0,1420.0,,
TCGA-DK-A2I1,0.0,546.0,0.0,546.0,0.0,546.0,0.0,546.0
TCGA-DK-A2I2,1.0,237.0,1.0,163.0,1.0,237.0,,
TCGA-DK-A2I4,0.0,4343.0,0.0,4343.0,0.0,4343.0,0.0,4343.0
TCGA-DK-A2I6,0.0,2656.0,0.0,2656.0,0.0,2656.0,,
TCGA-DK-A3IK,1.0,146.0,0.0,146.0,0.0,146.0,,
TCGA-DK-A3IL,1.0,413.0,0.0,413.0,0.0,413.0,,
TCGA-DK-A3IM,1.0,248.0,1.0,201.0,1.0,248.0,1.0,201.0
TCGA-DK-A3IN,1.0,250.0,0.0,250.0,0.0,250.0,0.0,250.0
TCGA-DK-A3IQ,1.0,539.0,1.0,250.0,1.0,539.0,1.0,250.0
TCGA-DK-A3IS,0.0,1529.0,0.0,1529.0,0.0,1529.0,0.0,1529.0
TCGA-DK-A3IT,0.0,648.0,0.0,648.0,0.0,648.0,0.0,648.0
TCGA-DK-A3IU,1.0,706.0,1.0,462.0,1.0,706.0,1.0,462.0
TCGA-DK-A3IV,1.0,294.0,1.0,212.0,1.0,294.0,,
TCGA-DK-A3WW,0.0,633.0,0.0,633.0,0.0,633.0,0.0,633.0
TCGA-DK-A3WX,1.0,321.0,1.0,167.0,1.0,321.0,,
TCGA-DK-A3WY,0.0,4967.0,0.0,4967.0,0.0,4967.0,0.0,4967.0
TCGA-DK-A3X1,0.0,2009.0,0.0,2009.0,0.0,2009.0,0.0,2009.0
TCGA-DK-A3X2,1.0,547.0,1.0,533.0,1.0,547.0,,
TCGA-DK-A6AV,0.0,1952.0,0.0,1952.0,0.0,1952.0,0.0,1952.0
TCGA-DK-A6AW,0.0,1621.0,0.0,1621.0,0.0,1621.0,0.0,1621.0
TCGA-DK-A6B0,0.0,2330.0,0.0,2330.0,0.0,2330.0,0.0,2330.0
TCGA-DK-A6B1,0.0,2049.0,0.0,2049.0,0.0,2049.0,0.0,2049.0
TCGA-DK-A6B2,0.0,477.0,1.0,268.0,0.0,477.0,,
TCGA-DK-A6B5,0.0,1542.0,0.0,1542.0,0.0,1542.0,,
TCGA-DK-A6B6,0.0,1115.0,0.0,1115.0,0.0,1115.0,0.0,1115.0
TCGA-DK-AA6L,1.0,1163.0,1.0,920.0,1.0,1163.0,,
TCGA-DK-AA6M,0.0,1582.0,0.0,1582.0,0.0,1582.0,,
TCGA-DK-AA6P,0.0,457.0,1.0,16.0,0.0,457.0,,
TCGA-DK-AA6Q,1.0,413.0,1.0,285.0,1.0,413.0,,
TCGA-DK-AA6R,0.0,5041.0,1.0,4907.0,0.0,5041.0,,
TCGA-DK-AA6S,0.0,5050.0,1.0,539.0,0.0,5050.0,1.0,539.0
TCGA-DK-AA6T,0.0,572.0,0.0,572.0,0.0,572.0,0.0,572.0
TCGA-DK-AA6U,0.0,578.0,0.0,578.0,0.0,578.0,0.0,578.0
TCGA-DK-AA6W,1.0,415.0,1.0,379.0,1.0,415.0,,
TCGA-DK-AA6X,0.0,467.0,0.0,467.0,0.0,467.0,,
TCGA-DK-AA71,0.0,415.0,0.0,415.0,0.0,415.0,,
TCGA-DK-AA74,0.0,1708.0,0.0,1708.0,0.0,1708.0,0.0,1708.0
TCGA-DK-AA75,1.0,340.0,1.0,328.0,1.0,340.0,,
TCGA-DK-AA76,0.0,366.0,0.0,366.0,0.0,366.0,0.0,366.0
TCGA-DK-AA77,0.0,618.0,1.0,467.0,0.0,618.0,,
TCGA-E5-A2PC,0.0,1326.0,0.0,1326.0,0.0,1326.0,,
TCGA-E5-A4TZ,1.0,467.0,1.0,435.0,1.0,467.0,,
TCGA-E5-A4U1,0.0,1181.0,1.0,705.0,0.0,1181.0,1.0,705.0
TCGA-E7-A3X6,1.0,904.0,1.0,369.0,1.0,904.0,1.0,369.0
TCGA-E7-A3Y1,0.0,163.0,0.0,163.0,0.0,163.0,0.0,163.0
TCGA-E7-A4IJ,1.0,674.0,1.0,620.0,1.0,674.0,1.0,620.0
TCGA-E7-A4XJ,1.0,68.0,0.0,68.0,0.0,68.0,0.0,68.0
TCGA-E7-A519,0.0,508.0,0.0,508.0,0.0,508.0,0.0,508.0
TCGA-E7-A541,1.0,778.0,0.0,778.0,0.0,778.0,0.0,778.0
TCGA-E7-A5KE,0.0,17.0,0.0,17.0,0.0,17.0,,
TCGA-E7-A5KF,0.0,20.0,0.0,20.0,0.0,20.0,,
TCGA-E7-A677,0.0,820.0,0.0,820.0,0.0,820.0,0.0,820.0
TCGA-E7-A678,0.0,798.0,0.0,798.0,0.0,798.0,0.0,798.0
TCGA-E7-A6MD,0.0,129.0,0.0,129.0,0.0,129.0,,
TCGA-E7-A6ME,0.0,731.0,0.0,731.0,0.0,731.0,0.0,731.0
TCGA-E7-A6MF,0.0,750.0,0.0,750.0,0.0,750.0,0.0,750.0
TCGA-E7-A7DU,0.0,28.0,0.0,28.0,0.0,28.0,0.0,28.0
TCGA-E7-A7DV,0.0,37.0,0.0,37.0,0.0,37.0,,
TCGA-E7-A7PW,0.0,416.0,1.0,174.0,0.0,416.0,1.0,174.0
TCGA-E7-A7XN,0.0,428.0,1.0,190.0,0.0,428.0,,
TCGA-E7-A85H,0.0,394.0,0.0,394.0,0.0,394.0,0.0,394.0
TCGA-E7-A8O7,0.0,466.0,0.0,466.0,0.0,466.0,0.0,466.0
TCGA-E7-A8O8,0.0,13.0,0.0,13.0,0.0,13.0,0.0,13.0
TCGA-E7-A97P,1.0,437.0,0.0,437.0,0.0,437.0,0.0,437.0
TCGA-E7-A97Q,1.0,246.0,1.0,246.0,1.0,246.0,,
TCGA-FD-A3B3,1.0,974.0,0.0,974.0,0.0,974.0,0.0,974.0
TCGA-FD-A3B4,1.0,510.0,1.0,359.0,1.0,510.0,1.0,359.0
TCGA-FD-A3B5,1.0,272.0,1.0,272.0,1.0,272.0,,
TCGA-FD-A3B6,1.0,1005.0,0.0,1005.0,0.0,1005.0,0.0,1005.0
TCGA-FD-A3B7,1.0,122.0,1.0,110.0,1.0,122.0,,
TCGA-FD-A3B8,0.0,384.0,0.0,384.0,0.0,384.0,0.0,384.0
TCGA-FD-A3N5,1.0,685.0,1.0,346.0,1.0,685.0,,
TCGA-FD-A3N6,0.0,851.0,0.0,851.0,0.0,851.0,0.0,851.0
TCGA-FD-A3NA,0.0,1845.0,1.0,1338.0,0.0,1845.0,0.0,1845.0
TCGA-FD-A3SJ,1.0,739.0,1.0,281.0,1.0,739.0,,
TCGA-FD-A3SL,1.0,712.0,1.0,260.0,1.0,712.0,,
TCGA-FD-A3SM,1.0,547.0,1.0,144.0,1.0,547.0,,
TCGA-FD-A3SN,0.0,887.0,1.0,110.0,0.0,887.0,,
TCGA-FD-A3SO,1.0,168.0,1.0,143.0,1.0,168.0,,
TCGA-FD-A3SP,0.0,783.0,0.0,783.0,0.0,783.0,0.0,783.0
TCGA-FD-A3SQ,1.0,1423.0,1.0,991.0,1.0,1423.0,,
TCGA-FD-A3SR,1.0,602.0,1.0,372.0,1.0,602.0,,
TCGA-FD-A3SS,1.0,391.0,1.0,220.0,1.0,391.0,,
TCGA-FD-A43N,0.0,699.0,0.0,699.0,0.0,699.0,,
TCGA-FD-A43P,0.0,832.0,0.0,832.0,0.0,832.0,0.0,832.0
TCGA-FD-A43S,0.0,455.0,0.0,455.0,0.0,455.0,0.0,455.0
TCGA-FD-A43U,0.0,636.0,1.0,497.0,0.0,636.0,,
TCGA-FD-A43X,0.0,110.0,0.0,110.0,0.0,110.0,0.0,110.0
TCGA-FD-A43Y,1.0,474.0,0.0,474.0,0.0,474.0,0.0,474.0
TCGA-FD-A5BR,0.0,813.0,0.0,813.0,0.0,813.0,0.0,813.0
TCGA-FD-A5BS,0.0,1639.0,0.0,1639.0,0.0,1639.0,0.0,1639.0
TCGA-FD-A5BT,1.0,328.0,0.0,328.0,0.0,328.0,,
TCGA-FD-A5BU,0.0,588.0,0.0,588.0,0.0,588.0,0.0,588.0
TCGA-FD-A5BV,1.0,163.0,1.0,134.0,1.0,163.0,,
TCGA-FD-A5BX,1.0,173.0,1.0,99.0,1.0,173.0,,
TCGA-FD-A5BY,0.0,251.0,0.0,251.0,0.0,251.0,0.0,251.0
TCGA-FD-A5BZ,1.0,835.0,1.0,533.0,1.0,835.0,,
TCGA-FD-A5C0,1.0,550.0,1.0,27.0,1.0,550.0,,
TCGA-FD-A5C1,0.0,1792.0,0.0,1792.0,0.0,1792.0,0.0,1792.0
TCGA-FD-A62N,0.0,82.0,0.0,82.0,0.0,82.0,0.0,82.0
TCGA-FD-A62O,1.0,216.0,0.0,216.0,0.0,216.0,,
TCGA-FD-A62P,1.0,191.0,1.0,191.0,1.0,191.0,,
TCGA-FD-A62S,1.0,406.0,1.0,306.0,1.0,406.0,,
TCGA-FD-A6TA,0.0,1912.0,0.0,1912.0,0.0,1912.0,,
TCGA-FD-A6TB,0.0,572.0,0.0,572.0,0.0,572.0,0.0,572.0
TCGA-FD-A6TC,0.0,187.0,0.0,187.0,0.0,187.0,0.0,187.0
TCGA-FD-A6TD,1.0,386.0,0.0,386.0,0.0,386.0,0.0,386.0
TCGA-FD-A6TE,0.0,376.0,1.0,321.0,0.0,376.0,,
TCGA-FD-A6TF,1.0,69.0,0.0,69.0,0.0,69.0,,
TCGA-FD-A6TG,1.0,93.0,0.0,93.0,0.0,93.0,,
TCGA-FD-A6TH,1.0,131.0,1.0,126.0,1.0,131.0,,
TCGA-FD-A6TI,1.0,294.0,0.0,294.0,0.0,294.0,,
TCGA-FD-A6TK,0.0,330.0,0.0,330.0,0.0,330.0,0.0,330.0
TCGA-FJ-A3Z7,0.0,945.0,0.0,945.0,0.0,945.0,,
TCGA-FJ-A3Z9,1.0,385.0,0.0,385.0,0.0,385.0,0.0,385.0
TCGA-FJ-A3ZE,1.0,324.0,1.0,152.0,1.0,324.0,,
TCGA-FJ-A3ZF,0.0,524.0,0.0,524.0,0.0,524.0,0.0,524.0
TCGA-FJ-A871,1.0,272.0,1.0,106.0,1.0,272.0,,
TCGA-FT-A3EE,1.0,99.0,0.0,99.0,0.0,99.0,,
TCGA-FT-A61P,0.0,337.0,0.0,337.0,0.0,337.0,,
TCGA-G2-A2EC,1.0,696.0,1.0,679.0,1.0,696.0,,
TCGA-G2-A2EF,0.0,1884.0,0.0,1884.0,0.0,1884.0,,
TCGA-G2-A2EJ,0.0,1460.0,1.0,910.0,0.0,1460.0,1.0,910.0
TCGA-G2-A2EK,0.0,485.0,1.0,485.0,0.0,485.0,,
TCGA-G2-A2EL,1.0,819.0,1.0,105.0,1.0,819.0,,
TCGA-G2-A2EO,1.0,1804.0,0.0,1804.0,0.0,1804.0,0.0,1804.0
TCGA-G2-A2ES,1.0,1004.0,1.0,897.0,1.0,1004.0,,
TCGA-G2-A3IB,1.0,220.0,1.0,220.0,1.0,220.0,,
TCGA-G2-A3IE,1.0,612.0,1.0,612.0,1.0,612.0,,
TCGA-G2-A3VY,0.0,536.0,0.0,536.0,0.0,536.0,,
TCGA-G2-AA3B,0.0,2008.0,0.0,2008.0,0.0,2008.0,0.0,2008.0
TCGA-G2-AA3C,1.0,211.0,1.0,211.0,1.0,211.0,,
TCGA-G2-AA3D,0.0,2139.0,0.0,2139.0,0.0,2139.0,,
TCGA-G2-AA3F,0.0,893.0,0.0,893.0,0.0,893.0,,
TCGA-GC-A3BM,1.0,651.0,1.0,651.0,1.0,651.0,,
TCGA-GC-A3I6,1.0,630.0,1.0,546.0,1.0,630.0,,
TCGA-GC-A3OO,0.0,481.0,0.0,481.0,0.0,481.0,0.0,481.0
TCGA-GC-A3RB,0.0,582.0,0.0,582.0,0.0,582.0,0.0,582.0
TCGA-GC-A3RC,0.0,484.0,0.0,484.0,0.0,484.0,0.0,484.0
TCGA-GC-A3RD,0.0,428.0,0.0,428.0,0.0,428.0,0.0,428.0
TCGA-GC-A3WC,0.0,540.0,0.0,540.0,0.0,540.0,0.0,540.0
TCGA-GC-A3YS,0.0,758.0,0.0,758.0,0.0,758.0,,
TCGA-GC-A4ZW,0.0,15.0,0.0,15.0,0.0,15.0,,
TCGA-GC-A6I1,1.0,272.0,0.0,272.0,0.0,272.0,0.0,272.0
TCGA-GC-A6I3,0.0,423.0,0.0,423.0,0.0,423.0,,
TCGA-GD-A2C5,0.0,812.0,1.0,214.0,0.0,812.0,,
TCGA-GD-A3OP,0.0,64.0,0.0,64.0,0.0,64.0,,
TCGA-GD-A3OQ,0.0,95.0,0.0,95.0,0.0,95.0,,
TCGA-GD-A3OS,0.0,638.0,1.0,223.0,0.0,638.0,,
TCGA-GD-A6C6,0.0,67.0,0.0,67.0,0.0,67.0,0.0,67.0
TCGA-GD-A76B,0.0,224.0,0.0,224.0,0.0,224.0,0.0,224.0
TCGA-GU-A42P,1.0,332.0,0.0,332.0,0.0,332.0,,
TCGA-GU-A42Q,1.0,344.0,0.0,344.0,0.0,344.0,0.0,344.0
TCGA-GU-A42R,1.0,577.0,1.0,91.0,1.0,577.0,,
TCGA-GU-A762,1.0,232.0,1.0,232.0,1.0,232.0,,
TCGA-GU-A763,0.0,997.0,1.0,303.0,0.0,997.0,,
TCGA-GU-A764,0.0,610.0,0.0,610.0,0.0,610.0,0.0,610.0
TCGA-GU-A766,0.0,480.0,0.0,480.0,0.0,480.0,,
TCGA-GU-A767,1.0,144.0,1.0,144.0,1.0,144.0,,
TCGA-GU-AATO,1.0,324.0,1.0,324.0,1.0,324.0,,
TCGA-GU-AATP,0.0,1003.0,1.0,596.0,0.0,1003.0,,
TCGA-GU-AATQ,1.0,213.0,1.0,213.0,1.0,213.0,,
TCGA-GV-A3JV,1.0,434.0,1.0,134.0,1.0,434.0,,
TCGA-GV-A3JW,0.0,649.0,1.0,271.0,0.0,649.0,,
TCGA-GV-A3JX,0.0,581.0,0.0,581.0,0.0,581.0,0.0,581.0
TCGA-GV-A3JZ,0.0,603.0,0.0,603.0,0.0,603.0,,
TCGA-GV-A3QF,1.0,617.0,0.0,617.0,0.0,617.0,,
TCGA-GV-A3QG,1.0,,1.0,84.0,1.0,,,
TCGA-GV-A3QH,1.0,258.0,1.0,125.0,0.0,258.0,,
TCGA-GV-A3QI,0.0,1110.0,1.0,768.0,0.0,1110.0,1.0,768.0
TCGA-GV-A3QK,0.0,832.0,0.0,832.0,0.0,832.0,,
TCGA-GV-A40E,1.0,261.0,1.0,219.0,1.0,261.0,,
TCGA-GV-A40G,0.0,580.0,0.0,580.0,0.0,580.0,0.0,580.0
TCGA-GV-A6ZA,0.0,691.0,0.0,691.0,0.0,691.0,0.0,691.0
TCGA-H4-A2HO,0.0,46.0,0.0,46.0,0.0,46.0,0.0,46.0
TCGA-H4-A2HQ,0.0,590.0,1.0,318.0,0.0,590.0,,
TCGA-HQ-A2OE,0.0,1174.0,0.0,1174.0,0.0,1174.0,,
TCGA-HQ-A2OF,0.0,1947.0,1.0,907.0,0.0,1947.0,1.0,907.0
TCGA-HQ-A5ND,1.0,274.0,1.0,84.0,1.0,274.0,,
TCGA-HQ-A5NE,1.0,370.0,1.0,211.0,1.0,370.0,1.0,211.0
TCGA-K4-A3WS,0.0,761.0,0.0,761.0,0.0,761.0,0.0,761.0
TCGA-K4-A3WU,0.0,105.0,0.0,105.0,0.0,105.0,,
TCGA-K4-A3WV,0.0,646.0,0.0,646.0,0.0,646.0,,
TCGA-K4-A4AB,0.0,84.0,0.0,84.0,0.0,84.0,,
TCGA-K4-A4AC,1.0,278.0,1.0,170.0,1.0,278.0,,
TCGA-K4-A54R,0.0,842.0,0.0,842.0,0.0,842.0,0.0,842.0
TCGA-K4-A5RH,0.0,276.0,1.0,196.0,0.0,276.0,,
TCGA-K4-A5RI,1.0,356.0,1.0,236.0,1.0,356.0,,
TCGA-K4-A5RJ,0.0,539.0,0.0,539.0,0.0,539.0,0.0,539.0
TCGA-K4-A6FZ,0.0,55.0,0.0,55.0,0.0,55.0,0.0,55.0
TCGA-K4-A6MB,0.0,469.0,0.0,469.0,0.0,469.0,,
TCGA-K4-A83P,0.0,495.0,1.0,70.0,0.0,495.0,,
TCGA-K4-AAQO,0.0,359.0,0.0,359.0,0.0,359.0,,
TCGA-KQ-A41N,0.0,1604.0,0.0,1604.0,0.0,1604.0,0.0,1604.0
TCGA-KQ-A41O,0.0,1538.0,0.0,1538.0,0.0,1538.0,,
TCGA-KQ-A41P,0.0,1094.0,1.0,178.0,0.0,1094.0,,
TCGA-KQ-A41Q,0.0,1429.0,1.0,1314.0,0.0,1429.0,,
TCGA-KQ-A41R,0.0,1350.0,0.0,1350.0,0.0,1350.0,0.0,1350.0
TCGA-KQ-A41S,0.0,35.0,0.0,35.0,0.0,35.0,0.0,35.0
TCGA-LC-A66R,0.0,466.0,0.0,466.0,0.0,466.0,,
TCGA-LT-A5Z6,0.0,474.0,0.0,474.0,0.0,474.0,0.0,474.0
TCGA-LT-A8JT,0.0,641.0,0.0,641.0,0.0,641.0,0.0,641.0
TCGA-MV-A51V,0.0,410.0,0.0,410.0,0.0,410.0,0.0,410.0
TCGA-PQ-A6FI,0.0,372.0,0.0,372.0,0.0,372.0,0.0,372.0
TCGA-PQ-A6FN,0.0,507.0,0.0,507.0,0.0,507.0,,
TCGA-R3-A69X,0.0,433.0,0.0,433.0,0.0,433.0,0.0,433.0
TCGA-S5-A6DX,1.0,56.0,1.0,56.0,1.0,56.0,,
TCGA-S5-AA26,0.0,503.0,0.0,503.0,0.0,503.0,0.0,503.0
TCGA-SY-A9G0,1.0,1008.0,0.0,1008.0,0.0,1008.0,,
TCGA-SY-A9G5,0.0,1186.0,0.0,1186.0,0.0,1186.0,0.0,1186.0
TCGA-UY-A78K,1.0,536.0,0.0,536.0,,536.0,,
TCGA-UY-A78L,0.0,1127.0,1.0,355.0,0.0,1127.0,,
TCGA-UY-A78M,1.0,690.0,1.0,690.0,1.0,690.0,,
TCGA-UY-A78N,1.0,2641.0,1.0,2472.0,1.0,2641.0,,
TCGA-UY-A78O,0.0,2312.0,0.0,2312.0,0.0,2312.0,0.0,2312.0
TCGA-UY-A78P,0.0,2380.0,0.0,2380.0,0.0,2380.0,0.0,2380.0
TCGA-UY-A8OB,0.0,2109.0,0.0,2109.0,0.0,2109.0,,
TCGA-UY-A8OC,1.0,92.0,1.0,32.0,1.0,92.0,,
TCGA-UY-A8OD,0.0,3432.0,0.0,3432.0,0.0,3432.0,0.0,3432.0
TCGA-UY-A9PA,0.0,1072.0,0.0,1072.0,0.0,1072.0,0.0,1072.0
TCGA-UY-A9PB,0.0,899.0,0.0,899.0,0.0,899.0,0.0,899.0
TCGA-UY-A9PD,0.0,542.0,0.0,542.0,0.0,542.0,0.0,542.0
TCGA-UY-A9PE,0.0,189.0,1.0,473.0,0.0,189.0,,
TCGA-UY-A9PF,0.0,117.0,0.0,117.0,0.0,117.0,,
TCGA-UY-A9PH,0.0,1561.0,0.0,1561.0,0.0,1561.0,0.0,1561.0
TCGA-XF-A8HB,0.0,1370.0,0.0,1370.0,0.0,1370.0,0.0,1370.0
TCGA-XF-A8HC,1.0,200.0,0.0,200.0,,200.0,,
TCGA-XF-A8HD,0.0,2964.0,0.0,2964.0,0.0,2964.0,0.0,2964.0
TCGA-XF-A8HE,0.0,3817.0,0.0,3817.0,0.0,3817.0,0.0,3817.0
TCGA-XF-A8HF,1.0,2954.0,0.0,2954.0,0.0,2954.0,0.0,2954.0
TCGA-XF-A8HG,1.0,467.0,1.0,398.0,1.0,467.0,1.0,398.0
TCGA-XF-A8HH,1.0,57.0,1.0,57.0,1.0,57.0,,
TCGA-XF-A8HI,1.0,544.0,1.0,468.0,1.0,544.0,,
TCGA-XF-A9SG,0.0,1479.0,0.0,1479.0,0.0,1479.0,0.0,1479.0
TCGA-XF-A9SH,1.0,1971.0,1.0,547.0,1.0,1971.0,,
TCGA-XF-A9SI,0.0,2423.0,0.0,2423.0,0.0,2423.0,0.0,2423.0
TCGA-XF-A9SJ,1.0,98.0,1.0,98.0,1.0,98.0,,
TCGA-XF-A9SK,1.0,486.0,1.0,382.0,1.0,486.0,,
TCGA-XF-A9SL,1.0,2020.0,0.0,2020.0,0.0,2020.0,,
TCGA-XF-A9SM,0.0,1048.0,0.0,1048.0,0.0,1048.0,0.0,1048.0
TCGA-XF-A9SP,1.0,454.0,1.0,310.0,1.0,454.0,,
TCGA-XF-A9ST,1.0,128.0,0.0,128.0,,128.0,,
TCGA-XF-A9SU,1.0,182.0,1.0,103.0,1.0,182.0,,
TCGA-XF-A9SV,1.0,388.0,1.0,237.0,1.0,388.0,,
TCGA-XF-A9SW,1.0,362.0,1.0,362.0,1.0,362.0,,
TCGA-XF-A9SX,1.0,719.0,1.0,475.0,1.0,719.0,,
TCGA-XF-A9SY,0.0,640.0,1.0,168.0,0.0,640.0,,
TCGA-XF-A9SZ,1.0,859.0,1.0,854.0,1.0,859.0,,
TCGA-XF-A9T0,0.0,799.0,0.0,799.0,0.0,799.0,0.0,799.0
TCGA-XF-A9T2,1.0,575.0,0.0,575.0,,575.0,,
TCGA-XF-A9T3,0.0,68.0,0.0,68.0,0.0,68.0,,
TCGA-XF-A9T4,1.0,495.0,1.0,182.0,1.0,495.0,,
TCGA-XF-A9T5,0.0,2027.0,1.0,664.0,0.0,2027.0,,
TCGA-XF-A9T6,0.0,64.0,0.0,64.0,0.0,64.0,,
TCGA-XF-A9T8,1.0,418.0,0.0,418.0,,418.0,,
TCGA-XF-AAME,1.0,2828.0,1.0,1651.0,1.0,2828.0,,
TCGA-XF-AAMF,1.0,329.0,1.0,157.0,1.0,329.0,,
TCGA-XF-AAMG,0.0,3364.0,0.0,3364.0,0.0,3364.0,0.0,3364.0
TCGA-XF-AAMH,1.0,344.0,1.0,313.0,1.0,344.0,,
TCGA-XF-AAMJ,1.0,1670.0,0.0,1670.0,0.0,1670.0,0.0,1670.0
TCGA-XF-AAML,1.0,232.0,0.0,232.0,0.0,232.0,0.0,232.0
TCGA-XF-AAMQ,0.0,2177.0,0.0,2177.0,0.0,2177.0,0.0,2177.0
TCGA-XF-AAMR,0.0,2790.0,0.0,2790.0,0.0,2790.0,0.0,2790.0
TCGA-XF-AAMT,1.0,90.0,1.0,90.0,1.0,90.0,,
TCGA-XF-AAMW,1.0,253.0,1.0,253.0,1.0,253.0,,
TCGA-XF-AAMX,1.0,206.0,0.0,206.0,0.0,206.0,0.0,206.0
TCGA-XF-AAMY,0.0,3011.0,1.0,637.0,0.0,3011.0,1.0,637.0
TCGA-XF-AAMZ,1.0,1348.0,1.0,1344.0,1.0,1348.0,,
TCGA-XF-AAN0,1.0,1718.0,1.0,603.0,1.0,1718.0,,
TCGA-XF-AAN1,1.0,941.0,1.0,650.0,1.0,941.0,,
TCGA-XF-AAN2,1.0,1869.0,0.0,1869.0,0.0,1869.0,0.0,1869.0
TCGA-XF-AAN3,0.0,2625.0,0.0,2625.0,0.0,2625.0,,
TCGA-XF-AAN4,1.0,823.0,0.0,823.0,0.0,823.0,0.0,823.0
TCGA-XF-AAN5,0.0,2293.0,0.0,2293.0,0.0,2293.0,0.0,2293.0
TCGA-XF-AAN7,1.0,565.0,1.0,321.0,1.0,565.0,,
TCGA-XF-AAN8,1.0,118.0,0.0,118.0,,118.0,,
TCGA-YC-A89H,0.0,573.0,0.0,573.0,0.0,573.0,0.0,573.0
TCGA-YC-A8S6,0.0,293.0,0.0,293.0,0.0,293.0,0.0,293.0
TCGA-YC-A9TC,1.0,20.0,1.0,20.0,1.0,20.0,,
TCGA-YF-AA3L,0.0,364.0,0.0,364.0,0.0,364.0,0.0,364.0
TCGA-YF-AA3M,0.0,415.0,1.0,381.0,0.0,415.0,1.0,381.0
TCGA-ZF-A9R0,1.0,680.0,1.0,559.0,1.0,680.0,,
TCGA-ZF-A9R1,0.0,773.0,1.0,758.0,0.0,773.0,,
TCGA-ZF-A9R2,0.0,642.0,0.0,642.0,0.0,642.0,0.0,642.0
TCGA-ZF-A9R3,1.0,949.0,1.0,917.0,1.0,949.0,1.0,917.0
TCGA-ZF-A9R4,0.0,921.0,0.0,921.0,0.0,921.0,0.0,921.0
TCGA-ZF-A9R5,0.0,1090.0,0.0,1090.0,0.0,1090.0,0.0,1090.0
TCGA-ZF-A9R7,0.0,665.0,0.0,665.0,0.0,665.0,0.0,665.0
TCGA-ZF-A9R9,1.0,864.0,1.0,629.0,1.0,864.0,,
TCGA-ZF-A9RC,0.0,2868.0,0.0,2868.0,0.0,2868.0,0.0,2868.0
TCGA-ZF-A9RD,1.0,408.0,0.0,408.0,,408.0,,
TCGA-ZF-A9RE,1.0,106.0,1.0,106.0,1.0,106.0,,
TCGA-ZF-A9RF,0.0,1949.0,1.0,1565.0,0.0,1949.0,1.0,1565.0
TCGA-ZF-A9RG,0.0,1786.0,1.0,440.0,0.0,1786.0,1.0,440.0
TCGA-ZF-A9RL,0.0,2703.0,1.0,1064.0,0.0,2703.0,1.0,1064.0
TCGA-ZF-A9RM,0.0,1455.0,0.0,1455.0,0.0,1455.0,0.0,1455.0
TCGA-ZF-A9RN,1.0,615.0,1.0,516.0,1.0,615.0,,
TCGA-ZF-AA4N,1.0,88.0,1.0,88.0,1.0,88.0,,
TCGA-ZF-AA4R,1.0,1036.0,1.0,750.0,1.0,1036.0,,
TCGA-ZF-AA4T,1.0,599.0,1.0,511.0,1.0,599.0,,
TCGA-ZF-AA4U,1.0,262.0,1.0,199.0,1.0,262.0,,
TCGA-ZF-AA4V,0.0,1806.0,0.0,1806.0,0.0,1806.0,0.0,1806.0
TCGA-ZF-AA4W,0.0,1830.0,1.0,1679.0,0.0,1830.0,1.0,1679.0
TCGA-ZF-AA4X,0.0,2044.0,1.0,1665.0,0.0,2044.0,1.0,1665.0
TCGA-ZF-AA51,0.0,1714.0,0.0,1714.0,0.0,1714.0,0.0,1714.0
TCGA-ZF-AA52,1.0,1077.0,0.0,1077.0,,1077.0,,
TCGA-ZF-AA53,0.0,1761.0,0.0,1761.0,0.0,1761.0,0.0,1761.0
TCGA-ZF-AA54,1.0,590.0,0.0,590.0,,590.0,,
TCGA-ZF-AA56,1.0,259.0,1.0,248.0,1.0,259.0,,
TCGA-ZF-AA58,0.0,1649.0,0.0,1649.0,0.0,1649.0,,
TCGA-ZF-AA5H,0.0,897.0,1.0,177.0,0.0,897.0,,
TCGA-ZF-AA5N,1.0,168.0,1.0,168.0,1.0,168.0,,
TCGA-ZF-AA5P,0.0,372.0,0.0,372.0,0.0,372.0,,
