# source: TCGA-CDR.xlsx (Liu et al., Cell 2018), rows where type == PAAD
# extracted: 2026-09-11 11:25 by extract_cdr.py
bcr_patient_barcode,OS,OS.time,PFI,PFI.time,DSS,DSS.time,DFI,DFI.time
TCGA-2J-AAB1,1.0,66.0,0.0,66.0,1.0,66.0,0.0,66.0
TCGA-2J-AAB4,0.0,729.0,0.0,729.0,0.0,729.0,0.0,729.0
TCGA-2J-AAB6,1.0,293.0,1.0,169.0,1.0,293.0,,
TCGA-2J-AAB8,0.0,80.0,0.0,80.0,0.0,80.0,,
TCGA-2J-AAB9,1.0,627.0,1.0,521.0,1.0,627.0,1.0,521.0
TCGA-2J-AABA,1.0,607.0,1.0,160.0,1.0,607.0,,
TCGA-2J-AABE,0.0,676.0,0.0,676.0,0.0,676.0,0.0,676.0
TCGA-2J-AABF,1.0,691.0,1.0,443.0,1.0,691.0,,
TCGA-2J-AABH,0.0,1287.0,1.0,1287.0,0.0,1287.0,1.0,1287.0
TCGA-2J-AABI,0.0,969.0,1.0,728.0,0.0,969.0,,
TCGA-2J-AABK,0.0,484.0,0.0,484.0,0.0,484.0,0.0,484.0
TCGA-2J-AABO,0.0,440.0,1.0,439.0,0.0,440.0,,
TCGA-2J-AABP,0.0,463.0,0.0,463.0,0.0,463.0,0.0,463.0
TCGA-2J-AABR,0.0,438.0,1.0,327.0,0.0,438.0,,
TCGA-2J-AABT,0.0,319.0,0.0,319.0,0.0,319.0,,
TCGA-2J-AABU,1.0,277.0,1.0,154.0,1.0,277.0,,
TCGA-2J-AABV,1.0,652.0,1.0,126.0,1.0,652.0,,
TCGA-2L-AAQA,1.0,143.0,1.0,143.0,1.0,143.0,,
TCGA-2L-AAQE,1.0,684.0,1.0,684.0,1.0,684.0,,
TCGA-2L-AAQI,1.0,103.0,1.0,103.0,1.0,103.0,,
TCGA-2L-AAQJ,1.0,394.0,1.0,394.0,1.0,394.0,,
TCGA-2L-AAQL,1.0,292.0,1.0,292.0,1.0,292.0,,
TCGA-2L-AAQM,0.0,1383.0,0.0,1383.0,0.0,1383.0,,
TCGA-3A-A9I5,0.0,1794.0,0.0,1794.0,0.0,1794.0,0.0,1794.0
TCGA-3A-A9I7,0.0,1323.0,1.0,1309.0,0.0,1323.0,,
TCGA-3A-A9I9,1.0,634.0,1.0,513.0,1.0,634.0,,
TCGA-3A-A9IB,1.0,224.0,0.0,224.0,,224.0,,
TCGA-3A-A9IC,1.0,738.0,1.0,738.0,1.0,738.0,,
TCGA-3A-A9IH,0.0,1021.0,1.0,763.0,0.0,1021.0,,
TCGA-3A-A9IJ,0.0,1854.0,0.0,1854.0,0.0,1854.0,0.0,1854.0
TCGA-3A-A9IL,0.0,2741.0,0.0,2741.0,0.0,2741.0,,
TCGA-3A-A9IN,0.0,2084.0,0.0,2084.0,0.0,2084.0,0.0,2084.0
TCGA-3A-A9IO,0.0,1942.0,0.0,1942.0,0.0,1942.0,,
TCGA-3A-A9IR,0.0,1542.0,0.0,1542.0,0.0,1542.0,0.0,1542.0
TCGA-3A-A9IS,0.0,998.0,0.0,998.0,0.0,998.0,0.0,998.0
TCGA-3A-A9IU,1.0,458.0,1.0,371.0,1.0,458.0,,
TCGA-3A-A9IV,0.0,1103.0,0.0,1103.0,0.0,1103.0,0.0,1103.0
TCGA-3A-A9IX,0.0,1037.0,0.0,1037.0,0.0,1037.0,0.0,1037.0
TCGA-3A-A9IZ,1.0,308.0,1.0,109.0,1.0,308.0,,
TCGA-3A-A9J0,0.0,743.0,1.0,363.0,0.0,743.0,,
TCGA-3E-AAAY,0.0,2285.0,1.0,987.0,0.0,2285.0,1.0,987.0
TCGA-3E-AAAZ,1.0,2182.0,1.0,1600.0,0.0,2182.0,,
TCGA-F2-6879,1.0,334.0,1.0,183.0,1.0,334.0,1.0,183.0
TCGA-F2-6880,0.0,295.0,0.0,295.0,0.0,295.0,0.0,295.0
TCGA-F2-7273,1.0,592.0,1.0,256.0,1.0,592.0,,
TCGA-F2-7276,1.0,216.0,1.0,216.0,1.0,216.0,,
TCGA-F2-A44G,1.0,233.0,1.0,214.0,1.0,233.0,1.0,214.0
TCGA-F2-A44H,0.0,586.0,0.0,586.0,0.0,586.0,0.0,586.0
TCGA-F2-A7TX,1.0,95.0,1.0,95.0,1.0,95.0,,
TCGA-F2-A8YN,0.0,517.0,0.0,517.0,0.0,517.0,,
TCGA-FB-A4P5,1.0,179.0,1.0,179.0,1.0,179.0,,
TCGA-FB-A4P6,0.0,767.0,1.0,620.0,0.0,767.0,1.0,620.0
TCGA-FB-A545,1.0,732.0,1.0,378.0,1.0,732.0,1.0,378.0
TCGA-FB-A5VM,1.0,498.0,1.0,177.0,1.0,498.0,,
TCGA-FB-A78T,1.0,375.0,0.0,375.0,1.0,375.0,0.0,375.0
TCGA-FB-A7DR,1.0,353.0,0.0,353.0,1.0,353.0,0.0,353.0
TCGA-FB-AAPP,1.0,485.0,1.0,150.0,1.0,485.0,,
TCGA-FB-AAPQ,1.0,1130.0,0.0,1130.0,,1130.0,,
TCGA-FB-AAPS,0.0,228.0,0.0,228.0,0.0,228.0,,
TCGA-FB-AAPU,1.0,381.0,1.0,381.0,1.0,381.0,,
TCGA-FB-AAPY,1.0,1059.0,0.0,1059.0,0.0,1059.0,0.0,1059.0
TCGA-FB-AAPZ,0.0,716.0,1.0,716.0,0.0,716.0,1.0,716.0
TCGA-FB-AAQ0,1.0,473.0,0.0,473.0,0.0,473.0,0.0,473.0
TCGA-FB-AAQ1,1.0,123.0,1.0,123.0,1.0,123.0,,
TCGA-FB-AAQ2,1.0,153.0,1.0,92.0,1.0,153.0,,
TCGA-FB-AAQ3,1.0,31.0,0.0,31.0,0.0,31.0,0.0,31.0
TCGA-FB-AAQ6,1.0,244.0,1.0,213.0,1.0,244.0,,
TCGA-FZ-5919,1.0,741.0,1.0,55.0,1.0,741.0,,
TCGA-FZ-5920,1.0,61.0,0.0,61.0,,61.0,,
TCGA-FZ-5921,1.0,155.0,1.0,103.0,1.0,155.0,,
TCGA-FZ-5922,1.0,1101.0,1.0,740.0,1.0,1101.0,,
TCGA-FZ-5923,1.0,619.0,1.0,619.0,1.0,619.0,,
TCGA-FZ-5924,1.0,480.0,1.0,480.0,1.0,480.0,,
TCGA-FZ-5926,1.0,541.0,1.0,541.0,1.0,541.0,,
TCGA-H6-8124,0.0,392.0,1.0,259.0,0.0,392.0,1.0,259.0
TCGA-H6-A45N,1.0,421.0,1.0,363.0,1.0,421.0,,
TCGA-H8-A6C1,0.0,671.0,1.0,455.0,0.0,671.0,,
TCGA-HV-A5A3,1.0,128.0,0.0,128.0,0.0,128.0,0.0,128.0
TCGA-HV-A5A4,0.0,232.0,0.0,232.0,0.0,232.0,0.0,232.0
TCGA-HV-A5A5,0.0,289.0,0.0,289.0,0.0,289.0,0.0,289.0
TCGA-HV-A5A6,1.0,2036.0,1.0,1511.0,0.0,2036.0,1.0,1511.0
TCGA-HV-A7OL,0.0,252.0,1.0,123.0,0.0,252.0,,
TCGA-HV-A7OP,0.0,978.0,1.0,342.0,0.0,978.0,,
TCGA-HV-AA8V,0.0,920.0,1.0,526.0,0.0,920.0,,
TCGA-HV-AA8X,1.0,532.0,1.0,375.0,1.0,532.0,,
TCGA-HZ-7289,1.0,661.0,1.0,228.0,1.0,661.0,,
TCGA-HZ-7918,0.0,969.0,1.0,542.0,0.0,969.0,1.0,542.0
TCGA-HZ-7919,1.0,593.0,1.0,593.0,1.0,593.0,,
TCGA-HZ-7920,1.0,236.0,0.0,236.0,0.0,236.0,0.0,236.0
TCGA-HZ-7922,0.0,4.0,0.0,4.0,0.0,4.0,,
TCGA-HZ-7923,0.0,314.0,0.0,314.0,0.0,314.0,0.0,314.0
TCGA-HZ-7924,0.0,840.0,1.0,831.0,0.0,840.0,1.0,831.0
TCGA-HZ-7925,1.0,614.0,1.0,364.0,1.0,614.0,1.0,364.0
TCGA-HZ-7926,1.0,518.0,1.0,340.0,1.0,518.0,,
TCGA-HZ-8001,0.0,706.0,0.0,706.0,0.0,706.0,0.0,706.0
TCGA-HZ-8002,1.0,366.0,1.0,366.0,1.0,366.0,,
TCGA-HZ-8003,1.0,596.0,1.0,596.0,1.0,596.0,,
TCGA-HZ-8005,1.0,120.0,1.0,120.0,1.0,120.0,,
TCGA-HZ-8315,1.0,299.0,1.0,299.0,1.0,299.0,,
TCGA-HZ-8317,1.0,378.0,1.0,378.0,1.0,378.0,,
TCGA-HZ-8519,0.0,454.0,0.0,454.0,0.0,454.0,0.0,454.0
TCGA-HZ-8636,1.0,545.0,1.0,545.0,1.0,545.0,,
TCGA-HZ-8637,1.0,517.0,0.0,517.0,0.0,517.0,0.0,517.0
TCGA-HZ-8638,1.0,151.0,0.0,151.0,0.0,151.0,0.0,151.0
TCGA-HZ-A49G,0.0,660.0,0.0,660.0,0.0,660.0,,
TCGA-HZ-A49H,0.0,491.0,0.0,491.0,0.0,491.0,0.0,491.0
TCGA-HZ-A49I,1.0,308.0,1.0,308.0,1.0,308.0,,
TCGA-HZ-A4BH,0.0,194.0,0.0,194.0,0.0,194.0,,
TCGA-HZ-A4BK,0.0,657.0,0.0,657.0,0.0,657.0,,
TCGA-HZ-A77O,1.0,160.0,1.0,98.0,1.0,160.0,1.0,98.0
TCGA-HZ-A77P,0.0,330.0,0.0,330.0,0.0,330.0,0.0,330.0
TCGA-HZ-A77Q,0.0,33.0,0.0,33.0,0.0,33.0,,
TCGA-HZ-A8P0,0.0,0.0,0.0,0.0,0.0,0.0,,
TCGA-HZ-A8P1,0.0,7.0,0.0,7.0,0.0,7.0,,
TCGA-HZ-A9TJ,0.0,603.0,1.0,555.0,0.0,603.0,,
TCGA-IB-7644,1.0,394.0,1.0,306.0,1.0,394.0,,
TCGA-IB-7645,1.0,1502.0,1.0,984.0,1.0,1502.0,,
TCGA-IB-7646,1.0,145.0,1.0,132.0,1.0,145.0,,
TCGA-IB-7647,1.0,666.0,1.0,390.0,1.0,666.0,,
TCGA-IB-7649,1.0,467.0,1.0,282.0,,467.0,,
TCGA-IB-7651,1.0,603.0,1.0,492.0,1.0,603.0,1.0,492.0
TCGA-IB-7652,0.0,1116.0,0.0,1116.0,0.0,1116.0,0.0,1116.0
TCGA-IB-7654,1.0,476.0,1.0,476.0,0.0,476.0,,
TCGA-IB-7885,0.0,1257.0,0.0,1257.0,0.0,1257.0,0.0,1257.0
TCGA-IB-7886,1.0,123.0,0.0,123.0,0.0,123.0,0.0,123.0
TCGA-IB-7887,1.0,110.0,0.0,110.0,1.0,110.0,,
TCGA-IB-7888,1.0,1332.0,1.0,427.0,1.0,1332.0,,
TCGA-IB-7889,1.0,481.0,1.0,352.0,1.0,481.0,,
TCGA-IB-7890,1.0,598.0,1.0,519.0,1.0,598.0,,
TCGA-IB-7891,1.0,913.0,1.0,525.0,1.0,913.0,1.0,525.0
TCGA-IB-7893,1.0,117.0,1.0,80.0,1.0,117.0,,
TCGA-IB-7897,1.0,486.0,1.0,397.0,1.0,486.0,,
TCGA-IB-8126,0.0,462.0,1.0,83.0,0.0,462.0,,
TCGA-IB-8127,0.0,522.0,1.0,486.0,0.0,522.0,1.0,486.0
TCGA-IB-A5SO,1.0,365.0,1.0,276.0,1.0,365.0,,
TCGA-IB-A5SP,0.0,482.0,1.0,300.0,0.0,482.0,,
TCGA-IB-A5SQ,1.0,219.0,1.0,197.0,1.0,219.0,1.0,197.0
TCGA-IB-A5SS,1.0,460.0,1.0,66.0,1.0,460.0,1.0,66.0
TCGA-IB-A5ST,0.0,635.0,0.0,635.0,0.0,635.0,0.0,635.0
TCGA-IB-A6UF,0.0,666.0,1.0,593.0,0.0,666.0,,
TCGA-IB-A6UG,1.0,41.0,1.0,41.0,0.0,41.0,,
TCGA-IB-A7LX,1.0,250.0,1.0,7.0,1.0,250.0,,
TCGA-IB-A7M4,0.0,483.0,0.0,483.0,0.0,483.0,0.0,483.0
TCGA-IB-AAUM,0.0,8.0,0.0,8.0,0.0,8.0,,
TCGA-IB-AAUN,1.0,144.0,1.0,131.0,,144.0,1.0,131.0
TCGA-IB-AAUO,1.0,239.0,1.0,74.0,1.0,239.0,,
TCGA-IB-AAUP,0.0,431.0,0.0,431.0,0.0,431.0,0.0,431.0
TCGA-IB-AAUQ,1.0,183.0,1.0,107.0,1.0,183.0,,
TCGA-IB-AAUR,0.0,338.0,1.0,318.0,0.0,338.0,,
TCGA-IB-AAUS,0.0,225.0,0.0,225.0,0.0,225.0,,
TCGA-IB-AAUT,0.0,287.0,0.0,287.0,0.0,287.0,0.0,287.0
TCGA-IB-AAUU,0.0,245.0,0.0,245.0,0.0,245.0,0.0,245.0
TCGA-IB-AAUV,0.0,404.0,0.0,404.0,0.0,404.0,0.0,404.0
TCGA-IB-AAUW,1.0,230.0,1.0,185.0,1.0,230.0,1.0,185.0
TCGA-L1-A7W4,1.0,278.0,1.0,129.0,1.0,278.0,,
TCGA-LB-A7SX,1.0,393.0,0.0,393.0,0.0,393.0,,
TCGA-LB-A8F3,0.0,379.0,0.0,379.0,0.0,379.0,,
TCGA-LB-A9Q5,1.0,313.0,1.0,290.0,1.0,313.0,,
TCGA-M8-A5N4,0.0,584.0,1.0,416.0,0.0,584.0,,
TCGA-OE-A75W,1.0,267.0,1.0,146.0,,267.0,,
TCGA-PZ-A5RE,1.0,470.0,1.0,393.0,1.0,470.0,,
TCGA-Q3-A5QY,0.0,416.0,0.0,416.0,0.0,416.0,,
TCGA-Q3-AA2A,0.0,95.0,0.0,95.0,0.0,95.0,,
TCGA-RB-A7B8,1.0,466.0,1.0,449.0,1.0,466.0,1.0,449.0
TCGA-RB-AA9M,0.0,286.0,1.0,258.0,0.0,286.0,,
TCGA-RL-AAAS,0.0,9.0,0.0,9.0,0.0,9.0,0.0,9.0
TCGA-S4-A8RM,0.0,737.0,0.0,737.0,0.0,737.0,0.0,737.0
TCGA-S4-A8RO,0.0,525.0,1.0,291.0,0.0,525.0,1.0,291.0
TCGA-S4-A8RP,1.0,702.0,0.0,702.0,,702.0,,
TCGA-US-A774,1.0,695.0,1.0,366.0,1.0,695.0,,
TCGA-US-A776,0.0,1216.0,0.0,1216.0,0.0,1216.0,0.0,1216.0
TCGA-US-A779,1.0,511.0,1.0,511.0,1.0,511.0,,
TCGA-US-A77E,1.0,430.0,1.0,166.0,1.0,430.0,,
TCGA-US-A77G,1.0,12.0,0.0,12.0,0.0,12.0,,
TCGA-US-A77J,1.0,568.0,1.0,568.0,1.0,568.0,,
TCGA-XD-AAUG,0.0,420.0,0.0,420.0,0.0,420.0,,
TCGA-XD-AAUH,0.0,395.0,1.0,87.0,0.0,395.0,,
TCGA-XD-AAUI,1.0,366.0,1.0,175.0,1.0,366.0,,
TCGA-XD-AAUL,0.0,498.0,0.0,498.0,0.0,498.0,0.0,498.0
TCGA-XN-A8T3,0.0,951.0,0.0,951.0,0.0,951.0,,
TCGA-XN-A8T5,0.0,720.0,1.0,242.0,0.0,720.0,,
TCGA-YB-A89D,0.0,350.0,0.0,350.0,0.0,350.0,0.0,350.0
TCGA-YH-A8SY,0.0,388.0,0.0,388.0,0.0,388.0,,
TCGA-YY-A8LH,0.0,2016.0,0.0,2016.0,0.0,2016.0,0.0,2016.0
TCGA-Z5-AAPL,0.0,467.0,0.0,467.0,0.0,467.0,0.0,467.0
