patient_id,true_cluster,label
TCGA-D1-A0ZZ,1,Mixed
TCGA-BK-A0C9,0,Endometrioid
TCGA-AX-A2HD,0,Endometrioid
TCGA-B5-A11J,0,Endometrioid
TCGA-B5-A0JZ,0,Endometrioid
TCGA-D1-A1NU,2,Serous
TCGA-AP-A1DO,0,Endometrioid
TCGA-EC-A24G,0,Endometrioid
TCGA-AJ-A3IA,2,Serous
TCGA-E6-A1LX,0,Endometrioid
TCGA-EY-A72D,0,Endometrioid
TCGA-AP-A05O,0,Endometrioid
TCGA-EY-A1GS,2,Serous
TCGA-BG-A0MQ,0,Endometrioid
TCGA-EY-A5W2,0,Endometrioid
TCGA-AP-A1DH,0,Endometrioid
TCGA-D1-A17F,0,Endometrioid
TCGA-AP-A1DM,0,Endometrioid
TCGA-EY-A1GX,0,Endometrioid
TCGA-BG-A0M6,2,Serous
TCGA-BS-A0U8,0,Endometrioid
TCGA-D1-A168,0,Endometrioid
TCGA-FI-A2D5,0,Endometrioid
TCGA-AJ-A3BD,2,Serous
TCGA-BG-A0W1,0,Endometrioid
TCGA-AX-A0IU,2,Serous
TCGA-AP-A0LL,0,Endometrioid
TCGA-B5-A3S1,2,Serous
TCGA-BG-A222,0,Endometrioid
TCGA-D1-A0ZN,0,Endometrioid
TCGA-BG-A0M0,0,Endometrioid
TCGA-D1-A17T,0,Endometrioid
TCGA-AJ-A6NU,0,Endometrioid
TCGA-D1-A0ZQ,0,Endometrioid
TCGA-A5-A2K7,0,Endometrioid
TCGA-AX-A2H7,0,Endometrioid
TCGA-EO-A1Y7,0,Endometrioid
TCGA-BG-A18B,0,Endometrioid
TCGA-A5-A2K5,0,Endometrioid
TCGA-B5-A1MV,0,Endometrioid
TCGA-BK-A139,0,Endometrioid
TCGA-A5-A0R9,0,Endometrioid
TCGA-A5-A0GN,0,Endometrioid
TCGA-A5-A0G1,2,Serous
TCGA-FI-A2D0,0,Endometrioid
TCGA-FI-A2CY,1,Mixed
TCGA-AP-A0LM,0,Endometrioid
TCGA-DF-A2KN,0,Endometrioid
TCGA-D1-A163,0,Endometrioid
TCGA-AX-A1CI,0,Endometrioid
TCGA-B5-A1MR,0,Endometrioid
TCGA-A5-A0R6,2,Serous
TCGA-BS-A0U9,0,Endometrioid
TCGA-AJ-A3NG,1,Mixed
TCGA-QF-A5YT,0,Endometrioid
TCGA-AJ-A5DV,0,Endometrioid
TCGA-A5-A2K4,2,Serous
TCGA-BS-A0TJ,0,Endometrioid
TCGA-D1-A0ZO,0,Endometrioid
TCGA-D1-A179,2,Serous
TCGA-A5-A0GD,0,Endometrioid
TCGA-EC-A1NJ,0,Endometrioid
TCGA-B5-A3FA,0,Endometrioid
TCGA-D1-A17N,0,Endometrioid
TCGA-FI-A3PV,2,Serous
TCGA-A5-A0GJ,0,Endometrioid
TCGA-BG-A0MU,0,Endometrioid
TCGA-B5-A11R,0,Endometrioid
TCGA-A5-A0GH,0,Endometrioid
TCGA-B5-A3FH,0,Endometrioid
TCGA-EY-A2OP,0,Endometrioid
TCGA-EY-A1GD,0,Endometrioid
TCGA-EY-A1GH,0,Endometrioid
TCGA-B5-A1MX,0,Endometrioid
TCGA-AP-A0LV,0,Endometrioid
TCGA-BG-A3PP,2,Serous
TCGA-PG-A7D5,2,Serous
TCGA-BS-A0TD,0,Endometrioid
TCGA-EY-A215,0,Endometrioid
TCGA-A5-A0RA,0,Endometrioid
TCGA-AX-A2H5,2,Serous
TCGA-A5-A2K3,2,Serous
TCGA-EY-A1GE,0,Endometrioid
TCGA-BG-A0LW,0,Endometrioid
TCGA-D1-A177,0,Endometrioid
TCGA-EY-A1GK,0,Endometrioid
TCGA-AX-A05Z,0,Endometrioid
TCGA-AX-A2HJ,0,Endometrioid
TCGA-B5-A1MZ,0,Endometrioid
TCGA-D1-A16G,2,Serous
TCGA-KP-A3W3,2,Serous
TCGA-AJ-A3I9,0,Endometrioid
TCGA-AX-A1C4,0,Endometrioid
TCGA-A5-A0GP,0,Endometrioid
TCGA-DI-A1NO,0,Endometrioid
TCGA-K6-A3WQ,2,Serous
TCGA-BG-A0M2,0,Endometrioid
TCGA-BG-A0YU,0,Endometrioid
TCGA-BG-A0YV,2,Serous
TCGA-SJ-A6ZI,0,Endometrioid
TCGA-AX-A3FT,0,Endometrioid
TCGA-AX-A3G8,0,Endometrioid
TCGA-B5-A0JV,0,Endometrioid
TCGA-B5-A11G,0,Endometrioid
TCGA-A5-A0GB,0,Endometrioid
TCGA-BG-A2AE,0,Endometrioid
TCGA-FI-A2EX,2,Serous
TCGA-SJ-A6ZJ,0,Endometrioid
TCGA-AX-A3FV,0,Endometrioid
TCGA-BG-A3EW,0,Endometrioid
TCGA-AJ-A23N,2,Serous
TCGA-AX-A1CE,0,Endometrioid
TCGA-BK-A6W4,0,Endometrioid
TCGA-AX-A2H4,2,Serous
TCGA-BS-A0V4,0,Endometrioid
TCGA-BS-A0UL,0,Endometrioid
TCGA-D1-A17Q,0,Endometrioid
TCGA-AJ-A23M,2,Serous
TCGA-D1-A175,0,Endometrioid
TCGA-BS-A0TI,0,Endometrioid
TCGA-D1-A16Q,0,Endometrioid
TCGA-DI-A1BY,0,Endometrioid
TCGA-AJ-A3OK,2,Serous
TCGA-BG-A0MA,0,Endometrioid
TCGA-AP-A054,0,Endometrioid
TCGA-D1-A169,0,Endometrioid
TCGA-AJ-A2QM,2,Serous
TCGA-5S-A9Q8,0,Endometrioid
TCGA-B5-A1N2,2,Serous
TCGA-AX-A2HG,0,Endometrioid
TCGA-EY-A3QX,2,Serous
TCGA-AX-A1C8,2,Serous
TCGA-A5-A0GA,0,Endometrioid
TCGA-BS-A0V7,0,Endometrioid
TCGA-EO-A22T,0,Endometrioid
TCGA-AJ-A2QK,0,Endometrioid
TCGA-D1-A174,0,Endometrioid
TCGA-D1-A176,0,Endometrioid
TCGA-B5-A0K1,0,Endometrioid
TCGA-AX-A3G1,0,Endometrioid
TCGA-B5-A1MS,2,Serous
TCGA-AJ-A3TW,2,Serous
TCGA-A5-A0GQ,0,Endometrioid
TCGA-AX-A06L,0,Endometrioid
TCGA-AJ-A3EL,0,Endometrioid
TCGA-A5-A2K2,2,Serous
TCGA-BS-A0U7,0,Endometrioid
TCGA-A5-A1OJ,0,Endometrioid
TCGA-BS-A0TE,0,Endometrioid
TCGA-SL-A6J9,0,Endometrioid
TCGA-EY-A3L3,2,Serous
TCGA-AX-A0IZ,0,Endometrioid
TCGA-EO-A22R,0,Endometrioid
TCGA-EY-A1GU,0,Endometrioid
TCGA-D1-A1O0,0,Endometrioid
TCGA-E6-A1LZ,2,Serous
TCGA-EO-A2CG,2,Serous
TCGA-A5-A0G2,2,Serous
TCGA-B5-A11F,0,Endometrioid
TCGA-AX-A3G6,2,Serous
TCGA-DF-A2KZ,0,Endometrioid
TCGA-DI-A1NN,2,Serous
TCGA-B5-A11Z,0,Endometrioid
TCGA-AX-A06B,0,Endometrioid
TCGA-A5-A0GG,0,Endometrioid
TCGA-D1-A16O,0,Endometrioid
TCGA-A5-A3LP,2,Serous
TCGA-AX-A2H2,2,Serous
TCGA-AX-A2IO,2,Serous
TCGA-D1-A1NS,0,Endometrioid
TCGA-EY-A1GO,0,Endometrioid
TCGA-D1-A17M,0,Endometrioid
TCGA-D1-A0ZP,2,Serous
TCGA-AX-A05T,0,Endometrioid
TCGA-AJ-A3EM,0,Endometrioid
TCGA-BG-A186,0,Endometrioid
TCGA-BS-A0TG,0,Endometrioid
TCGA-FI-A2F4,0,Endometrioid
TCGA-FI-A2F9,0,Endometrioid
TCGA-BK-A56F,0,Endometrioid
TCGA-EY-A1GL,0,Endometrioid
TCGA-BG-A2AD,0,Endometrioid
TCGA-A5-A1OF,1,Mixed
TCGA-BS-A0U5,0,Endometrioid
TCGA-AX-A0J0,0,Endometrioid
TCGA-EO-A1Y8,2,Serous
TCGA-EO-A22S,0,Endometrioid
TCGA-B5-A11L,0,Endometrioid
TCGA-DF-A2KU,0,Endometrioid
TCGA-BG-A0W2,0,Endometrioid
TCGA-B5-A11Y,0,Endometrioid
TCGA-D1-A16I,2,Serous
TCGA-DF-A2KY,0,Endometrioid
TCGA-B5-A11I,0,Endometrioid
TCGA-AX-A064,0,Endometrioid
TCGA-AJ-A3BF,2,Serous
TCGA-EO-A3KW,2,Serous
TCGA-FI-A2D4,0,Endometrioid
TCGA-EY-A547,0,Endometrioid
TCGA-AJ-A3OL,0,Endometrioid
TCGA-AX-A2HH,0,Endometrioid
TCGA-AJ-A8CT,0,Endometrioid
TCGA-4E-A92E,0,Endometrioid
TCGA-FI-A2EW,2,Serous
TCGA-JU-AAVI,2,Serous
TCGA-B5-A1MU,2,Serous
TCGA-AP-A0LF,0,Endometrioid
TCGA-D1-A16Y,0,Endometrioid
TCGA-B5-A0K3,0,Endometrioid
TCGA-D1-A1NZ,0,Endometrioid
TCGA-D1-A17C,0,Endometrioid
TCGA-DF-A2KR,0,Endometrioid
TCGA-D1-A3JQ,2,Serous
TCGA-A5-A0GR,0,Endometrioid
TCGA-AX-A06H,0,Endometrioid
TCGA-D1-A16S,2,Serous
TCGA-AP-A05P,0,Endometrioid
TCGA-AP-A3K1,2,Serous
TCGA-FI-A2EU,2,Serous
TCGA-AP-A1E3,0,Endometrioid
TCGA-AP-A1E4,0,Endometrioid
TCGA-BS-A0UV,0,Endometrioid
TCGA-BG-A0VV,0,Endometrioid
TCGA-BS-A0TC,0,Endometrioid
TCGA-DF-A2KS,0,Endometrioid
TCGA-B5-A11U,0,Endometrioid
TCGA-FI-A2EY,2,Serous
TCGA-BS-A0V6,0,Endometrioid
TCGA-EY-A1GR,0,Endometrioid
TCGA-BG-A18C,0,Endometrioid
TCGA-EY-A1GP,0,Endometrioid
TCGA-BG-A0MK,0,Endometrioid
TCGA-AX-A0J1,0,Endometrioid
TCGA-EO-A3AY,0,Endometrioid
TCGA-B5-A1MY,2,Serous
TCGA-D1-A103,0,Endometrioid
TCGA-AJ-A3NC,0,Endometrioid
TCGA-EY-A4KR,2,Serous
TCGA-AX-A0IS,0,Endometrioid
TCGA-D1-A17S,0,Endometrioid
TCGA-BG-A0MG,0,Endometrioid
TCGA-D1-A16D,0,Endometrioid
TCGA-AX-A06F,0,Endometrioid
TCGA-BG-A0M3,0,Endometrioid
TCGA-B5-A11Q,0,Endometrioid
TCGA-D1-A16J,0,Endometrioid
TCGA-B5-A0JR,0,Endometrioid
TCGA-A5-A0G9,0,Endometrioid
TCGA-D1-A2G7,2,Serous
TCGA-D1-A161,0,Endometrioid
TCGA-AX-A0IW,2,Serous
TCGA-AJ-A5DW,0,Endometrioid
TCGA-AP-A1DP,0,Endometrioid
TCGA-D1-A17U,0,Endometrioid
TCGA-AP-A0LS,0,Endometrioid
TCGA-BG-A0MI,0,Endometrioid
TCGA-D1-A15W,0,Endometrioid
TCGA-EY-A54A,0,Endometrioid
TCGA-KP-A3VZ,2,Serous
TCGA-BS-A0TA,0,Endometrioid
TCGA-EY-A2OM,0,Endometrioid
TCGA-PG-A915,2,Serous
TCGA-D1-A15Z,0,Endometrioid
TCGA-DI-A1BU,1,Mixed
TCGA-EY-A549,0,Endometrioid
TCGA-D1-A15V,2,Serous
TCGA-QS-A5YR,0,Endometrioid
TCGA-PG-A5BC,2,Serous
TCGA-AP-A0LN,0,Endometrioid
TCGA-BG-A18A,0,Endometrioid
TCGA-AJ-A3NF,2,Serous
TCGA-D1-A3DA,0,Endometrioid
TCGA-B5-A0JS,0,Endometrioid
TCGA-B5-A11V,0,Endometrioid
TCGA-EY-A548,0,Endometrioid
TCGA-EY-A1GQ,0,Endometrioid
TCGA-B5-A0K0,0,Endometrioid
TCGA-EO-A22U,0,Endometrioid
TCGA-AJ-A3BK,0,Endometrioid
TCGA-PG-A917,0,Endometrioid
TCGA-KP-A3W0,2,Serous
TCGA-DI-A1C3,0,Endometrioid
TCGA-AX-A05Y,0,Endometrioid
TCGA-AP-A0LI,2,Serous
TCGA-AX-A060,0,Endometrioid
TCGA-AX-A1CK,0,Endometrioid
TCGA-A5-A0GE,0,Endometrioid
TCGA-D1-A16N,0,Endometrioid
TCGA-D1-A16X,0,Endometrioid
TCGA-AX-A05W,0,Endometrioid
TCGA-E6-A1M0,0,Endometrioid
TCGA-BG-A0VX,0,Endometrioid
TCGA-BK-A4ZD,0,Endometrioid
TCGA-SL-A6JA,0,Endometrioid
TCGA-AP-A1E0,0,Endometrioid
TCGA-BG-A2L7,0,Endometrioid
TCGA-A5-A7WJ,0,Endometrioid
TCGA-AX-A2HA,0,Endometrioid
TCGA-AX-A05S,0,Endometrioid
TCGA-AJ-A2QN,0,Endometrioid
TCGA-D1-A16V,0,Endometrioid
TCGA-B5-A11S,0,Endometrioid
TCGA-EY-A212,2,Serous
TCGA-D1-A101,0,Endometrioid
TCGA-AP-A1DV,0,Endometrioid
TCGA-BG-A0VT,0,Endometrioid
TCGA-D1-A102,0,Endometrioid
TCGA-EO-A3B0,0,Endometrioid
TCGA-EC-A1QX,0,Endometrioid
TCGA-D1-A1O7,0,Endometrioid
TCGA-AP-A0LD,0,Endometrioid
TCGA-AW-A1PO,0,Endometrioid
TCGA-AP-A0L8,2,Serous
TCGA-D1-A165,0,Endometrioid
TCGA-A5-A0GV,0,Endometrioid
TCGA-A5-A7WK,1,Mixed
TCGA-EY-A1GC,0,Endometrioid
TCGA-D1-A15X,2,Serous
TCGA-B5-A0K6,0,Endometrioid
TCGA-PG-A6IB,2,Serous
TCGA-E6-A2P8,1,Mixed
TCGA-D1-A1O8,0,Endometrioid
TCGA-AX-A1C7,2,Serous
TCGA-5B-A90C,0,Endometrioid
TCGA-FI-A2CX,0,Endometrioid
TCGA-A5-A0GM,0,Endometrioid
TCGA-KP-A3W4,2,Serous
TCGA-BK-A13B,0,Endometrioid
TCGA-D1-A1NY,0,Endometrioid
TCGA-A5-AB3J,0,Endometrioid
TCGA-BS-A0VI,0,Endometrioid
TCGA-EY-A1GI,0,Endometrioid
TCGA-B5-A5OC,0,Endometrioid
TCGA-A5-A0R7,0,Endometrioid
TCGA-A5-A1OG,2,Serous
TCGA-FI-A2F8,2,Serous
TCGA-BG-A0M9,0,Endometrioid
TCGA-EO-A22Y,0,Endometrioid
TCGA-D1-A0ZV,0,Endometrioid
TCGA-D1-A16E,0,Endometrioid
TCGA-EY-A2ON,2,Serous
TCGA-AP-A0LG,0,Endometrioid
TCGA-AP-A051,0,Endometrioid
TCGA-AX-A1CF,0,Endometrioid
TCGA-EO-A3L0,0,Endometrioid
TCGA-AX-A3FX,0,Endometrioid
TCGA-AX-A2IN,0,Endometrioid
TCGA-AX-A3GB,0,Endometrioid
TCGA-AP-A0LP,0,Endometrioid
TCGA-EY-A1H0,0,Endometrioid
TCGA-B5-A11P,0,Endometrioid
TCGA-EY-A2OO,1,Mixed
TCGA-PG-A914,2,Serous
TCGA-A5-A0GI,0,Endometrioid
TCGA-EO-A3KU,2,Serous
TCGA-EY-A210,1,Mixed
TCGA-BS-A0UA,0,Endometrioid
TCGA-A5-A0GU,0,Endometrioid
TCGA-AX-A1CJ,0,Endometrioid
TCGA-B5-A121,0,Endometrioid
TCGA-AX-A3GI,2,Serous
TCGA-EO-A2CH,2,Serous
TCGA-D1-A17K,0,Endometrioid
TCGA-B5-A0K4,0,Endometrioid
TCGA-AJ-A3OJ,0,Endometrioid
TCGA-B5-A3FD,0,Endometrioid
TCGA-H5-A2HR,0,Endometrioid
TCGA-AJ-A3NH,2,Serous
TCGA-B5-A11O,0,Endometrioid
TCGA-BS-A0UF,0,Endometrioid
TCGA-QS-A8F1,2,Serous
TCGA-AX-A063,0,Endometrioid
TCGA-E6-A2P9,0,Endometrioid
TCGA-AX-A06J,0,Endometrioid
TCGA-B5-A11N,0,Endometrioid
TCGA-DF-A2KV,0,Endometrioid
TCGA-QS-A744,0,Endometrioid
TCGA-D1-A0ZS,0,Endometrioid
TCGA-AJ-A3BH,0,Endometrioid
TCGA-B5-A0JX,0,Endometrioid
TCGA-EO-A3AU,0,Endometrioid
TCGA-AX-A1CA,2,Serous
TCGA-B5-A11E,0,Endometrioid
TCGA-BK-A13C,0,Endometrioid
TCGA-BS-A0UJ,0,Endometrioid
TCGA-B5-A0JU,0,Endometrioid
TCGA-AP-A0LH,1,Mixed
TCGA-EO-A3AV,0,Endometrioid
TCGA-EO-A3B1,2,Serous
TCGA-EY-A1GF,0,Endometrioid
TCGA-BG-A0MT,0,Endometrioid
TCGA-BG-A0VZ,0,Endometrioid
TCGA-A5-A0G5,2,Serous
TCGA-AJ-A3NE,0,Endometrioid
TCGA-AX-A1C9,0,Endometrioid
TCGA-AJ-A2QL,0,Endometrioid
TCGA-AX-A1CC,2,Serous
TCGA-QS-A5YQ,0,Endometrioid
TCGA-B5-A0K7,0,Endometrioid
TCGA-A5-A0R8,0,Endometrioid
TCGA-AJ-A23O,0,Endometrioid
TCGA-AP-A1DR,0,Endometrioid
TCGA-D1-A17A,0,Endometrioid
TCGA-B5-A5OD,2,Serous
TCGA-B5-A11H,0,Endometrioid
TCGA-EO-A3AS,0,Endometrioid
TCGA-FI-A3PX,2,Serous
TCGA-A5-A0VQ,0,Endometrioid
TCGA-EO-A3AZ,1,Mixed
TCGA-D1-A0ZU,0,Endometrioid
TCGA-AX-A3G4,2,Serous
TCGA-D1-A1O5,0,Endometrioid
TCGA-EY-A1GW,0,Endometrioid
TCGA-AP-A1E1,0,Endometrioid
TCGA-BG-A0MC,0,Endometrioid
TCGA-B5-A3F9,0,Endometrioid
TCGA-AX-A05U,0,Endometrioid
TCGA-BG-A0VW,0,Endometrioid
TCGA-A5-A0VP,0,Endometrioid
TCGA-E6-A8L9,2,Serous
TCGA-A5-A0GW,0,Endometrioid
TCGA-AJ-A3BG,1,Mixed
TCGA-B5-A0JN,2,Serous
TCGA-BG-A0M4,0,Endometrioid
TCGA-D1-A17H,0,Endometrioid
TCGA-D1-A167,0,Endometrioid
TCGA-D1-A2G0,1,Mixed
TCGA-D1-A17B,0,Endometrioid
TCGA-DI-A2QU,0,Endometrioid
TCGA-AX-A3FS,0,Endometrioid
TCGA-BG-A0RY,0,Endometrioid
TCGA-BG-A187,0,Endometrioid
TCGA-QF-A5YS,1,Mixed
TCGA-AP-A5FX,1,Mixed
TCGA-BS-A0V8,0,Endometrioid
TCGA-A5-A3LO,0,Endometrioid
TCGA-B5-A11W,0,Endometrioid
TCGA-FI-A2D2,1,Mixed
TCGA-D1-A1NW,1,Mixed
TCGA-AX-A062,0,Endometrioid
TCGA-EO-A1Y5,2,Serous
TCGA-D1-A1NX,2,Serous
TCGA-AX-A1CN,0,Endometrioid
TCGA-AJ-A2QO,0,Endometrioid
TCGA-D1-A2G6,0,Endometrioid
TCGA-EY-A1GT,0,Endometrioid
TCGA-BS-A0WQ,0,Endometrioid
TCGA-D1-A16B,0,Endometrioid
TCGA-D1-A3DG,0,Endometrioid
TCGA-AJ-A8CW,0,Endometrioid
TCGA-B5-A0K2,0,Endometrioid
TCGA-BG-A0LX,0,Endometrioid
TCGA-DI-A2QY,2,Serous
TCGA-D1-A160,0,Endometrioid
TCGA-AP-A1DQ,2,Serous
TCGA-DF-A2L0,0,Endometrioid
TCGA-A5-A0GX,0,Endometrioid
TCGA-B5-A3FC,0,Endometrioid
TCGA-AJ-A3QS,2,Serous
TCGA-AJ-A3BI,0,Endometrioid
TCGA-BG-A0MO,0,Endometrioid
TCGA-BS-A0T9,0,Endometrioid
TCGA-D1-A0ZR,0,Endometrioid
TCGA-BS-A0UT,0,Endometrioid
TCGA-D1-A17R,0,Endometrioid
TCGA-D1-A17L,0,Endometrioid
TCGA-D1-A3DH,0,Endometrioid
TCGA-A5-A1OH,2,Serous
TCGA-B5-A5OE,2,Serous
TCGA-EO-A3KX,0,Endometrioid
TCGA-PG-A916,0,Endometrioid
TCGA-FI-A2D6,0,Endometrioid
TCGA-B5-A1MW,0,Endometrioid
TCGA-B5-A0JY,0,Endometrioid
TCGA-DI-A2QT,2,Serous
TCGA-DI-A0WH,0,Endometrioid
TCGA-EY-A1GV,1,Mixed
TCGA-B5-A0JT,0,Endometrioid
TCGA-AX-A2HC,0,Endometrioid
TCGA-BK-A6W3,0,Endometrioid
TCGA-AX-A2HK,0,Endometrioid
TCGA-B5-A0K9,0,Endometrioid
TCGA-AP-A1DK,0,Endometrioid
TCGA-AP-A059,0,Endometrioid
TCGA-AP-A0LE,0,Endometrioid
TCGA-AP-A0LJ,0,Endometrioid
TCGA-AX-A3FW,0,Endometrioid
TCGA-D1-A17D,0,Endometrioid
TCGA-BG-A0M7,0,Endometrioid
TCGA-EY-A2OQ,0,Endometrioid
TCGA-AJ-A8CV,0,Endometrioid
TCGA-B5-A3FB,0,Endometrioid
TCGA-AX-A3FZ,0,Endometrioid
TCGA-AJ-A3EK,0,Endometrioid
TCGA-AP-A0LT,0,Endometrioid
TCGA-AX-A3G9,0,Endometrioid
TCGA-AX-A1C5,0,Endometrioid
TCGA-EY-A214,0,Endometrioid
TCGA-AX-A3G7,2,Serous
TCGA-D1-A2G5,0,Endometrioid
TCGA-AJ-A3EJ,1,Mixed
TCGA-B5-A0K8,2,Serous
TCGA-A5-A1OK,0,Endometrioid
TCGA-AP-A0L9,2,Serous
TCGA-EY-A1GM,1,Mixed
TCGA-2E-A9G8,0,Endometrioid
TCGA-D1-A16R,0,Endometrioid
TCGA-KP-A3W1,2,Serous
TCGA-AP-A0LO,0,Endometrioid
TCGA-EO-A22X,0,Endometrioid
