bcr_patient_barcode,OS,OS.time,PFI,PFI.time
TCGA-2E-A9G8,0.0,1249.0,1.0,335.0
TCGA-4E-A92E,0.0,13.0,0.0,13.0
TCGA-5B-A90C,0.0,1202.0,1.0,517.0
TCGA-5S-A9Q8,0.0,313.0,0.0,313.0
TCGA-A5-A0G1,1.0,3251.0,0.0,3251.0
TCGA-A5-A0G2,0.0,4549.0,0.0,4549.0
TCGA-A5-A0G3,0.0,1428.0,1.0,795.0
TCGA-A5-A0G5,0.0,1126.0,0.0,1126.0
TCGA-A5-A0G9,0.0,2540.0,0.0,2540.0
TCGA-A5-A0GA,1.0,543.0,1.0,543.0
TCGA-A5-A0GB,0.0,997.0,0.0,997.0
TCGA-A5-A0GD,1.0,3423.0,0.0,3423.0
TCGA-A5-A0GE,0.0,3205.0,0.0,3205.0
TCGA-A5-A0GG,0.0,3762.0,0.0,3762.0
TCGA-A5-A0GH,0.0,2254.0,0.0,2254.0
TCGA-A5-A0GI,0.0,2682.0,0.0,2682.0
TCGA-A5-A0GJ,0.0,2000.0,1.0,12.0
TCGA-A5-A0GM,0.0,1841.0,0.0,1841.0
TCGA-A5-A0GN,0.0,1841.0,0.0,1841.0
TCGA-A5-A0GP,0.0,1416.0,0.0,1416.0
TCGA-A5-A0GQ,0.0,2247.0,0.0,2247.0
TCGA-A5-A0GR,0.0,1120.0,0.0,1120.0
TCGA-A5-A0GU,0.0,860.0,0.0,860.0
TCGA-A5-A0GV,0.0,1643.0,1.0,304.0
TCGA-A5-A0GW,0.0,706.0,0.0,706.0
TCGA-A5-A0GX,0.0,2088.0,0.0,2088.0
TCGA-A5-A0R6,0.0,1153.0,1.0,961.0
TCGA-A5-A0R7,0.0,535.0,0.0,535.0
TCGA-A5-A0R8,0.0,596.0,1.0,42.0
TCGA-A5-A0R9,0.0,749.0,0.0,749.0
TCGA-A5-A0RA,0.0,884.0,0.0,884.0
TCGA-A5-A0VO,1.0,875.0,0.0,875.0
TCGA-A5-A0VP,0.0,1288.0,0.0,1288.0
TCGA-A5-A0VQ,0.0,485.0,0.0,485.0
TCGA-A5-A1OF,0.0,973.0,0.0,973.0
TCGA-A5-A1OG,1.0,973.0,1.0,337.0
TCGA-A5-A1OH,0.0,1105.0,0.0,1105.0
TCGA-A5-A1OJ,0.0,1006.0,0.0,1006.0
TCGA-A5-A1OK,0.0,917.0,0.0,917.0
TCGA-A5-A2K2,0.0,3595.0,0.0,3595.0
TCGA-A5-A2K3,0.0,2012.0,0.0,2012.0
TCGA-A5-A2K4,1.0,871.0,1.0,528.0
TCGA-A5-A2K5,0.0,752.0,0.0,752.0
TCGA-A5-A2K7,0.0,1063.0,0.0,1063.0
TCGA-A5-A3LO,0.0,776.0,0.0,776.0
TCGA-A5-A3LP,0.0,455.0,0.0,455.0
TCGA-A5-A7WJ,0.0,341.0,0.0,341.0
TCGA-A5-A7WK,0.0,560.0,1.0,350.0
TCGA-A5-AB3J,0.0,512.0,0.0,512.0
TCGA-AJ-A23M,1.0,616.0,1.0,516.0
TCGA-AJ-A23N,1.0,439.0,1.0,439.0
TCGA-AJ-A23O,1.0,312.0,0.0,312.0
TCGA-AJ-A2QK,0.0,643.0,1.0,606.0
TCGA-AJ-A2QL,0.0,602.0,0.0,602.0
TCGA-AJ-A2QM,0.0,894.0,0.0,894.0
TCGA-AJ-A2QN,0.0,1069.0,0.0,1069.0
TCGA-AJ-A2QO,1.0,1045.0,0.0,1045.0
TCGA-AJ-A3BD,0.0,1039.0,0.0,1039.0
TCGA-AJ-A3BF,0.0,551.0,1.0,384.0
TCGA-AJ-A3BG,0.0,550.0,1.0,480.0
TCGA-AJ-A3BH,0.0,,0.0,
TCGA-AJ-A3BI,0.0,575.0,1.0,373.0
TCGA-AJ-A3BK,0.0,1031.0,0.0,1031.0
TCGA-AJ-A3EJ,1.0,50.0,1.0,50.0
TCGA-AJ-A3EK,0.0,446.0,0.0,446.0
TCGA-AJ-A3EL,0.0,684.0,0.0,684.0
TCGA-AJ-A3EM,0.0,677.0,0.0,677.0
TCGA-AJ-A3I9,1.0,519.0,1.0,370.0
TCGA-AJ-A3IA,0.0,633.0,0.0,633.0
TCGA-AJ-A3NC,0.0,1125.0,0.0,1125.0
TCGA-AJ-A3NE,0.0,628.0,0.0,628.0
TCGA-AJ-A3NF,0.0,645.0,0.0,645.0
TCGA-AJ-A3NG,0.0,475.0,0.0,475.0
TCGA-AJ-A3NH,1.0,310.0,0.0,310.0
TCGA-AJ-A3OJ,0.0,467.0,0.0,467.0
TCGA-AJ-A3OK,0.0,485.0,0.0,485.0
TCGA-AJ-A3OL,1.0,449.0,1.0,424.0
TCGA-AJ-A3QS,0.0,513.0,0.0,513.0
TCGA-AJ-A3TW,0.0,513.0,0.0,513.0
TCGA-AJ-A4ZG,0.0,498.0,0.0,498.0
TCGA-AJ-A5DV,0.0,679.0,0.0,679.0
TCGA-AJ-A5DW,0.0,390.0,0.0,390.0
TCGA-AJ-A6NU,0.0,632.0,0.0,632.0
TCGA-AJ-A8CT,0.0,82.0,0.0,82.0
TCGA-AJ-A8CV,0.0,1068.0,0.0,1068.0
TCGA-AJ-A8CW,0.0,4.0,0.0,4.0
TCGA-AP-A051,0.0,3948.0,0.0,3948.0
TCGA-AP-A052,1.0,669.0,1.0,394.0
TCGA-AP-A053,1.0,3365.0,0.0,3365.0
TCGA-AP-A054,1.0,709.0,1.0,566.0
TCGA-AP-A056,0.0,2618.0,0.0,2618.0
TCGA-AP-A059,0.0,1461.0,0.0,1461.0
TCGA-AP-A05A,1.0,1944.0,0.0,1944.0
TCGA-AP-A05D,0.0,1758.0,0.0,1758.0
TCGA-AP-A05H,0.0,1385.0,0.0,1385.0
TCGA-AP-A05J,0.0,1122.0,0.0,1122.0
TCGA-AP-A05N,1.0,726.0,0.0,726.0
TCGA-AP-A05O,0.0,384.0,1.0,340.0
TCGA-AP-A05P,0.0,636.0,0.0,636.0
TCGA-AP-A0L8,1.0,1484.0,1.0,1453.0
TCGA-AP-A0L9,0.0,3815.0,0.0,3815.0
TCGA-AP-A0LD,0.0,3589.0,0.0,3589.0
TCGA-AP-A0LE,0.0,3357.0,0.0,3357.0
TCGA-AP-A0LF,0.0,2859.0,0.0,2859.0
TCGA-AP-A0LG,0.0,2015.0,0.0,2015.0
TCGA-AP-A0LH,1.0,1106.0,1.0,302.0
TCGA-AP-A0LI,0.0,2972.0,0.0,2972.0
TCGA-AP-A0LJ,0.0,1421.0,0.0,1421.0
TCGA-AP-A0LL,0.0,2554.0,1.0,790.0
TCGA-AP-A0LM,0.0,825.0,0.0,825.0
TCGA-AP-A0LN,0.0,2510.0,0.0,2510.0
TCGA-AP-A0LO,1.0,1016.0,1.0,516.0
TCGA-AP-A0LP,0.0,1875.0,0.0,1875.0
TCGA-AP-A0LQ,0.0,2457.0,0.0,2457.0
TCGA-AP-A0LS,0.0,2904.0,0.0,2904.0
TCGA-AP-A0LT,0.0,1497.0,0.0,1497.0
TCGA-AP-A0LV,0.0,763.0,0.0,763.0
TCGA-AP-A1DH,0.0,2180.0,0.0,2180.0
TCGA-AP-A1DK,0.0,2767.0,0.0,2767.0
TCGA-AP-A1DM,0.0,1700.0,0.0,1700.0
TCGA-AP-A1DO,0.0,952.0,0.0,952.0
TCGA-AP-A1DP,1.0,1081.0,1.0,831.0
TCGA-AP-A1DQ,1.0,1423.0,1.0,905.0
TCGA-AP-A1DR,0.0,1495.0,0.0,1495.0
TCGA-AP-A1DV,0.0,204.0,0.0,204.0
TCGA-AP-A1E0,0.0,1832.0,0.0,1832.0
TCGA-AP-A1E1,0.0,1395.0,0.0,1395.0
TCGA-AP-A1E3,0.0,847.0,0.0,847.0
TCGA-AP-A1E4,0.0,1555.0,1.0,158.0
TCGA-AP-A3K1,1.0,666.0,1.0,198.0
TCGA-AP-A5FX,1.0,1099.0,1.0,407.0
TCGA-AW-A1PO,0.0,17.0,0.0,17.0
TCGA-AX-A05S,1.0,413.0,1.0,338.0
TCGA-AX-A05T,0.0,1010.0,0.0,1010.0
TCGA-AX-A05U,0.0,903.0,0.0,903.0
TCGA-AX-A05W,0.0,2450.0,0.0,2450.0
TCGA-AX-A05Y,0.0,2684.0,1.0,194.0
TCGA-AX-A05Z,0.0,2175.0,0.0,2175.0
TCGA-AX-A060,0.0,1075.0,0.0,1075.0
TCGA-AX-A062,0.0,1399.0,0.0,1399.0
TCGA-AX-A063,0.0,2417.0,0.0,2417.0
TCGA-AX-A064,0.0,1517.0,0.0,1517.0
TCGA-AX-A06B,0.0,2058.0,0.0,2058.0
TCGA-AX-A06D,1.0,373.0,1.0,253.0
TCGA-AX-A06F,0.0,1748.0,0.0,1748.0
TCGA-AX-A06H,0.0,833.0,0.0,833.0
TCGA-AX-A06J,0.0,913.0,0.0,913.0
TCGA-AX-A06L,0.0,1845.0,0.0,1845.0
TCGA-AX-A0IS,1.0,1858.0,1.0,448.0
TCGA-AX-A0IU,0.0,1087.0,0.0,1087.0
TCGA-AX-A0IW,0.0,1149.0,0.0,1149.0
TCGA-AX-A0IZ,0.0,1333.0,0.0,1333.0
TCGA-AX-A0J0,0.0,1220.0,0.0,1220.0
TCGA-AX-A0J1,0.0,2354.0,0.0,2354.0
TCGA-AX-A1C4,0.0,404.0,0.0,404.0
TCGA-AX-A1C5,0.0,1001.0,0.0,1001.0
TCGA-AX-A1C7,0.0,1054.0,1.0,390.0
TCGA-AX-A1C8,0.0,776.0,0.0,776.0
TCGA-AX-A1C9,0.0,802.0,0.0,802.0
TCGA-AX-A1CA,0.0,974.0,0.0,974.0
TCGA-AX-A1CC,0.0,788.0,0.0,788.0
TCGA-AX-A1CE,0.0,1037.0,0.0,1037.0
TCGA-AX-A1CF,0.0,2337.0,1.0,875.0
TCGA-AX-A1CI,0.0,2600.0,0.0,2600.0
TCGA-AX-A1CJ,0.0,2233.0,0.0,2233.0
TCGA-AX-A1CK,0.0,2441.0,0.0,2441.0
TCGA-AX-A1CN,0.0,1143.0,1.0,1105.0
TCGA-AX-A1CP,0.0,1107.0,1.0,722.0
TCGA-AX-A1CR,0.0,701.0,0.0,701.0
TCGA-AX-A2H2,1.0,145.0,0.0,145.0
TCGA-AX-A2H4,1.0,916.0,1.0,520.0
TCGA-AX-A2H5,0.0,2167.0,0.0,2167.0
TCGA-AX-A2H7,1.0,1241.0,1.0,684.0
TCGA-AX-A2H8,0.0,1861.0,0.0,1861.0
TCGA-AX-A2HA,0.0,2475.0,0.0,2475.0
TCGA-AX-A2HC,0.0,1044.0,1.0,756.0
TCGA-AX-A2HD,0.0,1414.0,0.0,1414.0
TCGA-AX-A2HF,0.0,848.0,0.0,848.0
TCGA-AX-A2HG,0.0,1163.0,0.0,1163.0
TCGA-AX-A2HH,0.0,540.0,0.0,540.0
TCGA-AX-A2HJ,0.0,935.0,0.0,935.0
TCGA-AX-A2HK,1.0,90.0,1.0,90.0
TCGA-AX-A2IN,1.0,947.0,1.0,257.0
TCGA-AX-A2IO,0.0,1975.0,0.0,1975.0
TCGA-AX-A3FS,0.0,7.0,0.0,7.0
TCGA-AX-A3FT,0.0,6.0,0.0,6.0
TCGA-AX-A3FV,0.0,0.0,0.0,0.0
TCGA-AX-A3FW,0.0,17.0,0.0,17.0
TCGA-AX-A3FX,1.0,1333.0,1.0,938.0
TCGA-AX-A3FZ,0.0,6.0,0.0,6.0
TCGA-AX-A3G1,1.0,624.0,0.0,624.0
TCGA-AX-A3G3,0.0,42.0,0.0,42.0
TCGA-AX-A3G4,0.0,9.0,0.0,9.0
TCGA-AX-A3G6,0.0,8.0,0.0,8.0
TCGA-AX-A3G7,0.0,9.0,0.0,9.0
TCGA-AX-A3G8,0.0,36.0,0.0,36.0
TCGA-AX-A3G9,0.0,558.0,0.0,558.0
TCGA-AX-A3GB,0.0,440.0,0.0,440.0
TCGA-AX-A3GI,0.0,12.0,0.0,12.0
TCGA-B5-A0JN,0.0,2445.0,0.0,2445.0
TCGA-B5-A0JR,0.0,1731.0,0.0,1731.0
TCGA-B5-A0JS,0.0,2627.0,0.0,2627.0
TCGA-B5-A0JT,0.0,1682.0,0.0,1682.0
TCGA-B5-A0JU,0.0,1802.0,0.0,1802.0
TCGA-B5-A0JV,0.0,2616.0,1.0,698.0
TCGA-B5-A0JX,0.0,1787.0,0.0,1787.0
TCGA-B5-A0JY,0.0,2107.0,0.0,2107.0
TCGA-B5-A0JZ,0.0,2173.0,1.0,356.0
TCGA-B5-A0K0,0.0,1478.0,0.0,1478.0
TCGA-B5-A0K1,0.0,1110.0,0.0,1110.0
TCGA-B5-A0K2,0.0,2209.0,0.0,2209.0
TCGA-B5-A0K3,1.0,830.0,1.0,256.0
TCGA-B5-A0K4,0.0,1757.0,0.0,1757.0
TCGA-B5-A0K6,0.0,1953.0,0.0,1953.0
TCGA-B5-A0K7,0.0,1933.0,1.0,322.0
TCGA-B5-A0K8,0.0,847.0,0.0,847.0
TCGA-B5-A0K9,1.0,409.0,0.0,409.0
TCGA-B5-A0KB,0.0,824.0,1.0,689.0
TCGA-B5-A11E,0.0,1820.0,0.0,1820.0
TCGA-B5-A11F,0.0,5651.0,1.0,1610.0
TCGA-B5-A11G,0.0,3448.0,0.0,3448.0
TCGA-B5-A11H,0.0,2687.0,0.0,2687.0
TCGA-B5-A11I,0.0,2303.0,1.0,705.0
TCGA-B5-A11J,0.0,1656.0,0.0,1656.0
TCGA-B5-A11L,1.0,2240.0,1.0,131.0
TCGA-B5-A11M,0.0,1362.0,0.0,1362.0
TCGA-B5-A11N,0.0,1876.0,0.0,1876.0
TCGA-B5-A11O,0.0,2609.0,1.0,1924.0
TCGA-B5-A11P,0.0,1583.0,0.0,1583.0
TCGA-B5-A11Q,0.0,976.0,0.0,976.0
TCGA-B5-A11R,0.0,2349.0,0.0,2349.0
TCGA-B5-A11S,0.0,2229.0,1.0,41.0
TCGA-B5-A11U,0.0,509.0,0.0,509.0
TCGA-B5-A11V,0.0,595.0,0.0,595.0
TCGA-B5-A11W,0.0,593.0,0.0,593.0
TCGA-B5-A11X,0.0,596.0,1.0,397.0
TCGA-B5-A11Y,0.0,560.0,0.0,560.0
TCGA-B5-A11Z,0.0,528.0,0.0,528.0
TCGA-B5-A121,0.0,504.0,0.0,504.0
TCGA-B5-A1MR,0.0,6859.0,0.0,6859.0
TCGA-B5-A1MS,1.0,3112.0,1.0,2706.0
TCGA-B5-A1MU,1.0,1548.0,1.0,1365.0
TCGA-B5-A1MV,0.0,1565.0,0.0,1565.0
TCGA-B5-A1MW,0.0,447.0,1.0,311.0
TCGA-B5-A1MX,0.0,1473.0,0.0,1473.0
TCGA-B5-A1MY,1.0,361.0,1.0,333.0
TCGA-B5-A1MZ,0.0,1598.0,1.0,613.0
TCGA-B5-A1N2,1.0,954.0,1.0,804.0
TCGA-B5-A3F9,0.0,4155.0,0.0,4155.0
TCGA-B5-A3FA,0.0,2929.0,0.0,2929.0
TCGA-B5-A3FB,0.0,2844.0,0.0,2844.0
TCGA-B5-A3FC,0.0,2185.0,0.0,2185.0
TCGA-B5-A3FD,1.0,1197.0,1.0,562.0
TCGA-B5-A3FH,0.0,841.0,0.0,841.0
TCGA-B5-A3S1,0.0,902.0,0.0,902.0
TCGA-B5-A5OC,0.0,1249.0,0.0,1249.0
TCGA-B5-A5OD,0.0,1038.0,0.0,1038.0
TCGA-B5-A5OE,0.0,1063.0,0.0,1063.0
TCGA-BG-A0LW,0.0,566.0,0.0,566.0
TCGA-BG-A0LX,0.0,614.0,0.0,614.0
TCGA-BG-A0M0,0.0,588.0,0.0,588.0
TCGA-BG-A0M2,0.0,637.0,0.0,637.0
TCGA-BG-A0M3,0.0,1071.0,0.0,1071.0
TCGA-BG-A0M4,0.0,2167.0,0.0,2167.0
TCGA-BG-A0M6,1.0,671.0,0.0,671.0
TCGA-BG-A0M7,0.0,1937.0,0.0,1937.0
TCGA-BG-A0M8,0.0,2020.0,0.0,2020.0
TCGA-BG-A0M9,0.0,2270.0,0.0,2270.0
TCGA-BG-A0MA,1.0,326.0,1.0,70.0
TCGA-BG-A0MC,0.0,1263.0,0.0,1263.0
TCGA-BG-A0MG,0.0,1477.0,0.0,1477.0
TCGA-BG-A0MH,0.0,1930.0,0.0,1930.0
TCGA-BG-A0MI,1.0,714.0,0.0,714.0
TCGA-BG-A0MK,1.0,1317.0,1.0,1317.0
TCGA-BG-A0MO,0.0,1309.0,0.0,1309.0
TCGA-BG-A0MQ,0.0,1817.0,0.0,1817.0
TCGA-BG-A0MS,0.0,1882.0,0.0,1882.0
TCGA-BG-A0MT,0.0,644.0,1.0,565.0
TCGA-BG-A0MU,0.0,617.0,0.0,617.0
TCGA-BG-A0RY,0.0,469.0,0.0,469.0
TCGA-BG-A0VT,0.0,1568.0,0.0,1568.0
TCGA-BG-A0VV,0.0,1553.0,0.0,1553.0
TCGA-BG-A0VW,0.0,1582.0,0.0,1582.0
TCGA-BG-A0VX,0.0,1043.0,0.0,1043.0
TCGA-BG-A0VZ,0.0,1601.0,0.0,1601.0
TCGA-BG-A0W1,0.0,1607.0,0.0,1607.0
TCGA-BG-A0W2,0.0,1721.0,0.0,1721.0
TCGA-BG-A0YU,0.0,451.0,0.0,451.0
TCGA-BG-A0YV,0.0,382.0,0.0,382.0
TCGA-BG-A186,0.0,419.0,0.0,419.0
TCGA-BG-A187,0.0,448.0,0.0,448.0
TCGA-BG-A18A,0.0,426.0,0.0,426.0
TCGA-BG-A18B,0.0,470.0,0.0,470.0
TCGA-BG-A18C,0.0,470.0,0.0,470.0
TCGA-BG-A220,0.0,434.0,0.0,434.0
TCGA-BG-A221,0.0,55.0,0.0,55.0
TCGA-BG-A222,0.0,291.0,0.0,291.0
TCGA-BG-A2AD,0.0,609.0,0.0,609.0
TCGA-BG-A2AE,0.0,721.0,0.0,721.0
TCGA-BG-A2L7,0.0,612.0,0.0,612.0
TCGA-BG-A3EW,0.0,344.0,0.0,344.0
TCGA-BG-A3PP,0.0,681.0,1.0,665.0
TCGA-BK-A0C9,0.0,1092.0,0.0,1092.0
TCGA-BK-A0CA,0.0,1064.0,0.0,1064.0
TCGA-BK-A0CB,0.0,1092.0,0.0,1092.0
TCGA-BK-A0CC,0.0,1067.0,1.0,1010.0
TCGA-BK-A139,1.0,943.0,1.0,684.0
TCGA-BK-A13B,0.0,966.0,1.0,760.0
TCGA-BK-A13C,0.0,760.0,0.0,760.0
TCGA-BK-A26L,0.0,734.0,0.0,734.0
TCGA-BK-A4ZD,0.0,506.0,0.0,506.0
TCGA-BK-A56F,0.0,401.0,0.0,401.0
TCGA-BK-A6W3,0.0,305.0,0.0,305.0
TCGA-BK-A6W4,0.0,300.0,0.0,300.0
TCGA-BS-A0T9,1.0,1428.0,1.0,634.0
TCGA-BS-A0TA,1.0,740.0,1.0,394.0
TCGA-BS-A0TC,0.0,2602.0,0.0,2602.0
TCGA-BS-A0TD,0.0,2379.0,0.0,2379.0
TCGA-BS-A0TE,1.0,146.0,1.0,58.0
TCGA-BS-A0TG,0.0,2371.0,0.0,2371.0
TCGA-BS-A0TI,0.0,1882.0,0.0,1882.0
TCGA-BS-A0TJ,0.0,2068.0,0.0,2068.0
TCGA-BS-A0U5,0.0,2935.0,0.0,2935.0
TCGA-BS-A0U7,1.0,935.0,0.0,935.0
TCGA-BS-A0U8,0.0,2963.0,0.0,2963.0
TCGA-BS-A0U9,0.0,2825.0,0.0,2825.0
TCGA-BS-A0UA,0.0,3495.0,1.0,520.0
TCGA-BS-A0UF,0.0,2611.0,0.0,2611.0
TCGA-BS-A0UJ,0.0,2506.0,0.0,2506.0
TCGA-BS-A0UL,0.0,2481.0,0.0,2481.0
TCGA-BS-A0UM,0.0,2644.0,1.0,1454.0
TCGA-BS-A0UT,0.0,2212.0,0.0,2212.0
TCGA-BS-A0UV,0.0,2228.0,0.0,2228.0
TCGA-BS-A0V4,0.0,1810.0,0.0,1810.0
TCGA-BS-A0V6,0.0,2725.0,0.0,2725.0
TCGA-BS-A0V7,0.0,1934.0,0.0,1934.0
TCGA-BS-A0V8,0.0,2544.0,0.0,2544.0
TCGA-BS-A0VI,0.0,2646.0,0.0,2646.0
TCGA-BS-A0WQ,0.0,2022.0,0.0,2022.0
TCGA-D1-A0ZN,0.0,512.0,1.0,448.0
TCGA-D1-A0ZO,0.0,602.0,0.0,602.0
TCGA-D1-A0ZP,0.0,911.0,1.0,629.0
TCGA-D1-A0ZQ,0.0,260.0,0.0,260.0
TCGA-D1-A0ZR,0.0,17.0,0.0,17.0
TCGA-D1-A0ZS,0.0,148.0,0.0,148.0
TCGA-D1-A0ZU,0.0,872.0,0.0,872.0
TCGA-D1-A0ZV,0.0,728.0,0.0,728.0
TCGA-D1-A0ZZ,0.0,686.0,0.0,686.0
TCGA-D1-A101,0.0,53.0,0.0,53.0
TCGA-D1-A102,0.0,135.0,0.0,135.0
TCGA-D1-A103,0.0,669.0,0.0,669.0
TCGA-D1-A15V,0.0,1201.0,0.0,1201.0
TCGA-D1-A15W,0.0,915.0,0.0,915.0
TCGA-D1-A15X,0.0,909.0,0.0,909.0
TCGA-D1-A15Z,1.0,58.0,0.0,58.0
TCGA-D1-A160,0.0,112.0,0.0,112.0
TCGA-D1-A161,0.0,892.0,0.0,892.0
TCGA-D1-A162,0.0,1145.0,0.0,1145.0
TCGA-D1-A163,0.0,991.0,1.0,223.0
TCGA-D1-A165,0.0,20.0,0.0,20.0
TCGA-D1-A167,0.0,478.0,0.0,478.0
TCGA-D1-A168,0.0,1098.0,0.0,1098.0
TCGA-D1-A169,0.0,1135.0,1.0,519.0
TCGA-D1-A16B,0.0,1106.0,0.0,1106.0
TCGA-D1-A16D,0.0,1141.0,0.0,1141.0
TCGA-D1-A16E,0.0,1119.0,0.0,1119.0
TCGA-D1-A16F,0.0,80.0,0.0,80.0
TCGA-D1-A16G,1.0,834.0,1.0,642.0
TCGA-D1-A16I,1.0,350.0,0.0,350.0
TCGA-D1-A16J,0.0,910.0,0.0,910.0
TCGA-D1-A16N,0.0,945.0,0.0,945.0
TCGA-D1-A16O,0.0,1023.0,0.0,1023.0
TCGA-D1-A16Q,0.0,324.0,0.0,324.0
TCGA-D1-A16R,0.0,21.0,0.0,21.0
TCGA-D1-A16S,0.0,568.0,0.0,568.0
TCGA-D1-A16V,1.0,120.0,0.0,120.0
TCGA-D1-A16X,0.0,111.0,0.0,111.0
TCGA-D1-A16Y,0.0,532.0,0.0,532.0
TCGA-D1-A174,0.0,594.0,0.0,594.0
TCGA-D1-A175,0.0,202.0,0.0,202.0
TCGA-D1-A176,0.0,917.0,0.0,917.0
TCGA-D1-A177,0.0,548.0,1.0,347.0
TCGA-D1-A179,1.0,448.0,1.0,427.0
TCGA-D1-A17A,0.0,48.0,0.0,48.0
TCGA-D1-A17B,0.0,213.0,0.0,213.0
TCGA-D1-A17C,0.0,30.0,0.0,30.0
TCGA-D1-A17D,0.0,926.0,0.0,926.0
TCGA-D1-A17F,0.0,39.0,0.0,39.0
TCGA-D1-A17H,0.0,852.0,0.0,852.0
TCGA-D1-A17K,0.0,854.0,1.0,815.0
TCGA-D1-A17L,0.0,802.0,0.0,802.0
TCGA-D1-A17M,0.0,311.0,0.0,311.0
TCGA-D1-A17N,0.0,46.0,0.0,46.0
TCGA-D1-A17Q,0.0,54.0,0.0,54.0
TCGA-D1-A17R,1.0,339.0,0.0,339.0
TCGA-D1-A17S,0.0,739.0,0.0,739.0
TCGA-D1-A17T,0.0,71.0,0.0,71.0
TCGA-D1-A17U,0.0,697.0,0.0,697.0
TCGA-D1-A1NS,0.0,43.0,0.0,43.0
TCGA-D1-A1NU,0.0,402.0,0.0,402.0
TCGA-D1-A1NW,0.0,22.0,0.0,22.0
TCGA-D1-A1NX,0.0,555.0,1.0,476.0
TCGA-D1-A1NY,0.0,513.0,0.0,513.0
TCGA-D1-A1NZ,0.0,548.0,0.0,548.0
TCGA-D1-A1O0,0.0,63.0,0.0,63.0
TCGA-D1-A1O5,0.0,458.0,0.0,458.0
TCGA-D1-A1O7,0.0,32.0,0.0,32.0
TCGA-D1-A1O8,1.0,120.0,0.0,120.0
TCGA-D1-A2G0,0.0,1484.0,0.0,1484.0
TCGA-D1-A2G5,0.0,1455.0,1.0,1122.0
TCGA-D1-A2G6,1.0,258.0,1.0,258.0
TCGA-D1-A2G7,1.0,1793.0,0.0,1793.0
TCGA-D1-A3DA,0.0,483.0,0.0,483.0
TCGA-D1-A3DG,1.0,130.0,0.0,130.0
TCGA-D1-A3DH,0.0,573.0,0.0,573.0
TCGA-D1-A3JP,0.0,515.0,0.0,515.0
TCGA-D1-A3JQ,0.0,526.0,0.0,526.0
TCGA-DF-A2KN,0.0,67.0,0.0,67.0
TCGA-DF-A2KR,0.0,2178.0,1.0,2113.0
TCGA-DF-A2KS,0.0,3318.0,1.0,2277.0
TCGA-DF-A2KU,0.0,3067.0,0.0,3067.0
TCGA-DF-A2KV,0.0,2717.0,0.0,2717.0
TCGA-DF-A2KY,0.0,332.0,0.0,332.0
TCGA-DF-A2KZ,0.0,826.0,0.0,826.0
TCGA-DF-A2L0,1.0,788.0,1.0,523.0
TCGA-DI-A0WH,0.0,496.0,0.0,496.0
TCGA-DI-A1BU,0.0,1195.0,0.0,1195.0
TCGA-DI-A1BY,0.0,1114.0,0.0,1114.0
TCGA-DI-A1C3,0.0,739.0,0.0,739.0
TCGA-DI-A1NN,0.0,1076.0,1.0,1023.0
TCGA-DI-A1NO,1.0,285.0,1.0,285.0
TCGA-DI-A2QT,1.0,377.0,1.0,377.0
TCGA-DI-A2QU,1.0,946.0,1.0,946.0
TCGA-DI-A2QY,1.0,3349.0,0.0,3349.0
TCGA-E6-A1LX,0.0,711.0,0.0,711.0
TCGA-E6-A1LZ,0.0,2406.0,0.0,2406.0
TCGA-E6-A1M0,0.0,1793.0,0.0,1793.0
TCGA-E6-A2P8,1.0,72.0,1.0,60.0
TCGA-E6-A2P9,0.0,1386.0,0.0,1386.0
TCGA-E6-A8L9,0.0,1013.0,0.0,1013.0
TCGA-EC-A1NJ,0.0,488.0,0.0,488.0
TCGA-EC-A1QX,0.0,224.0,1.0,219.0
TCGA-EC-A24G,0.0,511.0,0.0,511.0
TCGA-EO-A1Y5,0.0,332.0,0.0,332.0
TCGA-EO-A1Y7,0.0,1495.0,1.0,880.0
TCGA-EO-A1Y8,0.0,1147.0,0.0,1147.0
TCGA-EO-A22R,0.0,1878.0,0.0,1878.0
TCGA-EO-A22S,0.0,1872.0,0.0,1872.0
TCGA-EO-A22T,0.0,2035.0,0.0,2035.0
TCGA-EO-A22U,0.0,1407.0,0.0,1407.0
TCGA-EO-A22X,0.0,1752.0,0.0,1752.0
TCGA-EO-A22Y,0.0,1567.0,0.0,1567.0
TCGA-EO-A2CG,0.0,1564.0,0.0,1564.0
TCGA-EO-A2CH,1.0,590.0,1.0,304.0
TCGA-EO-A3AS,0.0,1046.0,0.0,1046.0
TCGA-EO-A3AU,0.0,1543.0,1.0,1178.0
TCGA-EO-A3AV,0.0,1069.0,0.0,1069.0
TCGA-EO-A3AY,0.0,1158.0,1.0,1163.0
TCGA-EO-A3AZ,0.0,826.0,0.0,826.0
TCGA-EO-A3B0,0.0,1412.0,0.0,1412.0
TCGA-EO-A3B1,0.0,820.0,0.0,820.0
TCGA-EO-A3KU,0.0,677.0,0.0,677.0
TCGA-EO-A3KW,0.0,497.0,0.0,497.0
TCGA-EO-A3KX,0.0,1170.0,0.0,1170.0
TCGA-EO-A3L0,0.0,1554.0,0.0,1554.0
TCGA-EY-A1G7,1.0,189.0,1.0,95.0
TCGA-EY-A1G8,1.0,456.0,0.0,456.0
TCGA-EY-A1GC,0.0,1647.0,0.0,1647.0
TCGA-EY-A1GD,0.0,1639.0,0.0,1639.0
TCGA-EY-A1GE,0.0,741.0,0.0,741.0
TCGA-EY-A1GF,0.0,826.0,0.0,826.0
TCGA-EY-A1GH,0.0,710.0,0.0,710.0
TCGA-EY-A1GI,0.0,710.0,0.0,710.0
TCGA-EY-A1GJ,0.0,727.0,0.0,727.0
TCGA-EY-A1GK,0.0,693.0,0.0,693.0
TCGA-EY-A1GL,0.0,1014.0,0.0,1014.0
TCGA-EY-A1GM,1.0,995.0,1.0,791.0
TCGA-EY-A1GO,0.0,586.0,1.0,517.0
TCGA-EY-A1GP,0.0,573.0,0.0,573.0
TCGA-EY-A1GQ,0.0,544.0,1.0,334.0
TCGA-EY-A1GR,0.0,536.0,0.0,536.0
TCGA-EY-A1GS,1.0,670.0,1.0,670.0
TCGA-EY-A1GT,0.0,490.0,0.0,490.0
TCGA-EY-A1GU,1.0,997.0,0.0,997.0
TCGA-EY-A1GV,0.0,481.0,0.0,481.0
TCGA-EY-A1GW,1.0,337.0,1.0,190.0
TCGA-EY-A1GX,1.0,1127.0,1.0,743.0
TCGA-EY-A1H0,0.0,588.0,0.0,588.0
TCGA-EY-A210,0.0,383.0,0.0,383.0
TCGA-EY-A212,1.0,310.0,1.0,310.0
TCGA-EY-A214,0.0,438.0,0.0,438.0
TCGA-EY-A215,0.0,574.0,0.0,574.0
TCGA-EY-A2OM,0.0,694.0,0.0,694.0
TCGA-EY-A2ON,1.0,610.0,1.0,226.0
TCGA-EY-A2OO,0.0,1392.0,0.0,1392.0
TCGA-EY-A2OP,0.0,944.0,0.0,944.0
TCGA-EY-A2OQ,0.0,885.0,0.0,885.0
TCGA-EY-A3L3,0.0,832.0,0.0,832.0
TCGA-EY-A3QX,1.0,989.0,1.0,896.0
TCGA-EY-A4KR,1.0,346.0,1.0,346.0
TCGA-EY-A547,0.0,545.0,0.0,545.0
TCGA-EY-A548,0.0,430.0,0.0,430.0
TCGA-EY-A549,0.0,605.0,0.0,605.0
TCGA-EY-A54A,0.0,447.0,0.0,447.0
TCGA-EY-A5W2,0.0,516.0,0.0,516.0
TCGA-EY-A72D,0.0,179.0,0.0,179.0
TCGA-FI-A2CX,0.0,2031.0,0.0,2031.0
TCGA-FI-A2CY,0.0,2080.0,0.0,2080.0
TCGA-FI-A2D0,0.0,1213.0,0.0,1213.0
TCGA-FI-A2D2,1.0,2352.0,1.0,1917.0
TCGA-FI-A2D4,1.0,243.0,1.0,243.0
TCGA-FI-A2D5,1.0,421.0,1.0,280.0
TCGA-FI-A2D6,1.0,767.0,0.0,767.0
TCGA-FI-A2EU,0.0,2941.0,0.0,2941.0
TCGA-FI-A2EW,0.0,1795.0,1.0,1169.0
TCGA-FI-A2EX,0.0,284.0,1.0,213.0
TCGA-FI-A2EY,1.0,880.0,1.0,577.0
TCGA-FI-A2F4,0.0,2230.0,0.0,2230.0
TCGA-FI-A2F8,0.0,933.0,0.0,933.0
TCGA-FI-A2F9,0.0,1803.0,0.0,1803.0
TCGA-FI-A3PV,1.0,1249.0,1.0,1249.0
TCGA-FI-A3PX,0.0,2384.0,0.0,2384.0
TCGA-H5-A2HR,0.0,53.0,0.0,53.0
TCGA-JU-AAVI,1.0,540.0,1.0,505.0
TCGA-K6-A3WQ,1.0,427.0,1.0,351.0
TCGA-KJ-A3U4,0.0,1095.0,1.0,306.0
TCGA-KP-A3VZ,0.0,722.0,0.0,722.0
TCGA-KP-A3W0,0.0,404.0,0.0,404.0
TCGA-KP-A3W1,0.0,288.0,0.0,288.0
TCGA-KP-A3W3,0.0,794.0,1.0,661.0
TCGA-KP-A3W4,1.0,554.0,1.0,321.0
TCGA-PG-A5BC,0.0,707.0,0.0,707.0
TCGA-PG-A6IB,0.0,648.0,0.0,648.0
TCGA-PG-A7D5,0.0,1177.0,0.0,1177.0
TCGA-PG-A914,0.0,687.0,0.0,687.0
TCGA-PG-A915,0.0,249.0,0.0,249.0
TCGA-PG-A916,0.0,522.0,0.0,522.0
TCGA-PG-A917,0.0,212.0,0.0,212.0
TCGA-QF-A5YS,0.0,689.0,0.0,689.0
TCGA-QF-A5YT,0.0,1215.0,0.0,1215.0
TCGA-QS-A5YQ,0.0,759.0,0.0,759.0
TCGA-QS-A5YR,0.0,719.0,0.0,719.0
TCGA-QS-A744,0.0,451.0,0.0,451.0
TCGA-QS-A8F1,1.0,135.0,1.0,135.0
TCGA-SJ-A6ZI,0.0,631.0,0.0,631.0
TCGA-SJ-A6ZJ,0.0,556.0,0.0,556.0
TCGA-SL-A6J9,0.0,2.0,0.0,2.0
TCGA-SL-A6JA,0.0,7.0,0.0,7.0
