# source: TCGA-CDR.xlsx (Liu et al., Cell 2018), rows where type == UVM
# extracted: 2026-09-11 11:25 by extract_cdr.py
bcr_patient_barcode,OS,OS.time,PFI,PFI.time,DSS,DSS.time,DFI,DFI.time
TCGA-RZ-AB0B,1.0,149.0,0.0,149.0,1.0,149.0,,
TCGA-V3-A9ZX,0.0,470.0,1.0,233.0,0.0,470.0,,
TCGA-V3-A9ZY,0.0,459.0,0.0,459.0,0.0,459.0,,
TCGA-V4-A9E5,0.0,2499.0,0.0,2499.0,0.0,2499.0,,
TCGA-V4-A9E7,1.0,415.0,1.0,35.0,1.0,415.0,,
TCGA-V4-A9E8,1.0,808.0,1.0,557.0,1.0,808.0,,
TCGA-V4-A9E9,0.0,1246.0,0.0,1246.0,0.0,1246.0,,
TCGA-V4-A9EA,0.0,1348.0,0.0,1348.0,0.0,1348.0,,
TCGA-V4-A9EC,0.0,743.0,0.0,743.0,0.0,743.0,,
TCGA-V4-A9ED,0.0,1078.0,0.0,1078.0,0.0,1078.0,,
TCGA-V4-A9EE,1.0,398.0,1.0,211.0,1.0,398.0,,
TCGA-V4-A9EF,0.0,1165.0,0.0,1165.0,0.0,1165.0,,
TCGA-V4-A9EH,0.0,670.0,0.0,670.0,0.0,670.0,,
TCGA-V4-A9EI,1.0,389.0,1.0,203.0,1.0,389.0,,
TCGA-V4-A9EJ,0.0,746.0,0.0,746.0,0.0,746.0,,
TCGA-V4-A9EK,0.0,1028.0,0.0,1028.0,0.0,1028.0,,
TCGA-V4-A9EL,0.0,982.0,1.0,413.0,0.0,982.0,,
TCGA-V4-A9EM,0.0,966.0,0.0,966.0,0.0,966.0,,
TCGA-V4-A9EO,0.0,773.0,0.0,773.0,0.0,773.0,,
TCGA-V4-A9EQ,1.0,455.0,1.0,252.0,1.0,455.0,,
TCGA-V4-A9ES,0.0,1511.0,1.0,1299.0,0.0,1511.0,,
TCGA-V4-A9ET,0.0,1362.0,0.0,1362.0,0.0,1362.0,,
TCGA-V4-A9EU,0.0,709.0,1.0,86.0,0.0,709.0,,
TCGA-V4-A9EV,1.0,1269.0,1.0,1269.0,1.0,1269.0,,
TCGA-V4-A9EW,0.0,1211.0,1.0,197.0,0.0,1211.0,,
TCGA-V4-A9EX,1.0,730.0,1.0,381.0,1.0,730.0,,
TCGA-V4-A9EY,0.0,837.0,0.0,837.0,0.0,837.0,,
TCGA-V4-A9EZ,0.0,599.0,0.0,599.0,0.0,599.0,,
TCGA-V4-A9F0,1.0,945.0,1.0,489.0,1.0,945.0,,
TCGA-V4-A9F1,0.0,938.0,0.0,938.0,0.0,938.0,,
TCGA-V4-A9F2,0.0,734.0,0.0,734.0,0.0,734.0,,
TCGA-V4-A9F3,1.0,873.0,1.0,329.0,1.0,873.0,,
TCGA-V4-A9F4,0.0,634.0,0.0,634.0,0.0,634.0,,
TCGA-V4-A9F5,0.0,203.0,1.0,78.0,0.0,203.0,,
TCGA-V4-A9F7,0.0,1256.0,0.0,1256.0,0.0,1256.0,,
TCGA-V4-A9F8,0.0,597.0,0.0,597.0,0.0,597.0,,
TCGA-VD-A8K7,0.0,1459.0,0.0,1459.0,0.0,1459.0,,
TCGA-VD-A8K8,1.0,1377.0,1.0,1377.0,1.0,1377.0,,
TCGA-VD-A8K9,0.0,1424.0,0.0,1424.0,0.0,1424.0,,
TCGA-VD-A8KA,0.0,1178.0,1.0,1008.0,0.0,1178.0,,
TCGA-VD-A8KB,0.0,1354.0,1.0,1032.0,0.0,1354.0,,
TCGA-VD-A8KD,1.0,114.0,1.0,,1.0,114.0,,
TCGA-VD-A8KE,0.0,821.0,0.0,821.0,0.0,821.0,,
TCGA-VD-A8KF,1.0,40.0,1.0,40.0,1.0,40.0,,
TCGA-VD-A8KG,0.0,19.0,0.0,19.0,0.0,19.0,,
TCGA-VD-A8KH,0.0,1158.0,0.0,1158.0,0.0,1158.0,,
TCGA-VD-A8KI,1.0,1113.0,1.0,1113.0,1.0,1113.0,,
TCGA-VD-A8KJ,0.0,1150.0,0.0,1150.0,0.0,1150.0,,
TCGA-VD-A8KK,0.0,64.0,0.0,64.0,0.0,64.0,,
TCGA-VD-A8KL,0.0,638.0,0.0,638.0,0.0,638.0,,
TCGA-VD-A8KM,0.0,4.0,0.0,4.0,0.0,4.0,,
TCGA-VD-A8KN,0.0,68.0,0.0,68.0,0.0,68.0,,
TCGA-VD-A8KO,0.0,795.0,0.0,795.0,0.0,795.0,,
TCGA-VD-AA8M,0.0,6.0,0.0,6.0,0.0,6.0,,
TCGA-VD-AA8N,0.0,44.0,0.0,44.0,0.0,44.0,,
TCGA-VD-AA8O,1.0,606.0,1.0,606.0,1.0,606.0,,
TCGA-VD-AA8P,0.0,86.0,0.0,86.0,0.0,86.0,,
TCGA-VD-AA8Q,1.0,636.0,0.0,636.0,1.0,636.0,,
TCGA-VD-AA8R,0.0,6.0,0.0,6.0,0.0,6.0,,
TCGA-VD-AA8S,0.0,427.0,0.0,427.0,0.0,427.0,,
TCGA-VD-AA8T,0.0,49.0,0.0,49.0,0.0,49.0,,
TCGA-WC-A87T,0.0,2600.0,1.0,2020.0,0.0,2600.0,,
TCGA-WC-A87U,1.0,1581.0,1.0,1581.0,0.0,1581.0,,
TCGA-WC-A87W,0.0,1703.0,1.0,606.0,0.0,1703.0,,
TCGA-WC-A87Y,1.0,1314.0,0.0,1314.0,1.0,1314.0,,
TCGA-WC-A880,0.0,1258.0,0.0,1258.0,0.0,1258.0,,
TCGA-WC-A881,0.0,1065.0,0.0,1065.0,0.0,1065.0,,
TCGA-WC-A882,0.0,1112.0,0.0,1112.0,0.0,1112.0,,
TCGA-WC-A883,1.0,241.0,1.0,241.0,1.0,241.0,,
TCGA-WC-A884,0.0,12.0,0.0,12.0,0.0,12.0,,
TCGA-WC-A885,0.0,686.0,0.0,686.0,0.0,686.0,,
TCGA-WC-A888,1.0,575.0,0.0,575.0,0.0,575.0,,
TCGA-WC-A88A,1.0,82.0,1.0,82.0,1.0,82.0,,
TCGA-WC-AA9A,1.0,453.0,1.0,371.0,1.0,453.0,,
TCGA-WC-AA9E,0.0,838.0,0.0,838.0,0.0,838.0,,
TCGA-YZ-A980,0.0,1862.0,1.0,1556.0,0.0,1862.0,,
TCGA-YZ-A982,0.0,495.0,0.0,495.0,0.0,495.0,,
TCGA-YZ-A983,0.0,798.0,0.0,798.0,0.0,798.0,,
TCGA-YZ-A984,1.0,1396.0,1.0,154.0,1.0,1396.0,,
TCGA-YZ-A985,0.0,1184.0,0.0,1184.0,0.0,1184.0,,
