patient_id,HALLMARK_ADIPOGENESIS,HALLMARK_ALLOGRAFT_REJECTION,HALLMARK_ANDROGEN_RESPONSE,HALLMARK_ANGIOGENESIS,HALLMARK_APICAL_JUNCTION,HALLMARK_APICAL_SURFACE,HALLMARK_APOPTOSIS,HALLMARK_BILE_ACID_METABOLISM,HALLMARK_CHOLESTEROL_HOMEOSTASIS,HALLMARK_COAGULATION,HALLMARK_COMPLEMENT,HALLMARK_DNA_REPAIR,HALLMARK_E2F_TARGETS,HALLMARK_EPITHELIAL_MESENCHYMAL_TRANSITION,HALLMARK_ESTROGEN_RESPONSE_EARLY,HALLMARK_ESTROGEN_RESPONSE_LATE,HALLMARK_FATTY_ACID_METABOLISM,HALLMARK_G2M_CHECKPOINT,HALLMARK_GLYCOLYSIS,HALLMARK_HEDGEHOG_SIGNALING,HALLMARK_HEME_METABOLISM,HALLMARK_HYPOXIA,HALLMARK_IL2_STAT5_SIGNALING,HALLMARK_IL6_JAK_STAT3_SIGNALING,HALLMARK_INFLAMMATORY_RESPONSE,HALLMARK_INTERFERON_ALPHA_RESPONSE,HALLMARK_INTERFERON_GAMMA_RESPONSE,HALLMARK_KRAS_SIGNALING_DN,HALLMARK_KRAS_SIGNALING_UP,HALLMARK_MITOTIC_SPINDLE,HALLMARK_MTORC1_SIGNALING,HALLMARK_MYC_TARGETS_V1,HALLMARK_MYC_TARGETS_V2,HALLMARK_MYOGENESIS,HALLMARK_NOTCH_SIGNALING,HALLMARK_OXIDATIVE_PHOSPHORYLATION,HALLMARK_P53_PATHWAY,HALLMARK_PANCREAS_BETA_CELLS,HALLMARK_PEROXISOME,HALLMARK_PI3K_AKT_MTOR_SIGNALING,HALLMARK_PROTEIN_SECRETION,HALLMARK_REACTIVE_OXYGEN_SPECIES_PATHWAY,HALLMARK_SPERMATOGENESIS,HALLMARK_TGF_BETA_SIGNALING,HALLMARK_TNFA_SIGNALING_VIA_NFKB,HALLMARK_UNFOLDED_PROTEIN_RESPONSE,HALLMARK_UV_RESPONSE_DN,HALLMARK_UV_RESPONSE_UP,HALLMARK_WNT_BETA_CATENIN_SIGNALING,HALLMARK_XENOBIOTIC_METABOLISM
TCGA-VD-A8KM,1.3322422738326278,3.579112636413236,1.0880847058412326,1.6492171062726555,1.3883076410261774,1.2495143790592396,2.338989640492051,-0.9545223629368016,-0.8589767740427253,1.462330790467937,2.6725468256102753,-1.464190927259631,-0.40995195635209714,1.4764911820724518,0.07977849873848351,0.44371191669259036,0.8677998259262556,-0.16225581565092143,0.9753415678805136,0.15261384865324437,1.510150931880514,0.7033668708923554,3.0687388364953896,3.2279163800188253,3.0216428307539496,2.267420861479345,2.8818454119342505,-0.15732125384324938,2.4548097990113646,0.1580549581811381,1.7878379005437377,0.02475904885107145,-1.5292527550122952,-0.11980315567986605,0.6579419507168935,0.12673568060716633,0.9187719167310706,-0.40255319470585144,-0.037472925233836454,2.7716014279623793,0.724202205827053,1.5196622261974981,-1.3820342131542411,2.0066628412978824,2.0952141002697147,1.6178901912577712,0.24485059229755593,1.6085084039236413,-0.5751689039355262,1.4193101346308985
TCGA-V4-A9F4,-0.06723260587326513,-0.3238094843428352,0.5496197077266618,0.2980543042828522,-0.2599859651272196,-1.0820077979193718,-0.2675738432670693,-0.12894155875315788,-1.6717934521991582,-0.7754126793320426,-0.48693098194386375,-0.43611846846267815,0.44225910581509686,0.5230584369379176,-0.3335724972266151,-1.1776365801413466,-0.9582846151650101,0.5396803742811787,-1.1621822842734915,0.7747760992565988,0.009008879322411359,-0.2357936481840036,-0.30238609801027466,-0.6519053679943813,-0.3357628104186218,-0.9405767021560728,-0.7230489325309736,-1.2501523163877257,-0.222035016961721,1.3286397335772442,-0.6582191406053801,0.7618525750714937,0.6071519083622525,-0.24862643259264436,-0.5865106778030984,-0.8854614401703658,-0.8987707702653728,-0.316275680595147,0.4284414972166749,-0.23525983631489636,0.460648114000943,-1.0852644104387856,-0.06634839836702129,1.2496855127455713,-0.06637136737363046,-0.13442922762609544,1.6711843834043123,-1.2125372389830786,0.8602101459434804,-0.877142404522909
TCGA-WC-A881,-0.9763272047565046,-0.07445593520036693,-1.4805487825119708,-0.1753235772273503,-0.7456299244199343,-1.3160595102460524,-0.7690099985115675,-2.2124399208686247,-0.815199756775185,-0.6230535837418039,-0.40622665132484137,1.1110959909486424,-0.47456716031968843,-0.40698058823821504,-1.837278758683989,-1.2524857446088604,-0.7996814323592182,-1.0031236025402166,-1.9268155952851795,-0.7576710228020014,-1.931078243350284,-1.8935182983623375,-1.0801552936397096,-0.8265438056922482,-0.6903190077707443,-0.543630539194279,-0.5689344807810117,-1.4503210138726836,-0.7182448700296316,-0.9309018054750358,-0.7874377808489275,0.687365346070895,1.0693312050207942,-0.6759078831797719,-1.461416721301782,0.27523126235039475,-0.5343593266497778,-0.5174024960454768,-1.6941147320390677,-1.299315382150056,-0.7709014213128312,-1.3508931235269317,-1.1291630528563463,-0.23798239521191644,-1.4978847666860247,-0.3020875056300508,-0.5942774769124411,-0.9016674472048347,-1.4392354260973579,-1.2335245452058365
TCGA-V4-A9F1,2.9125531974452286,0.34496545537568934,1.538328822721263,0.7694757100171578,-0.3554001798458466,0.025876213808666344,1.0595335201732579,2.0119533368736104,0.962182698793822,0.7139173966744519,0.6903105050457475,-0.04150899349052453,1.0875480452764317,0.854288896314128,0.6413538230356377,1.3084675364419283,2.1118471837386132,0.8687080059101767,1.4547376535303536,-0.8253635907304852,1.1135521929190633,0.7481823035029822,1.0296502837913484,0.5186451207473902,0.2855653537890609,-0.254815962419981,-0.08047312375723122,-0.8347620497459065,0.592500760216962,0.7191807532236872,2.130464893822952,1.394113073284211,0.7413705629053834,-0.17929924520799412,-0.06757657100873043,1.9397638748459152,0.8389587994946229,0.21848372340470915,2.4502759215456793,0.610705812425928,1.1670600677995424,1.7793766978498298,0.4070542499731699,1.3197540524837366,1.225518253717251,1.4039964617457608,1.0427003293716146,1.50968038604668,-1.52558463070678,0.8503190382905953
TCGA-VD-AA8N,1.4231310289951773,1.0920671455396664,-0.3687730286181586,0.9719379189862163,0.8230051577404216,0.4290655358360037,0.4420216291385398,-1.0336321320267563,1.2550732531175042,1.3526492167388198,1.1801937630691905,0.9816945227589405,0.09051367315159563,1.1203011578987425,-0.05572067669375243,0.4491276346039495,1.2372713802755795,-0.01933178726928498,1.2404079241159816,0.2712390444857263,-1.2298028478260687,0.7565814789686056,1.0864881739723224,1.2710473864344327,0.9295904942910252,0.5084910637608508,0.7738362441898263,-0.14494578728386845,0.7199123242868475,-1.2084702056111831,0.7010817610996611,0.2598168816133092,0.7802480753866778,0.8072670400960144,1.2099377038591261,1.6661983738185895,0.7608681177080179,-0.15901826850279735,0.6911082685014265,0.7930235209156373,-0.6382806059139124,1.4833958331196526,-1.3915944378881207,-0.34136239408121943,0.27968761209149484,0.4024279378873151,-0.5675247829089837,0.9652166008234746,0.1032540623709542,0.9933048057940983
TCGA-V4-A9EY,-0.723863101457072,-0.2427966392656675,-2.078766493622674,-0.5228532155249873,1.4771435733344471,1.7512360692538231,-0.3904581648012157,-0.5726918994183874,0.9680110659482232,1.0014296128032243,-0.008472701768227524,0.221740203707845,-2.1023448954327932,0.46670771671334305,0.9020921799921918,0.7992475742701554,-1.1518099881177468,-2.091104664111235,-0.6357528108619779,0.3592751111530235,-0.040127215059758616,-0.11251344978410355,-0.28899022329912427,-0.2731120831105815,0.06415550734390284,-0.2998167358870806,-0.22880010679790233,3.156106573836354,0.03952763425672285,-2.310785573944778,-1.755222721274402,-3.2861815658778664,-0.7239845542289471,1.3230157593340466,0.3269198304848687,-1.555806453474725,0.6887487690650467,0.14618532689944203,-1.898597581574661,-1.6099733899088535,-1.8139935381642418,-0.3476453487608394,-3.041270573784608,-0.967359148583325,-0.6450878656388326,-2.3045429216422653,-0.8715178128199891,0.337368715116915,-0.6795116049522824,1.9193053645743983
TCGA-V4-A9EI,1.8828696622058558,0.08021474790866222,0.7647815528956358,0.2335582366866794,-0.0481386399213197,-0.6250200539950063,0.4246282148085224,-0.6563166626982713,0.513425578917733,-0.483678572897446,0.08521227416523959,0.2698293265369073,2.139565951206387,0.5555413061869469,0.1211098092769086,0.7466843439738574,0.6506709060129191,1.8783511869945213,2.1936238181173096,0.7105665089456878,-0.7728157918942314,0.5766639216503597,0.3448269499600421,0.3991165244921256,0.24116775064114904,-0.0002067757791792512,0.01999540050372532,0.06681992837884299,-0.1245879487688207,0.7439827101762572,2.3697130273362674,1.9102632361748437,1.6932995220353986,-0.3633234083667849,0.3740774741536736,1.3567607502969308,0.15525262682017663,0.2246782183534944,1.948254417106187,1.065424554869837,1.0790267779751368,0.7834729013978213,1.251138280836248,-0.2887038536338255,0.009801492300617042,2.4952262633494606,-0.7462711238416426,1.6334747843947834,-0.5338489666747614,0.38153321271128693
TCGA-VD-AA8O,-0.21077013967131372,0.6401712697792742,-0.6579366279255389,-0.419917839146925,0.17433256688639692,0.1080538012521206,0.783277641159285,-0.7805599181260373,0.7899101739228428,0.5301638820951818,0.9782650500434565,0.6050885866429216,-0.054101434429269686,-0.35620229282401267,-0.48142959288698245,0.3016175111648963,1.1759876460126273,-0.43834686881320656,0.865271459070258,-0.8764312013085457,-0.5324624856775066,-0.31202289217211693,0.3249334312727885,1.0887899963029328,0.4620120232848329,0.9856669174794949,1.0197889751626643,0.2515280639716312,-0.07114844638376175,-0.8668193807808341,0.843932524698762,-0.17229103868073672,0.194046137100818,-0.4895353364025136,0.8658634507312252,0.9411429046222853,0.4433930885796743,0.755920966339459,0.5975790654012622,-0.319586686432873,-0.3074457357140051,2.0572828036821607,-0.16042895048980924,-1.8897486840622213,0.20869973079675694,0.11236695975620443,-1.546540134943654,1.1963957814530164,-1.0622981251479662,1.0692629849024606
TCGA-WC-A880,0.022906480476883442,-0.5679987903005477,0.40203802532551747,-1.0762844848398387,-1.2755038739711062,-1.193871536011888,-1.0861192440858518,-0.29141014420125444,-1.531142011954534,-0.6017435686187391,-0.5712680408564761,0.6016846758875206,-0.2912584998946203,-0.43195999712020655,0.0030753184628426306,-1.2202126311684767,-0.30763716158517806,0.14109575996887033,-0.7527322396705984,0.7825161580631849,0.8387130310904528,-1.4114317916002554,-0.7342382439502169,-0.7564721785594913,-0.8049462091682859,-1.0642865078944506,-0.9344680611640652,-0.7027479340465393,-0.597196943431933,0.3023905110936928,-0.23817840827556372,0.684097147033369,0.5748151476821923,-1.2545840416358047,-1.9435581654280223,0.20538466306859143,-0.536539085363388,-1.2972000833683581,-1.2447359938774885,-0.17695557744231563,0.4734633951428847,-1.4047504301470102,0.2370253714452609,-0.34068706625448053,-0.8703635782897062,0.030333194028739206,-0.18349831832394312,-0.9504423747220393,-0.33511288479140394,-0.590574667327542
TCGA-WC-A882,-0.7137002337502611,0.45442571711667534,-1.5030927637949478,0.714491435454602,1.336031311497097,2.767638803964681,0.8378373436961591,1.1836619783199303,2.0001525246308587,1.6029756747264587,0.5014592874834334,-0.7538137073432577,-1.8592196976075666,1.393174274139042,1.4381258325993853,0.9624282094816516,-0.547949457996096,-1.748228680024512,-0.16998384139554068,-0.7836606246311613,-1.0274333862510958,0.6643321889952856,0.8207393084519247,0.25604890751232917,0.5047737506951364,0.45045367553047944,0.48021222275810227,1.6102312008808415,0.8972506802698836,-1.6723421795042253,-1.0175501856705098,-2.0145287604507955,0.5135591813250104,2.567688614898467,0.41582599852418506,-0.8798876131647476,1.0051152800887846,-0.583804284498507,-0.3871721627715745,-1.4485045331666666,-1.748613687770346,0.2415457066221034,-1.5980594436843891,-0.1161070230524759,0.7678455574368508,-1.1093375625197008,-0.3264667031484698,0.044016573668462726,0.7551910669528933,1.2099068810543328
TCGA-VD-AA8P,-0.42657712296927236,-0.5470207731950689,0.3185583262779651,0.30978397463987356,0.605416826871905,0.31824177774037216,-0.35594690370184645,0.05398247965293223,0.07301301535115313,0.4092335084534742,-0.29565421174115064,-0.44057606188846765,0.887000711877866,0.16393164173696992,0.6658462806523812,0.5898567739329702,0.188327675121169,1.0491232080432396,0.36961577269344653,-0.47610546928842556,0.15981981314334184,-0.38491577694192536,-0.1657632461573373,-0.5294996580408495,-0.6793248245362656,-0.49730678655465643,-0.5128036470715737,0.901662671748717,-0.45227084973350595,0.6652591576070421,-0.13204005888101517,0.20380322733268416,0.38830333845981946,1.0186588473515215,0.7213543061704502,-0.6334689681406168,-1.994144918941822,0.9359603629298906,0.04528586571832818,-0.4410954575641085,0.01834411275090864,0.4424100354769108,1.6070511667265612,-0.368140831692154,-1.0433318135390504,0.09621519699721674,0.3487341753808186,-0.1569049436580368,1.4255113109042883,-0.3483698977297639
TCGA-WC-AA9E,-0.46721819171628254,-0.3757100716312936,0.4995158905381821,-1.1097054869742413,-1.5609440611285301,-2.080145741473534,-1.2950224813137148,-2.232862755588333,-0.8065058231213632,-1.8763040283040449,-0.608904420842313,0.7295011409136208,1.539908506718705,-0.7639247207351347,-1.7344452706983557,-1.5437872710594867,-0.3172515027247298,1.3322227000952236,-1.3679091281820568,0.3435780516244918,-0.26213688088154175,-1.4210984273436145,-0.8391210198435792,-0.7164343228981139,-0.7550324078635292,0.70190070831233,0.295867369242791,-0.12018401539391196,-1.3137962575791249,1.06526581330768,0.7312922531105701,1.6892199533571708,1.479059009854639,-1.9955822179876808,-1.2309513325532735,-0.43879579628172966,-2.270152605477817,1.9567619469850854,-0.19320094360738638,-0.5912416436708245,-0.09330842729282349,-1.009587799629408,1.0731957281337254,-0.38866980676602164,-1.3195798502574456,1.2105939819452312,-0.05738311057399171,-0.5800183486710108,-1.017180750630314,-1.0719441543178791
TCGA-V4-A9F8,-1.4519180200478408,0.08452985263461084,-1.0302730817571883,1.3745397754172457,1.5091979888508995,1.4782499339155064,0.18069553848562958,0.17618801620209612,0.7409446634643861,0.6042458236205994,0.19027108261050152,0.8081925685481028,0.6968403865453809,0.954354885412528,0.782826619231603,0.8993569355065812,-0.3487059401324665,0.7127156310719766,1.2445290534392182,0.5286033660675759,-1.0802980135081923,1.280319948521609,0.12504618836128747,0.1569095010893597,0.09393348583640715,0.13572397991166193,0.03951711236366831,1.4430100354118673,-0.09515788149072894,0.19783780431781173,-0.4682063729929674,-1.1286380283274657,0.7536511558481679,1.3320354563932983,1.8569510435057,-1.4356139300893636,0.29589463091517415,0.47735878825408595,-0.31538789705088727,-1.1833766810659596,-1.431184757575738,0.9617064082917354,-0.8247890189192065,-0.5646918009157982,-0.11745698115343348,-0.40417294016063327,0.0958407364632459,0.34704234392730965,1.8763851219203924,-0.36718891470862713
TCGA-VD-A8K9,0.6981540909931174,-0.721572222585083,0.4719820280718765,-1.1631967756357018,-1.351440619002942,-0.9486170451865702,-0.3339494688854218,-0.3947459956304323,-1.1507707209850369,-0.8071067872596316,-0.5967944868254339,-0.3403335461628303,0.46926943144317973,-1.2580061813006216,0.18112040786911768,-0.6986279620594051,0.12178612482258903,0.39522094301943295,-0.5996394941477746,-0.19069955180961076,0.3168048140721614,-0.6169350368646341,-0.5283916186962833,-0.8447755755664744,-0.14316886399861956,0.7413959992474352,0.24213818488469477,-0.16971407805778588,-0.5600584210786729,1.0194285296312753,0.17674418858797092,0.9915235151607205,0.5130973862607103,-1.139755787995047,-1.7497749100622297,-0.24577501732886384,0.5159640529559759,-1.2078860408562817,-0.510350056232117,-0.0662745351576551,0.767751515191018,-1.300856105757745,1.1321224623328612,-0.43352105338265107,0.21691027306736702,0.6868886457067792,-0.4728156391851934,0.5990420743566301,-1.5328171324960964,-1.176759464572666
TCGA-V4-A9EZ,-0.818092990022072,0.055583053401890695,-1.9214686343231893,-0.7373145171064964,-0.11419030711356108,0.28680094774022485,-0.28648441201076613,-2.2231549285393886,1.1339345981655982,-0.4399028501618208,-0.13989576511534513,1.2007841213394808,0.048409422211093685,-0.16557793998874995,0.6882935889551914,-0.01384638361645232,-0.6758489655743954,-0.6634689722899041,-0.2677528027047397,-0.6168834257883076,-0.4132893201682942,0.16278645299457778,-0.3071686044130218,0.21453487467088156,-0.0442358551892533,1.7504354593119544,1.1489392696998446,0.13289079229316222,-0.596825008690075,-1.4593363801206871,-0.6119210797404581,-0.9301929509848981,1.3067298208179718,0.505724735335633,0.22159406290851583,-1.0924756883567515,0.3374501375391537,-0.5617215221459103,-2.6875339134458502,-0.7617534068202743,-1.907987730282633,0.749656441721918,-1.6054189756935382,-1.759841635076595,0.11658887423636351,0.89623221978336,-1.3413959311515387,0.29456617528605034,-0.9966276626464697,0.031473797392116414
TCGA-VD-AA8Q,-0.4537344212331264,0.4613954273474803,-1.7958023391607254,0.22992243319074435,0.30500905990731275,0.4919177240230063,-0.29680266832767205,-0.8189802139769761,1.1952220324024774,0.6613851404475638,0.20073668345437823,0.33731194202273834,-2.402850295715346,0.8205206077593732,-0.7344532583428681,-0.4232862423623033,-1.1232382916188968,-2.728261892621968,-0.9751047366968942,-1.0596001548284002,-0.7130307729822899,-0.3030207649583465,-0.4208326483548961,-0.05295254493066888,-0.12545880375197507,-0.2268863528936371,-0.09358591657138238,0.9266823065060333,1.2573149175500273,-2.5379702839842344,-1.4690733561007452,-1.7491150823401354,-1.0664973720767346,0.9768719886131967,-0.8399676494022512,-0.38690573223887,0.4265657276295582,0.999262653634286,-1.0497821817942874,-1.3821305527018928,-1.2862198873295876,-0.35285894309472177,-1.1931607360508194,0.3257991847761555,-0.6727823936385205,-1.5451829739735654,-0.2089443591483341,-0.29080071869269825,-1.0038382435524322,1.2678606183354664
TCGA-V4-A9E9,-0.6065270869079422,-0.8679276510882756,-2.1466043513591506,-1.5921161253207403,-0.8494786634692241,-0.37832119922598206,-2.0182505277947853,-0.31566803989334374,-0.6283102747119519,-1.1460301578785133,-1.3413973083894126,1.623126756315059,-0.5192440156320949,-1.5360425449262167,-1.468771406989342,-1.3353776777342752,-1.2418488407248893,-1.0468355700501544,-0.034768674207489546,-1.195843489280974,-1.9895030503947626,-0.9894512721008842,-1.4121392677350784,-1.066121225937295,-1.3354836532858538,-1.0107141718179622,-0.8889263534122421,0.3462267185481887,-1.7660858751803,-2.1762006151062763,-0.9730137107940675,-0.49286472353833893,0.7959863569927903,0.09438352771802085,-1.0274811736690181,0.3071966172845252,-0.5149019901389814,-0.7581028356725705,-1.5710665760856146,-1.3132520593381984,-1.4359204588248804,-0.1856244965214778,0.9037935274495434,-1.772187755624854,-1.8071637435294392,-0.9165021093860518,-2.5163438867485053,-1.3093996279224125,-0.7785258701654,-0.7795904309603711
TCGA-VD-A8KL,-0.2711640124053377,-0.803512290191333,-1.255530989498698,0.20794530461490723,0.2967997587197722,0.3851355320101947,-0.30100581084696193,-0.39988106831231324,-0.20413014017948208,-0.11598159045146776,-0.9881998183339897,0.9231537925541378,0.5225013886802253,0.3936151074019315,-0.30616443154802303,-0.5064325204102634,-0.9192841926542081,0.3277667565842158,1.1198246401855891,0.5371306696891448,-1.2388356385301813,0.21041083181122056,-0.9772952096967362,-0.9976793003708033,-1.094161580170058,-0.9898053650759912,-0.922871128303013,1.1975790391181884,-1.2712003895168555,-0.695699805026877,-0.1334217435387628,-0.18159244478360775,1.3397143775625873,0.8714819313271207,1.0045827857886598,-0.5431573175828395,0.08456353822773338,-0.8019562759327283,0.27309290911989437,-0.1978020535194401,-1.3577867408445863,0.1600988617336321,-0.10312632554762037,-1.0162626456329942,-1.1733991780051782,-0.0460313606212318,-0.5821352987636427,-0.2666628831992808,1.5096592352609144,0.4778709400885636
TCGA-WC-A87T,-0.7618823842908793,-1.0771661173830924,-0.19263207569810095,-1.5316237355262698,-1.8408443504698593,-1.3313511472117334,-1.5664233486152168,0.23282071307685193,-2.1300914283001644,-1.9425373933681436,-1.7167588601923036,-0.25942912339720103,-0.5596556933890903,-2.3175341644416676,-2.9530754275280247,-2.9284881604959114,-0.8762754156767888,-0.5407373993408725,-2.8431818872834214,-2.060288218812667,1.198652963419181,-2.7052618339070404,-1.982789224975186,-1.2359536367113362,-1.2400086058194009,-0.9631985555472863,-1.051034565815451,-1.8384451774541681,-1.3037473149632137,0.5049489901253538,-1.474950579008633,0.14750272027415604,-2.178972830662237,-1.7618203604279268,-2.2420173992403036,0.4121520424591349,-1.0730500708225275,-1.4701394935470005,-0.6792075342784251,-0.8294030912414206,0.9694049134697025,-2.393411866345036,0.6116081843302571,-0.7797204237294545,-1.8385626868592757,-2.009769314932676,-0.19801840491707573,-3.1305608389178254,-1.2322606857274792,-1.7413906958305476
TCGA-YZ-A980,0.47533486540042463,-0.3342555006087184,0.8232965748545621,1.439305456146054,2.219733894504364,0.8089150335863894,1.0527939550787428,1.7484878104663886,-0.06053088698342028,0.5795456061145247,0.40618109212532333,-2.1073122812980443,-1.4056258395720889,1.4222144916521182,2.063108089955752,1.3120553441205425,-0.4315973317733414,-1.2043628653345835,0.6408507663671147,3.8723881443394483,2.0467377787838026,2.2527250743819596,0.4546847352313007,-0.1585551868825792,0.26966149287859753,-0.6050339814661267,-0.5208617277836458,2.388567483580016,1.96603179077948,0.2912531179148141,0.4460433991563974,-0.995075326681578,-3.175339023304709,1.546386244367446,1.3669811470970754,-0.3548286475839612,-0.05431834106180725,4.899242238777632,1.6764389995805693,0.9733251347002595,0.5452112050206511,-0.20977077150771647,2.0736815373471913,0.8212842677557342,-0.010848872628473139,-0.9700484936881709,2.2991760471214984,2.2542646682868144,-0.05146180509880622,1.489143615875094
TCGA-VD-AA8M,0.7317281644629976,-0.38194320030520273,-0.36979936452147255,-0.8941938706419411,-0.1066654743412852,-0.691153143950948,-0.6852675885511481,1.5500707582707138,0.6695471232680092,0.10949229962071767,-0.40491111778742417,0.2879181232832069,-0.9088627326899485,-0.12529186551681804,0.47071920276890755,0.25773465763126147,0.2916449670907941,-0.7555770762330222,-0.42744700898603655,-0.30387244695459675,1.3798843712298545,-0.0607335557502478,-0.2582032078637632,-0.4082560436767237,-0.21355336140666248,0.07673797597812183,-0.03287625452576707,0.29205497057087115,-0.08509721246857622,-0.860299954065034,-0.7940395754451804,-0.6551693785539464,0.30628357648577265,0.07371363752583818,-0.39054496866903987,0.5784455659555562,-0.06030668798573552,0.7498438598221334,0.08720588302510181,-0.39358725296388064,-0.423835176502345,0.2519116743361913,1.0265549534487182,-0.0550542198431766,-0.06371375613186724,-1.1739613903757025,-0.17345556506470805,0.04880352945713043,-0.6067261246810749,0.7941216746563272
TCGA-VD-AA8T,-0.45180620027768786,-0.5274404194198463,1.1240516504055724,-0.1740433950396738,-0.8940081477335126,-1.4789156943131885,-0.41217782280832116,1.609994093585139,-0.1342117037712574,-0.5105813559561466,-0.5193228662231963,-1.5024834719805524,-1.1322539941492846,-0.6452400642700012,-0.5785199505200669,-0.3155552586517999,-0.31601727417846154,-1.0038064741815487,-1.645664370101005,-1.7993683694628266,0.07670055108892573,-1.1623834215202413,-0.6433347454502178,-0.526644715469841,-0.4752710249500075,-0.8078090147103841,-0.797735247055729,-1.0720538349150643,-0.40964858941994253,0.3987374511850725,-1.1464106975763315,-0.19021904071682222,-2.0445261513130375,0.03825007592405162,0.376903577783936,-0.17668053234531006,-0.46822385470032757,-0.8747376750534107,-0.057804848019774,-0.6702141318090225,0.7373983648621293,-0.1345382618427165,-0.922659144951599,1.1766466462028304,-0.39935469478678887,-0.9497449710321413,0.9229018275124335,-1.5465290036029347,0.5170002287208942,-0.9686892536449524
TCGA-VD-A8KI,0.2071777108723964,-0.008946577870481679,-0.39800261608091303,-0.2920695060125318,0.12433130462227038,1.5208534529276516,-0.9108064891132192,-0.6680303792835828,-0.5667580243860599,-0.46039713351980077,-0.1614656599305564,0.5321337730358089,0.4727008024130593,-0.26962871848031156,0.5693640222835908,0.8054103944529423,-0.00030588135386954687,0.5643242783799355,1.070769605475876,0.7176070384112434,-0.3587293653991832,-0.01591177191608045,0.07089247556674365,0.2743927930749234,0.2189229015807456,-0.0828433902138709,-0.0482589913667865,1.236334797803287,-0.5929859896206564,-0.748969007917748,-0.1459214463821784,-0.632943285510338,0.6419040183147925,0.3750505684601388,1.0794430509212887,0.12955987875938962,-0.07273032263185515,0.046618436010643936,-0.15083878248861063,-0.23956949624701657,-0.6743702214748004,0.3594539552853147,-0.12742993565996896,-1.028254682956736,-0.46785723621662517,0.2914850959599298,-1.1402944871665064,0.48734016647634226,-0.14385086847121442,0.3886502721107741
TCGA-V4-A9ED,0.7776202127464114,0.5033519183272933,-0.68631472323857,1.0011656445899522,1.6862122050799913,1.1284858717649155,0.8351104067293379,0.392436598009723,0.23197754347764424,1.4500033525825877,0.9529274078361787,0.33408163068066893,-0.732845383421501,1.5471050498798897,0.4592737826636371,0.37220156308153923,-0.42715056806584406,-0.8183278245981441,0.5864736357591992,-0.052803384339124355,0.16072711978795234,1.0011311681646125,0.28300733469373673,0.4099752234317649,0.9341882908265581,0.5129759094740243,0.5454657993815641,0.7219787475027128,1.1110447602061302,-0.7519338704706477,-0.8679105759538663,-0.9843904908320922,-1.154379073272638,1.905831087279804,0.674762125535544,0.1495323723006106,1.5946627144190524,-1.1032600119128888,-0.25817875536497026,0.08830112857459656,-0.8198681353652191,0.42967025925516666,-0.5525312376979941,1.9890365910293542,0.6836702688636918,-1.0358598883704877,1.1006439371064138,0.20895687779722183,1.313170143258992,1.0959897394703353
TCGA-V3-A9ZX,1.5111718689538387,1.4407419839184705,0.5983685821214365,0.7649877275434758,0.3013171199684079,1.0609816233481144,1.306307853261607,0.2642974883141916,-0.1078696634830618,0.6087762417979897,1.48139092933938,-0.2534953497367171,1.4526929137904163,0.7394709280985867,0.16673898410739063,0.8537518433400767,1.6142849746012398,1.4105204876241602,1.0939835354085805,0.9854029079241462,0.4439827442145684,0.5215943341380115,1.6521602311905639,1.6005717263547496,1.3996246080778465,1.265072005080124,1.421492993391248,-0.2300822589017415,1.537769338370012,1.0438555248545098,1.9225473495904972,1.203268017142575,0.5915874923719441,-0.021758679974619517,0.9790958583995455,1.211638031787136,0.6075658087269065,1.3118758223993374,1.9702748367386145,1.8901608793451998,1.0369994720974502,1.4382292811162767,0.24143928542461662,0.4404093310870131,0.8700360815107425,1.5464567944599403,-0.047695579588567016,1.6711639706072965,-0.5635010207828303,1.0002143130539325
TCGA-VD-A8KJ,1.5478678595817081,-0.6501307310827616,0.30086238935840387,-0.3609617733869341,-1.228033787255198,-1.2072102687610422,-0.5365255681817779,-0.3188728349123013,0.4444563520069461,-0.5815135200334576,-0.6957907323452316,0.11823179458049514,1.3034931947875774,-0.06895724312576065,-0.8522943632373532,-0.9440898532137119,0.39309299757373084,1.3596241482575004,0.724683857818369,-0.601342182641174,-0.6412481260724433,0.02827594489357484,-0.2884693110602493,-0.47089519524736473,-0.3515902352490995,-0.8943358103209947,-0.8523748482466179,-1.3633875440769296,-1.0112287950885768,0.9726436439277163,1.1491718070931394,1.5231560574320853,1.988655908935872,-0.5021278091482255,-0.9127120132019222,1.1183068992671579,-1.1489601438173451,0.16375068720567784,0.575584692297188,0.19974628994243407,0.4160770760483737,-0.34836508869591476,1.3390863614952768,0.20914451095367595,-0.13957331700437725,0.9832537710198499,0.16342393671121355,0.010224229176184733,-0.504007358826358,0.020056695863379232
TCGA-YZ-A985,-0.7496826242588964,-0.3872132663172433,-0.3363891854212782,-0.10199366433311059,0.5049348858832271,0.900071348727294,-0.0364005543440624,-1.2139688049756066,-0.4323476801401251,-0.6383615509538592,-0.5012487196407279,0.4383983983089148,0.7658601502967293,-0.36085130889275396,0.382135342185896,-0.46383681731624304,-0.8543739436225327,0.6191676958978909,0.5072366901101543,0.10297077158351021,-0.41901541772115924,0.3949491538356962,-0.2659974991712363,-0.23219181982511475,-0.10400030657474273,-0.5362146592274457,-0.41294016787522503,0.2775547251340839,-0.8471946940703974,0.13687938632492222,-0.5760907352142703,-0.05036091839051385,1.3290402836047195,0.28442784589689163,1.3566398745794257,-0.4266711125844559,0.6581246699627047,-0.14317297223421432,-0.3024857566552073,-0.08423670995258353,-0.8088981711594578,-0.19663630149342692,0.8468021607217159,-0.5094485448336867,0.23224584618274194,-0.3620951403008227,-0.04366387319401699,-0.16966980740435136,1.2584455055953347,-0.7863259316544178
TCGA-V4-A9EJ,0.3012699276284575,-0.4267828207493664,0.22892738124887071,-1.0684202149784898,-0.9765193590949239,-0.6910831146840559,-0.21178258848398587,-0.42464309544188594,-1.0809107798990456,-0.4853598451514782,-0.6556485027776309,0.6998002379968778,0.06984963582290975,-0.5869852977771913,-0.5900860195669728,-1.2174553455172346,0.10299804176018251,-0.09608324034181376,-0.14182253076779586,0.31302997945450095,0.9353318264630031,-0.05964769782054061,-0.7646989770167861,-0.855903916133371,-0.47831774253089,-0.7878182041980208,-0.6729103111065827,-0.17062902753315332,-0.6176524852464459,0.08227982595542031,-0.029848272089859927,-0.008892289177157809,-1.0259867533997544,-0.43638520100085093,-1.779375524775692,-0.09619281041691417,0.9197408867132846,-0.15223193627743664,-0.09828510870780509,0.13874828124515984,0.22366847597027706,-0.24539983762133588,1.0576318332275483,-0.39061616623284073,0.0007982943951204686,0.008604080297079039,-0.3629636809467784,-0.21956975377943824,-1.2601600585451427,-0.29916652527820714
TCGA-VD-A8KE,-0.21835968443590004,-0.37797688365062504,0.03857850494762752,-0.14258959939623134,0.017230306169624614,0.25935734933918675,-0.52524725555115,0.25481647735335555,-0.2712662111338575,-0.16962334963328562,-0.5592001527921519,-0.1869244541127681,-1.620403652849255,-0.09947535527993706,0.5363876465568465,-0.3157296343629236,-0.6234492665821584,-1.3443420793052316,-0.7373934748913581,1.5419682296737185,1.3187112520282147,-0.6536081706804197,-0.4286863471689717,-0.26662765020298607,-0.5264560594351171,-0.6737483282206184,-0.6152750492464244,0.4307908726849485,0.14394719604554337,-0.5766457091971817,-0.9050629401144559,-0.955217697204178,0.23370020391050494,-0.08907677734458812,0.42787739938149383,-0.45455153286166317,0.39673652642583307,0.14407955576194664,-1.1740241394317252,-0.44956408418071336,-0.07154519205197225,-0.5668721022405824,-0.1769456804875985,-0.1883595073862213,-0.6526335976563894,-0.6727408299636899,0.13909775362973428,-0.13413237916171222,1.426293839452876,0.30827214898227645
TCGA-V4-A9ES,-1.1442732844092762,-0.86693132061595,0.09567027730821766,-0.1543240083197401,-0.5108855284535059,-0.7632568456235651,0.21452185142038943,-1.372497925317993,0.613895812633262,-0.9143643046791116,-0.9300428318697097,0.863084988184345,2.1274024819365263,-1.091097728048924,-0.6429209162923027,0.5223033011868037,0.6298491474224948,1.5753153920827054,-0.5242170934394836,-0.5615691363077079,-0.9273820787580506,-0.8004632210301135,-0.679498501688979,-0.5909021694026492,-0.8124748609991926,-0.5992384272651345,-0.650936086562386,-0.48234234046978797,-1.5513623472933613,1.7182872604577546,0.5421301044166692,1.3911797230330354,0.216859569667963,-0.8934308014543785,0.4020403537930035,0.7597421494605557,-0.9854060492494865,-0.5720359570086639,-0.8226454500840096,0.32915886597891436,0.01800722113481766,0.0817464846670163,0.7312560302532659,-0.04003943479207957,0.16679196384005696,-0.08319143292608237,-0.08495446413754974,-0.7773377245149496,1.6443159981895852,-1.8452337507224286
TCGA-WC-A88A,1.7664382858205279,-0.09690849669094685,-0.5659542989754474,0.26039066576092457,-0.002356313021806088,0.6003211953513459,-0.7224786768255849,0.11603726871657466,-0.3604176234139878,-0.19141472743166463,-0.30227960038682433,0.7592470215146901,0.9026307599268723,0.253263248129682,-0.970128568602333,-0.640220457374011,0.9944579784595098,0.6224952291253268,1.1161013593953497,-0.059148420894071366,-0.1702776105078107,-0.32996260506999986,-0.2810492147547089,0.01374628620669547,-0.4941884939796715,-0.7880676387280237,-0.5147428200225874,-0.7193218394323093,-0.538848849568075,0.009193664690259257,0.6501885242988141,1.1020705053978779,1.11043662528673,0.18780238598441343,1.5723601295508518,2.1955311981900243,-0.8522475174813098,-0.29867915230236447,0.4031924765843154,0.5648905212524183,0.0471883999785842,-0.136198399053965,1.131271792545044,-0.4163239999948585,-1.0317492816214362,0.9271355109884368,-0.33794100198466104,-0.41135935161924725,-0.8728609943063731,0.38140853139821984
TCGA-V4-A9EH,-0.3448895471860621,0.5360496094191209,-0.872796987821674,-1.0469640438783097,0.19183927054972236,0.9420836572462076,0.2056728021079457,0.4183228665442021,0.8597531145389355,-0.5039281561372303,0.25634440589945867,0.9391989699926642,-1.2841095958178852,-1.1154077315748507,-0.7484231370806498,-0.649845337185421,0.24255108205421344,-1.3524449877960734,-1.0284954117312806,-0.5999484426338281,0.7035279897847647,-1.104952276520101,-0.21892160876803587,0.44121717959439866,0.5860235046454281,2.704946911091875,1.8964683918540426,1.048616717919689,-0.007022650933086706,-0.9941892087683225,-0.39649347115596223,-0.7921800390814615,-1.171937808050961,-0.39267501979216807,0.1273887827902952,-0.2213124816280149,0.3658710590876911,0.44906855006454177,-0.693323032907963,0.20988409532012864,-0.0287504720116981,-0.11101770235974445,-0.02389975664017937,-1.4856824099894905,-0.7914597271529253,-0.30497656779508253,-0.9298895927615545,0.15502274318827677,-0.2564903720224191,0.8202192488819274
TCGA-WC-A87Y,0.8786135404485238,1.0790654173784393,1.325108034699007,0.7485132410912771,0.5304492542432405,0.6856306369763098,1.4099496112375183,1.1791869096600038,-0.10309150676016368,1.1968656171485639,1.3588816003568038,-1.5514204422597444,-1.3898987631973891,0.7309865455914847,0.8767437357867802,1.0868525167125542,0.6764535531022569,-1.2655514922181583,0.9411861187529669,1.4886479562653998,1.2810701433817788,1.3865049921726345,1.582609086351734,0.7584383290390045,1.248193930352909,0.887815921929175,0.8766554782828929,0.3427439196223589,2.0803284982407937,-0.07635839706880296,0.8442212945930574,-0.13052708379036354,-1.523591124827094,0.4885020241716655,1.020306116491448,0.3964478121227662,1.1262661148136606,2.4145088345053263,1.9851775638702043,1.9265111629817369,1.4838682170558326,0.8820362649134875,-0.6238819352202417,1.0055592150099009,0.9563202904898925,0.8216508686121006,1.372212131308249,1.3168916488910227,-0.33995497984573225,1.2599409097140166
TCGA-V4-A9F0,1.4240926076455718,0.49347081677820753,0.7439773420665655,1.7674746764937599,1.6114412294629796,1.47918132443719,1.3808857680712168,1.6977519191195567,1.0444934587823411,2.1429890663683033,1.1357590649492306,-0.254000351716255,-0.12756132531900535,2.0394912782979886,1.5307827695212353,1.7348908099314526,0.7357091224230242,-0.04457583478539923,0.7141724502157774,0.9791335319568921,-0.22179857363045982,1.0692189802129377,0.5770400271176043,0.6701361904387654,0.6454819482333708,0.036808261479313716,0.3962115875852305,-0.03549793889313217,1.649306663594596,0.16531589989054157,0.4739225738862491,0.08862545460077496,-0.2549149207012491,0.8469238488724526,1.0638066981313559,0.6419615556165296,1.0415211599029635,1.0980736362935275,1.2998656748426325,0.8175209357609867,0.2919470261161944,0.8714699131586686,0.08676963793567208,1.8245775790631606,0.9534375142264201,0.35475027731398007,1.6988284553444257,0.5585574097607332,0.6048436494871282,1.2575215043683927
TCGA-V4-A9EM,-0.6443179578873441,-0.28633915887696304,-0.11505172928636526,0.12680418369458388,0.49773454791302063,0.252756707664198,0.7234830531593445,0.1193834256506712,0.5513904969523227,1.1141440750500196,0.2524909281725256,-0.7593224125496729,-0.6012332891421893,0.7407195583042558,2.0253306163384273,0.9260271638037149,-1.2901966390210007,-0.19261723123066876,0.2876084089331563,0.4570745744569107,0.46080439498062303,1.4372179020497415,0.04244893851229483,-0.3435834153196364,0.00732479573008654,-0.29589997418431635,-0.33523098473372914,-0.5343496361489863,0.5247791973913543,-0.0690252461160174,-0.11819206007425809,-0.7521289054076099,0.3739702596314058,1.3583196031247535,0.07430496065660772,-1.421086912329442,1.7034528821237647,1.0907312608399469,0.34342986600666886,0.2559667299628675,-0.007217200774365819,0.42126476426486936,-0.7946529451968294,0.5191566315349044,0.8682678214845284,0.21198408364141752,-0.3042227809361701,0.15156746107645047,0.8027268193173382,0.6392856418342723
TCGA-V4-A9EO,-0.591527930449829,-0.8114092489205204,1.5642244941323735,0.9050939676809072,-0.1583049361712425,-0.827360326112778,-0.32883678972197,-0.17129260641965025,-0.2349590220780741,-0.28728083748725225,-0.21891273173076126,0.41594660197763056,0.5311540622996695,0.1033619369564774,0.11139752338298267,-0.07066617164882853,-0.14844732092258592,0.48767729030198054,-0.12845049337635464,-0.7474105642418438,1.2546979342933788,-0.3548730870561039,-0.18886188865644435,-0.7005987527882876,-0.6151999409626396,-0.830462143098466,-0.835010242423671,-1.1049903379317831,-0.34300204734073014,0.6460543488108671,0.1863671375196316,0.595636356755088,-0.62517215966643,-0.514362719143761,0.2946220010678606,-0.5508317504604167,-0.9102138793291,-0.6390184978593719,-0.024745862145011815,0.5146343714429794,0.5759711386472536,-0.6547567386453373,-0.18445375018784224,0.7245771403632386,-0.8633768127514558,0.5896516033783649,1.0838820399908653,-0.13291104542742777,1.7066989110368784,-0.8934142311382761
TCGA-WC-A888,-0.5139591648029096,2.52415220163505,-0.48913579095054227,-0.07409857023100076,0.28518110289168963,0.7466386952223825,2.4458227191748123,-0.14861933719719234,0.1343719193020719,1.4447571700579487,1.963356909037593,0.30201081089130855,-0.9008483744409461,0.29349844013004145,-0.22420480428784614,0.9412347383468008,0.03833270913037988,-1.1143632091199578,0.05089407746835963,-0.8486865470436179,-0.025287279886781058,0.43636420978785684,1.9499768027720747,2.1577080858414694,2.123153317576666,2.1478404975282306,2.335125562839902,0.29445859069305025,1.3421622818110746,-0.9058396748853716,0.6934236170474896,-0.0934056252684628,-1.1088548999642451,-0.12761859905869108,-0.9308939054562085,0.554389599130393,1.9166327261035319,-0.037500687904628655,0.3170029964148814,1.5670259367127992,0.12951696849247996,1.0613060767552704,-2.8359947556729597,0.25133282106039584,1.8139262738261206,0.6878797149477356,-0.528684727990294,0.4418404432088781,-0.8718445844207908,0.8462065352723059
TCGA-VD-A8KD,-0.5766641513027532,2.3851307598107327,0.661158331734802,0.8788668494243559,-0.43136560348607905,0.7814485735148133,2.2134282467242583,1.1461709550290198,0.22205670615638456,1.2260911132303798,2.334580500068993,-1.0115822898202524,-0.40675924248687206,0.1525814679120525,0.30159213841799826,0.7992076545317851,0.645011024151399,-0.36315690876106127,0.09771306449517903,-0.6966775706604771,0.2086380718436629,0.8665067422004278,2.4963325305362747,2.401914628156906,2.518487163032214,2.2631996945400807,2.4658723421160276,-1.02697839129872,2.0787443182819496,0.29897203013251916,0.9490077557570582,0.3990024758246426,-1.3545072565079006,-0.6625362865748147,0.2722658144034522,0.35182229367718537,1.3815225222346075,-0.10596477017772171,1.0392030110581831,1.4425212746621254,1.2172660288141923,0.6164144963153331,-0.8008670582364135,1.0761846051792154,2.5510756391570464,1.007207866996752,0.8292218545414353,0.5976555068661316,-0.024717825503722732,-0.04142532750708859
TCGA-V4-A9ET,-1.3200842317920707,-0.7371647647664618,-2.0097734508705556,-0.7358937175577142,-0.25383049164104715,-0.3924289858747702,-1.2490044401099432,-1.3818887330465819,-0.37345156597852197,-0.7410191214720554,-1.2324104780945149,1.024916835841894,-0.10354881969316729,-0.2614621628235684,-0.1568436717010903,-0.39089196793882414,-1.8022602899826439,-0.17753986561504972,-0.1259385138364782,-0.5919117680911831,-2.016656994178917,-0.5941025676736434,-1.2734205305807882,-0.7093427840993153,-0.9568808687697932,-0.7738407072095881,-0.8024637974754397,0.32743480697517235,-1.050139615144185,-0.8718865024090645,-1.3780967010332552,-0.5958549307231575,1.479025802238805,0.0051094975540568865,-0.6647613937439107,-0.7589573002093627,-0.6473178674339483,-0.24576821781316324,-1.494040743797884,-1.841441274259391,-1.5306704874300265,-0.6034596233386096,-1.5200618485284887,-1.052573160456411,-0.656457791405228,-0.18986756462427853,-0.9253048616668341,-1.1336910094922814,0.9754833317204417,-0.13726035220979282
TCGA-V4-A9EC,1.0469792277853291,-0.816444795960651,-0.21551568789234524,-0.7871558509124835,-0.43181163975484427,-1.1744507902794807,-1.0191310253735526,0.2696636370017618,0.7691460281355397,-0.34287098994410387,-0.7254295517903667,1.3677929383712908,-0.4149512368069472,-0.41388779533886333,-0.9119706457525885,-0.17772286813134527,1.2005030916783568,-0.4969955896676774,-0.2610972503637914,-1.407307676860209,-0.8636845221774018,-0.9642294135428617,-0.9151774648506861,-0.9312756033588654,-1.0278923212223259,-0.6530227064194205,-0.7984818583674969,-0.45081757894595814,-0.5905234547924846,-1.0909983094455062,-0.8366620171134913,0.12396029011251682,0.38129943602151123,-0.25474225532160266,-1.1317944228332097,0.779407515348983,-0.6831893518158679,1.9410484109068713,-0.23139169156207945,-1.7840233188143526,-0.49434450834611715,-0.29221372318904804,1.0540839236227895,-0.931870187969029,-0.6980933391314851,-1.2420618833931403,-0.618417152921124,-0.2308781698390966,-0.31867309783377723,0.32722434377347753
TCGA-V4-A9EQ,-0.43422420702692643,0.23885293439434807,-0.8865211014642246,0.2701717513318057,0.940552355071102,0.3065442962443221,0.09547810834283188,-0.041222498533489416,1.258820595198358,0.2639389211161549,-0.0005385079124709582,0.629677468993575,0.39748350682628075,0.14144794994015403,0.7580196943388318,1.0515897212526426,-0.8016378946322155,0.43074013161736135,0.8213825123728822,0.1973496831137641,-1.119626357889804,0.2626472089321144,0.06855065623044537,0.5706607623758253,0.10724331639036862,-0.300181902504817,-0.17073855832593304,1.2369560666156856,-0.1816527844726745,-0.3888812237099536,-0.22649605556796745,-0.9175416511287721,0.9395918294897297,0.7972215396211205,1.2620874618747233,-0.047724243790587074,0.43968742732265087,-0.3865672898447011,-0.431548212970105,-0.49035216238070184,-1.2165393425248106,1.816052524025211,-0.7579149236244703,-0.9263722079928993,0.5622563258006034,-0.489354793121051,-0.7424983069608958,0.04874160822090042,1.6099861064272096,0.049138847857858464
TCGA-VD-A8KH,1.2933455830154714,-0.8788106700786922,1.7651800685959118,-0.32975307920433483,-0.7582852956441585,-1.3683445840513961,-0.7504163768517248,1.8717855052203463,0.8797582242225748,0.05143439338868905,-0.3001808593103193,-1.158335286084794,-0.09617098882078381,-1.2370525454477435,2.092312925432307,1.6387876686269756,2.2360954741326973,-0.2561668999395627,-0.5907684242532001,-0.8057318885733055,0.9311208129664914,-0.4546163881637101,-0.22483739179788656,-0.8808834112492838,-0.6657519747593659,-0.44854941180765256,-0.7273517718851555,-1.4697273922282148,0.5557700171616321,0.5645952417944968,0.911019363294555,0.6801832530953994,-1.0695088336674856,-0.032760708593085636,-0.6284897760792965,1.039501042997788,-0.048288982358556255,-0.011493900533361696,0.7281262459933232,0.8717771021594564,1.1051750700253857,-0.1219272497694579,1.2197217938837295,0.5723461984480832,-0.4786689126832567,-0.25112078935443577,-0.738810494006747,-0.05922272649061763,-0.24500969179219872,-0.22847658933950765
TCGA-V4-A9F5,0.07890252964870696,-0.5730434295614184,-0.6736756282690409,-0.22750286008594,0.02713716209631197,0.7901586984183682,-0.47918909477945293,-1.4392922252400404,1.5594477246700422,-0.4161697836646707,-0.5055502620437163,1.3517206005269522,0.6419322361210674,-0.35027302849441144,-0.626263344001743,0.651585168265858,1.79482203574996,0.3760203657198995,1.3036065025207384,-0.7745158888063192,-2.2969175738785252,0.4551679007711953,-0.3031042490028261,-0.1632403440187008,-0.42519643690439535,0.7979258132072105,0.3704038315830604,0.7895187686051032,-0.826876038306844,-1.0134708753128412,0.1790160495185382,0.14233223278232746,0.5506847308830165,0.16431476269268644,0.32868448856297605,1.4233649972433104,-0.36587917614172594,-0.3409688497563273,0.44107847077921314,-0.39372834072951923,-0.5767740775969975,0.8982221220430897,-0.03341861897791484,-0.9374822914929755,-0.341702533541476,0.7819096033153379,-1.4382446606841626,0.5395195587679597,-0.002903718031368888,0.015794071526568393
TCGA-WC-A883,0.17324433564809621,-0.2800003847796593,0.4779715023663626,2.345963458541673,0.7520948597727813,-0.06593122597186078,0.9704218212007859,-1.5231657300951664,2.4917883928840032,1.4589605383871351,0.34704677389312594,0.7398574728472057,2.0808881965885058,2.400571774828808,0.7870593558794999,2.152204718366555,1.2145446894877303,2.2089386831196722,2.6805473842690692,0.6353726774448019,-0.22737236353144796,4.2448836995195665,0.7269011887877185,0.010077859474285333,0.018838225200274745,-1.2456784540828174,-0.8538075028301542,-0.44015015525107803,0.9596761687189197,1.298621077840172,2.145173006719911,1.1180253900910553,0.6223556118066369,1.6113718483455262,1.6469506228154318,1.4601148635274692,0.7273199706403414,0.8891850325055906,0.4016078307051189,-0.13212176862548217,-0.03309845566875995,2.289183878641795,0.7266413026613784,1.4200653396361829,1.9937800363984488,1.6635251703501754,0.791960337334514,1.7385250318920253,1.0077051705328968,0.6370195473093307
TCGA-WC-AA9A,0.4023369035864054,-1.1430322070617098,-0.20742721001128392,-1.0054512887750682,-1.7462796753097456,-1.235471151564829,-0.6250171350461451,-0.33804676737724154,0.6098991066442861,-1.4281781477600906,-0.8566908096996217,1.2220519488789001,1.6029317397480511,-1.7951547175389357,-1.6156352114657906,0.11395338833669108,0.7661778526937633,1.2663091070806698,-0.23066569691099525,-1.5722240199735213,-0.7425763368786524,-0.544097583286761,-0.6447685181299102,-0.7397225724908365,-1.4438328069063753,-0.17290277390622116,-0.5673520536614075,-0.27571105723263023,-1.7900451583572488,0.48193391622380843,0.3767729642508328,1.561100255309776,0.4786138203957191,-1.5664842558027496,-1.0346567354569116,1.9555316986804356,-1.382530842829456,-0.46885530266522374,0.042328656178689965,-0.4976272988497706,0.32101942057073873,0.43088081180016163,0.9270544260753606,-1.336209225825921,-0.8414579225996714,0.7279592463544577,-1.6075288519237878,0.5125563172703985,-0.6046239162828214,-2.06355727562263
TCGA-VD-A8KF,0.5908466276613744,-0.25741379302343814,0.6884523113361619,0.12021916502278597,-1.245079788037015,-0.5090740139832796,0.0026491706704377784,0.5973578468344477,-1.0062835546527114,-0.7732196249497807,-0.317129807984776,-1.522307425253476,0.27342994214978517,-0.5471246493825902,-0.5097684939045843,-0.9636282634113429,-1.0399858452170063,0.31153723796127225,-0.3051850148735977,-0.2111457915547969,0.7884357369725042,-0.39464212109521485,-0.3559116158738686,0.05280928004472225,0.0765867259711914,-0.6218692163483989,-0.3858096579465772,-0.6980570848379015,-0.42379012222552037,1.1953360497984227,0.2064218754625587,0.30445415275303633,-1.2022472526357582,-0.6838722079787837,0.5817866915508837,-0.054584243924892396,-0.21907291135924295,-0.8705800491347828,0.07267250244657335,0.613963986441546,1.2520156932624302,-1.187935647397352,0.5885641948012574,0.3638421876679086,0.31458927667360825,-0.27707737672660077,1.834523568388869,-0.94162127226545,1.3291893151870846,-0.9577576465051337
TCGA-VD-A8KG,0.19245119770225738,0.3448779578172702,-0.3974367596094042,-0.9559571221261375,-0.1608749057467446,-0.277303908212518,-0.39252368393964604,0.2765758775620719,-0.5894788499718528,-0.1777177374642117,0.025315202191466928,0.531798277489423,-0.9499408609181554,-0.765123524495617,0.8145397599484238,0.21542018166474633,0.08423655705551666,-0.9757982754661544,-0.24019425891373242,0.6380305183106019,0.6256923664662297,-0.0470435717610028,0.06731780818543698,0.39716511763013174,0.5436387381548995,0.6835995904721456,0.45143889903539963,0.7723222475968757,-0.028948416677947817,-1.2453631316648834,-0.7402154075367442,-0.7370988785628833,0.5577663799374976,-0.19151284912107533,-0.4886133714988296,-0.4448063731568592,-0.19701625213754945,-0.46848573341010774,-1.1193099337175156,-0.6952806953515885,-0.6036473770384567,-0.050213321111521124,0.13605683315494177,-1.012559884326619,-0.06276408778596738,-0.04197816548107183,-1.0248667366839954,-0.9906098817806835,-0.6370902048257004,0.8957423232204652
TCGA-V4-A9EL,1.6287078421023526,1.7425695632580056,0.49503111019413487,0.7557197647274412,0.18182846814208628,-0.5221752404323031,1.320811709419787,-0.6420141150802169,-0.27164575278404984,0.42152406602976117,1.7048755731683893,-0.22629396117069295,0.9449589789442838,0.5207130093991292,-0.6931416806214443,0.028813023692700706,1.699271840590499,0.983263814325586,0.7783418790448985,0.012726855512280267,-0.24881963357224787,0.18203856997363835,1.6935916592650266,2.1628990945115625,1.990446367240664,2.188049357429419,2.2429161884287194,-0.6946712900796415,0.6606320104368197,0.40962589446372816,1.7478987685535066,1.2166282481944397,-0.07908540667817542,-0.7273344884915147,0.8963290532427262,1.7316853636553506,0.6847895270958404,0.1553825810468903,1.2019148710956526,1.5224489955688432,1.3029704665804276,1.35218798013221,-0.08080834256753705,0.17387325765335832,1.6221614563622737,1.7683806992788575,-0.007682406353050471,1.2203788856381335,-1.0705643468442305,0.3475059301457962
TCGA-V4-A9E8,-0.46226422898777003,1.3363735387871358,-1.4051802006081449,1.2642320795224113,2.3868603604080554,1.816592747610678,0.5969346440851578,-1.0494847202598618,1.6060228314876472,1.1520383919351127,1.0297001296885306,0.14640783462620566,-1.2029919163311893,1.749729148380752,0.5649862512877482,0.5654885018635226,0.07297344787298267,-1.2909353381047444,0.47915053845075745,2.06446257357609,-2.013944315452035,0.08204862164033896,0.6433206922573943,1.0293511454731055,0.8597931513514492,1.1145655976234916,1.0764040162316661,2.09827869087057,0.7706634823064891,-1.7564965804107098,-0.5797186789964652,-2.042528020323726,-0.5554241413517651,1.525265030303396,1.340435769727082,-0.7452140583893182,1.7791272324729535,-0.13918515014629154,-0.07529035152818242,-0.2800156377680621,-1.2550757597242397,0.6600709022957294,-2.218819017061322,1.0989988793128764,0.3055013715676454,-0.7458986634636314,-1.0899587782559295,0.5986993165669056,0.3553991765060374,1.974477336203298
TCGA-V4-A9F3,0.4848809907885498,1.868623985528102,1.3063834015476952,1.6778894378026927,1.1350216543086002,0.8275877153274758,1.3187514530138165,-0.4015138809401992,-1.164132794649566,0.9439238131715517,1.930680475669636,-1.8109991580303888,0.5960582114984729,1.124543435940714,0.41948027421892187,0.42662484848181104,0.6557404164299167,0.9241717204598378,0.5079342097609835,1.8681595686554249,0.28260734049083863,0.5089939160122247,1.6324115700121256,1.7733008715939,1.9550095370697103,1.7086095188706332,1.9168477627547729,-0.5551330558314185,1.4566567657786824,1.479582129492075,1.3446814251962953,0.5763021965170986,-0.48662125533912814,-0.01992658590550435,0.8772458013600003,0.15112977638608832,0.40730444912627456,0.17853548648190887,0.694679178992852,1.9512850913438804,1.4915541703635389,0.1732612550977882,-0.3872314003870841,1.8234896832472967,1.4938863237917566,1.7312311973803391,1.2398538489228852,0.47171936403963527,-0.5631792384047037,0.03929483203393771
TCGA-WC-A885,-1.0219671860261565,-1.2581997700098715,-1.167209067004314,-1.5401629119123021,-1.4576806026813407,-1.083744095944496,-0.9656154465204574,-0.8611509608468602,-0.6894797912243502,-1.3892057291446678,-1.4032937024285341,1.777049389862515,0.47774139928077863,-1.2300889103645962,-0.619153948686633,-0.47895475519713615,-1.9382177037131152,0.2727481703749946,-0.739302036847997,-0.6674271540484298,-1.075489907186118,-1.1252394379252506,-1.2108157918114428,-1.0906139949199085,-1.3019203874472638,-0.8803105699578135,-0.9280209080954379,0.622169379286744,-1.4627948858911817,-0.5822362242990837,-1.0899582739614775,0.23261435650026446,1.301720554400491,-0.464300669883726,-1.5390022723968455,-0.09808656705951996,-0.32383093327118506,-0.2621259774528065,-1.4155131363815894,-0.9526266704612756,-1.0651520032400426,-0.4590248447035926,1.1109152460812561,-1.6183923270881482,-0.8336899834264307,-0.2197318109810751,-1.8508089869035635,0.0490228951725094,-1.258881354771423,-0.5949519074574666
TCGA-V4-A9EK,-1.291755138919022,0.7551027179455837,0.7210250995977016,-1.5599062370268448,-0.8222502474944801,-0.8224294606680141,-0.024254242546029967,-0.28863787433793003,-2.4842207935805747,-0.6452085408104393,0.3017790700177601,-2.2371526681532368,-0.9065018867427174,-0.6945100024140398,-1.7087634639214253,-1.7685804433940842,0.4883347453632288,-0.575336998872023,-1.4343412028452476,0.5378941163856817,1.807186333094903,-1.3000546258477241,-0.4374932401164302,0.14048623032429777,0.4643715992940175,0.33381218667909257,0.41608799851029654,-1.0641697709232134,1.0123125941770335,0.6150917729079476,-0.5077694581581698,-0.011813898596593856,-1.7180764258061307,-1.4041764926443294,-1.2663939716194563,-1.121467972330787,-1.513344732462886,0.0907231226255498,0.41373831710777575,-0.35329540351889743,0.83656242591068,-0.9900646208484416,0.5047749445732278,0.6735850306893371,-0.4254706929510061,-0.5870251601936982,1.643339070495039,-1.2449704809052478,-1.1826160993072679,-0.8327217232185222
TCGA-V4-A9EU,0.561068570581544,0.3454317960743901,1.1707551053884364,0.4534561357209779,-0.14973793755997614,-0.1063353348742045,-0.21973980915633184,-0.49488690709290567,-0.41528686464349596,-0.03755829105802932,0.5322879487503728,-2.6334016373034905,-0.006661505898388875,0.12049020966822378,0.42897250273504106,0.2224863325044791,-0.4909653837298674,0.27995560206147635,0.5726497315178304,0.7653121906293081,0.24643522796990613,0.4533162392844505,0.29173957600258005,1.0075293617477363,0.8820178588217047,0.4081402791562834,0.3585157001115579,-0.6381824610803118,0.535239891835957,0.7046356773054964,0.7574441617636869,-0.2429047541834164,-1.5566792234509108,-0.8936798428368288,1.020154789442008,0.21580669324658572,-0.10517988635920117,0.3330495498183347,0.7581880390925779,1.259775506631472,1.6662072974798932,-0.18606907702237,-0.74050562588895,1.0959673791920244,1.344380714110833,0.7554415373758467,0.7489194806956065,0.32140417746084265,-0.5645263608288472,-0.05744308214241477
TCGA-RZ-AB0B,1.0578385849126752,-0.19745650461122627,1.990995395016131,1.1358211612793323,0.1302810463465784,-0.2718832049677101,0.8601698390554577,0.9332008169661119,0.6843139108875919,0.7191901607907425,0.5725627612606248,-1.0331643196653388,0.5764205254599734,0.6117326367666587,1.2458752636448809,1.5942953447798993,1.5480594622687567,0.7680118781647917,0.6933946703970584,0.6753219243691442,0.5237756839848251,1.1259544348318558,0.42262261052271205,0.18662966337813355,-0.01610403702569138,-0.040247284057066963,-0.026942905514091404,-0.4282732511290281,0.1487100432000072,1.1144486606586648,1.4841669795830659,0.9032148723438119,-0.2980841077965258,0.5023159869691634,0.9117409978037633,1.249792780698406,0.1349113446839802,1.6403197266701932,1.809674699297799,1.117234151600385,1.5924804940105783,1.327984261240511,-0.011567495989070213,1.2488816697117997,0.6308436750773774,1.414883812619457,1.178172157311725,1.1715310100234284,-0.14218126796220143,-0.18084063673077733
TCGA-V4-A9EX,1.1890537402483152,-0.197151094728638,0.8367463526731036,0.8870400913951894,-0.11438281836995383,-0.7366319541351951,-0.27131280170577843,-1.1664218262406958,-1.0218315476708402,0.07811495488486143,0.047123574904668786,-0.3098236081439039,1.3214819938429656,0.6166301894246651,-0.04203424918616282,0.04992290456505534,0.8737807978851028,1.366709295075109,1.8921094294120118,1.0973494668905754,-1.1225212489370422,0.20353482391285138,0.1898717401336139,-0.0905720772707643,-0.041636778350477875,0.15598531860156697,-0.035394570626393146,-0.38428184589069164,-0.005073758887768736,0.8599778216036431,1.130892047612566,1.2250870607648126,0.7823957467419006,-0.13642228738132234,0.36813448535450666,1.0817989619505715,-0.37874986825097995,-0.2619883772115609,0.5925227774039561,0.4053014604680611,1.1405244749130026,0.4305290291850621,0.842261523831715,0.3768061059076798,-0.2074886738297325,1.4495965722084292,0.051719647374067104,0.6344603978087388,-0.14996078028749227,-0.2907106302589067
TCGA-WC-A87W,-1.731211596580856,-0.8257543857430326,0.7983633638259071,1.0962008603036413,-0.27535069796409306,0.2613307476904218,-0.06515344556236466,0.9717203856586742,-1.1684775097148439,-0.34702508491313194,-0.4070808349590567,-2.0618588041252193,-0.4846334411843091,0.7926417282203733,-0.08769503234350486,-0.9127787428802479,-1.3295288483496306,-0.168088581325349,-1.3580763789156216,1.0426928456568203,0.478523691702531,0.1857497909819204,-0.7530764096394105,-1.2038764593088764,-0.8123528394923442,-0.9710128090110408,-0.9080527702298304,-0.7139305654639168,0.3812793395342841,1.4824998018560382,-1.0052326866393457,-0.06154532990216019,-0.8288640334747222,0.5166209932398375,0.044062290674215986,-1.735071648642068,-1.5735811441089387,-0.028740124351817026,-0.4499438385901677,-0.4118288070913306,0.6960406918954354,-2.091294277393374,-0.09759514009208596,1.8868990619931476,-0.19587463133598726,-0.41635174040259787,2.7370112267532467,-1.672944795517409,1.9112388007951069,-0.9951494817035572
TCGA-WC-A87U,0.22211692141746933,-0.6384574139825571,0.054076404416824236,-0.9613868823349574,-0.8978497116078498,-0.6237428213283945,-1.0487393119368353,0.06526190594710264,-0.6377026437481884,-1.104122387811266,-0.9254412868167463,0.36213603530800836,-0.18722867020195721,-0.5489322558153176,-1.9558306304760724,-1.5903377663030533,0.004632082709575862,-0.018625640881330483,-1.0936796601359673,-1.9096546798383727,0.6823209494809508,-1.4980871880940392,-1.1269810738506152,-0.852269888710542,-0.9157069921773393,-0.5008744595890894,-0.6992240603717944,-0.9702416422305684,-0.6359805756629594,0.3165215632184068,-0.5240315830252489,0.719015497552428,-0.5658518669742661,-0.8432129010164067,-1.8002943001055562,0.8102963484121499,-1.7685354308439223,-0.958588918574191,-0.13940096229297963,-0.4520197351888278,0.5069131452827499,-1.4779535514232638,1.2353910260714687,-0.04973595638401233,-1.6167873829077362,-0.9114002513247806,0.3198655916420184,-1.3209266878052313,-1.4716974115510382,-0.7498567608032383
TCGA-VD-A8KK,0.2214188777117339,0.10075085832053848,-1.0452209751906327,0.5408688094872041,0.4852805395893231,0.42243221039482437,0.7053467128450469,0.4770419143496196,0.7244342820274204,1.1456708381600889,0.19155893092728163,1.3334763332023591,0.9748298845221672,0.6288404174074118,-0.42592066992279176,0.5942517752932637,-0.44929048208940603,0.7972002667579899,0.6394141696226026,-1.4637103402832947,-1.2042386800124503,-0.3114666768307822,0.20473130955131186,0.2273652542831969,0.14593495807629472,0.06757870066267353,-0.06426139235838826,0.574108525151415,-0.008738616811141528,-0.45659530933808845,0.013445049915282246,0.2730866376016301,0.9201758318378039,0.487780899427543,-0.05082878323407197,0.6142889064720294,0.729035754375687,-1.0673917018643233,0.3874362602344489,0.012568480489926322,-1.0798531537562586,0.2343201380056663,-0.08601651617463933,0.0067290353549922365,-0.149693773991817,-0.0730048794225224,-0.9978405212645634,0.20707149976230563,0.409668406371215,0.26970797811724634
TCGA-V4-A9EV,-0.4291643218006265,3.018786633641012,0.38775812279534383,0.47979319800660963,0.17330410997688012,0.6767920107663263,2.2649311778910284,0.8080063734394889,-0.510251416436476,0.8797833070563567,2.567685580411752,-1.000105286442565,-0.34370968234018506,-0.00023308731602123778,-0.4403726237320447,0.07292096574538864,0.9398127395717677,-0.13546911168137957,-0.10791616201724526,-0.2679808352805127,0.5760961737416358,0.42950301396244545,2.8510485687114926,2.7492386934128,2.9084952936177597,2.6059917192896758,2.868925230303851,-0.11540944679960675,1.6601311549783293,0.40365513657536706,1.3261738241544803,0.25857827245870524,-1.3074562629922695,-0.8202933212520092,0.38753712222101055,0.16839851895911997,1.5775839802555438,-0.12405202868393714,1.5862778202302277,1.8062214267197285,1.133869514194796,1.4483514237152755,-1.3583253855359811,0.4175792700208076,2.0432213324972865,0.4282940755374672,0.4358714080735096,0.5038580093884865,-0.3600856703398022,0.13952811282447466
TCGA-VD-A8KO,-1.1805601283855025,-0.9714159092347067,0.7886252350665038,-1.3901708286243473,-2.323189058415072,-2.338931343335533,-0.7827911001143563,-0.05478869810220115,-1.1478866889520085,-1.7260842346388074,-1.005660865392936,-0.575790862504832,0.8028269668306448,-1.2812886257516112,-1.5261722827583148,-1.9133573559993151,-1.2911469178261419,1.3051717217228687,-1.4167532597596892,-0.8401281393407151,0.7283772920686807,-0.8281228540627923,-1.0632487156399257,-1.2962484818254312,-1.1671697292587493,-0.9544528656161777,-0.9629054746092921,-1.8494938418944444,-0.8241880640871526,1.5842885704037968,-0.13987895648366405,1.0109144253483862,-0.043795211454180756,-2.6836803577409443,-2.05875027764035,-0.4151142008684083,-1.1290948590214762,-2.1027132563194684,-1.1116907447432285,-0.5010254403742664,1.132919383078375,-2.1987943341873324,1.7284898405738112,0.18185703398702685,0.001044010762498445,-0.3767270980631044,0.40832695442258005,-1.2306124263752591,-1.9771727139525235,-2.6833592173721645
TCGA-VD-A8KN,0.5520895271512206,1.345582692082301,0.8214175558846318,1.2373987743986754,0.8611069532876214,1.0350654502056833,1.3644668707738614,0.679043481997125,-0.4066265050984972,0.6579061846133254,1.410534085703647,-0.7897972381532367,0.12853148889761304,0.5921169157759206,0.7418890825603237,0.17923743427553057,0.035584091212829176,0.326792874830779,-0.13008665799933186,1.0892670179873332,1.0139128533773762,0.20230628032946385,1.3213177614374667,1.3101620040763686,1.3824907381597151,1.0341458110428101,1.1967840919747992,-0.37311122151869736,1.048353126697447,0.5035537166314555,0.13881012336734674,-0.05113799413262408,-0.34609208409598163,0.37885736630705824,0.7570377455446584,-0.22853440434045016,0.4988068881487865,-0.010486699153300411,0.0038655770971331702,1.1315877093114577,0.5079715765997047,0.6213452642542543,-0.4091476518227637,0.7131115662498205,0.9971529841995874,0.38378315765638726,1.3700990614804607,0.12249107378716823,0.8391970458564819,0.6395360462427503
TCGA-V4-A9EW,1.0285298198190125,-0.8375898386836617,1.095121067230499,-0.00061180762874069,-0.7015381269500518,0.2563296331421752,-0.5944012364202405,1.236515919499897,-0.36934617976640943,-0.0062367225543647565,-0.4660615498456531,-0.1458572924610715,0.52074052810076,-0.70740691091912,1.0453764915107464,0.3029670529997084,1.4025544495197637,0.4415586544148033,-1.0139402567053244,0.13274046677340026,0.7498892279422351,-0.00017898578364032922,-0.0219188554605104,-0.9223958627219571,-0.6503489728270495,-0.33662254392458174,-0.5216989383168285,-0.5249756217827344,-0.049972387318877494,0.7213108486687312,-0.013397828097072071,0.6383720167150695,0.11599588936659275,0.05479751125659876,-0.5034099352508725,-0.4882482268808616,-0.3054745352049684,1.2700877471023604,0.8965756447226958,-0.185431424619331,0.5066083319024017,-1.1354349347919281,0.4810605932830644,-0.12609674201346643,-0.031196777060420875,-0.2889004207539665,0.6574950275126015,-0.11866059531941293,-0.27424898384665275,-0.3873027104935145
TCGA-V4-A9E5,0.17356160373430565,-0.41759700005568834,-1.0260508357200286,-0.45473843204998965,0.2513986955718124,-0.8989854569371685,-0.1235910164423394,-0.318474190136819,1.6611105041494436,0.4546372079645104,-0.38515432693013274,1.4304689828201123,-0.6568087479378022,-0.23046301496357116,-0.08870294338482053,0.045228889174399683,0.06314157991778639,-0.9252986549243458,-0.14970804246037472,-1.2082395638904209,0.2241577932982052,0.44411501579843055,-0.41170111622988514,-0.924399020505606,-0.5678614939357325,-0.6021696044828942,-0.6485917990181893,1.23585530920431,-0.38853996453802875,-1.472199144770979,-1.0593517429181114,-1.0066285371466899,0.23525590840214458,1.2169337041567168,-0.9523351011991512,-0.7588822641798443,0.9963605827045117,-0.4027083280344978,-0.6967325117493617,-1.8169332287115618,-1.3014746914617261,-0.3142637563287097,0.2500219194537905,-2.107021187274393,-0.7711438473272363,-0.9743526852420232,-1.7659097530241907,-0.6873898440428489,-1.1191364348983917,0.8242900317369392
TCGA-V4-A9F7,-0.6438796505757496,-1.0951412287949924,0.6642930440985445,-1.7049544609116642,-1.642376520261743,-1.7147558855575395,-1.2763567566603413,-1.207012147605386,-1.1523601912749426,-1.5241281837494491,-1.1356011326580484,-0.7126652554467937,-0.07268202720809297,-1.285620502259061,-1.1526180047776056,-1.5855319016077425,0.23972254468108328,0.34711257287039704,-1.5729563682259011,-0.12024008220235305,1.1504820503614375,-1.053576657723802,-1.18644975199655,-1.05448249473738,-1.0011289536303174,-0.9008719769293256,-0.9901964390284095,-0.9305801439720278,-0.9808231879301116,0.9844465506517869,-0.5708092368082711,0.6391634668127002,-0.7409728320420318,-1.7933302768955224,-1.6368546583344565,-0.2656647423680678,-2.2582124545442435,-0.321491014289265,-0.01213472721477258,-0.4003208109164452,0.8961455208642813,-1.9256977380603308,0.9069986816501521,-0.35319735675898856,-1.133379213209882,-1.0275673518936341,0.13189620091511686,-1.5445256197203727,-0.9196823543915836,-1.1486480082333548
TCGA-V4-A9EA,-1.9120704148582277,-0.9131254777868493,-0.4406944101299078,-0.014429978353802674,0.9488982272105936,0.638169204584334,-0.5514356967826433,-0.32522599965861126,1.8256518977499983,0.5526720052182768,-0.9892783647248102,0.5753035327916509,-0.6087724126261445,-0.0069730831383749145,0.7948749715206364,0.35343443287007764,-2.6440612244150272,-0.7027763754127094,-0.12251900282929107,0.22829015693115806,-1.6074673289187345,0.8000811081615864,-0.29720579791803153,-0.6197383482396706,-0.8680508677504433,-0.49330086715285204,-0.5766077095416469,1.6998300209922639,-1.0155661756968464,-1.2092408559369865,-1.6896026975457978,-2.682725604291796,0.3060287835152414,1.486735886998793,-0.24530046168162747,-3.019226005828951,1.0818295955151909,-0.8452339288545598,-1.40219517581805,-2.3072662985951267,-2.3724605070311546,-0.46847770497530683,-1.7267904952895454,-2.0331626149780173,-0.02113726605859665,-1.9998313970480819,-1.4552083737140677,0.14301908553969628,0.44032437952984493,0.08439212956606193
TCGA-WC-A884,1.5009279311534596,0.90043267643091,0.7888958990516355,1.58218746834943,1.4722783034828768,0.02486982734795773,1.2485516624384654,1.452881015833713,1.1130532660361943,2.504747472388042,1.6188066626507305,-0.10350330862467479,-0.41485933744322767,2.5094703649308365,1.8282666022292613,1.5883222332493014,0.821767743606116,0.1380497409019148,0.9959510722524535,1.1639936815829819,1.2323125481839272,1.4511414937292706,1.2777687939018183,0.9591967106701436,1.1559118668280972,0.4862377701544727,0.6628050425194528,0.9176055123649351,1.9046487629547197,0.27293448288918193,0.3412838846865224,-0.19514953255482356,0.1139899039774796,1.2350484865876343,0.29853378789636553,-0.20289743404551272,1.2732012406332867,1.0229566349564438,1.012667183632928,1.1522232458171509,0.08879304518447072,0.5112067862345049,-0.19701377055777325,1.0836940923152765,0.9649815744208242,0.20304434566912222,1.3224633125181413,2.17820668328205,-0.07200204841175976,2.568076069319144
TCGA-VD-A8KB,-0.9929307913331981,-1.392884530187801,-0.959784557856513,-0.829250145337205,-0.4898489975509174,-0.5633564565059156,-1.7156489945230626,-0.5596173874646218,-1.5450537181210608,-1.6940303581834717,-2.050562731503781,0.7389667420326517,0.6238085644090562,-0.7128051844809884,-0.7128728627829681,-1.0999636410244684,-0.6046461913785155,0.39833494671373293,-0.36313950111947296,0.07365897323159754,-0.6550487464883373,-0.6779887916348034,-1.5353983354771676,-1.2610545575486483,-1.3811684443710484,-1.363749940872748,-1.380082065509892,-0.3698181714079059,-1.640576258662612,0.24638122194113982,-1.2671587978757335,-0.238667750246354,0.1444480421717221,-0.10087853339141485,-0.5973980114315923,-0.9789877040884505,-1.2702686489418233,-0.8708850389162617,-0.3682276608092056,-0.8856107733541558,-0.7182933021874853,-1.051575297588555,0.7042290768874995,-0.8005440843736242,-1.6001309394468006,-0.36575813619912184,-0.4347265598942049,-1.6413145166327476,0.6148432954751776,-1.400070722995047
TCGA-YZ-A982,-3.0476353739784825,-0.17195238618221265,-1.126917032722682,-0.7927230157650937,1.5489247409192395,-0.23579534452428186,-0.7388892640139086,-0.7541763904050279,-0.8706625238468753,0.053595259583098194,-0.1607997167032407,0.16269151149988514,0.22493879172343223,-0.8422094194618027,-0.671905784153583,-0.4770870966584099,-1.2452336259470256,0.4025447750955447,-0.33710016320815234,-0.023372087118322782,0.007489128720309291,-0.6448316456858384,-1.1910159953862678,-0.4406333332472082,-0.4995538668039772,-0.24372783875993909,-0.2425715531660448,0.7528840418444128,-0.028075033210356093,0.7117281283570381,-0.8228108206553032,-0.957594601961925,0.21459327308834145,-0.02862325001085285,-0.08997274349216725,-2.5894850383424304,-1.3184564250054949,0.3234749755232165,-0.9960823681913493,-0.3513207507371194,-1.1091130341887965,-0.7195820240934399,0.4209402628824745,-0.9217494599124448,-1.506234103991527,-0.6872100761288261,-0.1515485363099844,-0.5198185049936387,0.6256652615883226,0.3562940839238179
TCGA-YZ-A984,-0.1513398818792134,-0.7567480645256817,-0.438759200916545,0.9192554065121207,1.6990640334663818,1.388000057905143,0.11234605874498911,1.7689837476227597,0.40995554071891854,0.8732791271746525,-0.4183653539779576,0.6464050900004927,-0.38679711610988937,0.8936483058881315,1.7387546239548166,1.4451611197499965,0.6897846956384435,-0.4703206470079513,0.5697669360287264,1.1110494294178563,-0.32422316189426376,1.2515977982245998,-0.32959560791683123,-0.4948509077492444,-0.3710411369884788,-0.30244375765424103,-0.4761651013036276,1.6504910544942217,0.2390453820735739,-0.8595408446232731,-0.47733309112120975,-0.8298745497503232,0.9537501092429571,1.7907211614241014,1.1054713736637438,-0.3380228989001735,-0.45092485378444075,0.4200293208371626,0.8508719750628264,0.21056402183905668,-1.3000593310771276,-0.12628306603929274,-0.1288325231550422,0.4670944130071435,-0.3678228297442599,-0.4479782115259976,0.5649970866083112,0.28914568294667586,1.5538774398400192,1.124067754458593
TCGA-VD-A8K8,0.08788278182834222,1.598427483301614,0.4255375191681093,-0.20687249847649605,-0.7284275647577706,0.3212604046864479,1.4112264329141813,0.15896108822398905,-0.5962065187033274,0.01943614455905009,1.2719143993618955,0.35919593866277977,0.8745221182167718,-0.6661726975881136,-0.029284090783881077,0.2996649263607351,0.7377679931627764,0.9909206484531203,0.8771636036431693,-0.8905099373264737,0.18766265380752528,0.6763517830903653,1.6960576764097335,1.598370310309006,1.557726003483891,1.7223150720512876,1.739232717206307,-0.678657972827177,0.10426994688883688,0.604585647707411,1.3481966694044059,1.0295053233921478,0.23415793694390455,-1.4715262178938235,0.19410750340735503,0.40580759657534965,1.3245544640109561,0.5974177629290917,0.7684951151096739,1.6576249780453192,0.9312737807459948,0.7803048496560684,-0.2657271289374304,0.2914302593568478,1.7290116110320497,1.3460990532640282,-0.06844032696990772,1.339955698066222,-0.7392777389934374,-0.45707612008206855
TCGA-YZ-A983,0.1131698656101431,-0.29114299396425986,0.40222579473148284,-0.717083677179149,-0.9063171554352354,-1.1208800247961341,0.12168314736685128,0.43030169412732455,-1.1170572506487535,-0.5282702895914504,-0.5587435631554712,0.6856655141811953,0.1174313894287333,-0.8381870349428168,0.041200523590509526,-0.5077087067466616,0.04131826319138852,0.3262632237122549,-1.0167144448601309,0.8220401790193118,1.0829084872069368,-0.6953478023981171,-0.13715801547932877,-0.6897074502941084,-0.558123149430817,-0.7133699222952927,-0.6429182583704014,-0.3981904715863357,0.06525446659281878,0.5673657783645536,-0.033158636249435165,0.7000125259660723,-0.0736097828438989,-1.173231472838149,-1.122797518978391,0.621803942739821,0.9519572511388434,-1.3369022197514595,-0.8347592908829763,0.2806256628726876,0.7032803234040426,-0.5855959602574582,0.5969398996223887,0.39675058128730917,0.6907745721054729,-0.6272124851540548,-0.4013916993820189,0.6393857133902247,-0.28728710063457547,-1.0240027875502535
TCGA-V3-A9ZY,-0.8983373562223698,-0.184146554093284,-0.9828290673841067,-1.3824753311026923,0.4398682863129231,0.34398699667890614,0.038379839406681666,-1.120702494689883,0.5824522493513712,-0.34955518614206443,-0.22936412868598807,0.6856621334992967,-1.360383941907238,-0.6821786631346272,0.1093448136974574,-0.2991578159168647,-1.3260009939440145,-1.3031845564654894,-0.8729686175768314,-0.6053839640249512,0.7756802527409087,-0.7284115726448548,-0.287167939907224,-0.13631221295601312,-0.19216050977566415,-0.3084155971576351,-0.384042403457861,-0.16476335242947762,-0.5000515827823775,-0.8894858404793246,-1.3803321394211685,-1.4246114610329603,-0.18732824318631558,0.03992670115976899,-0.38291386875460914,-0.86887229690979,1.2593439487734217,-1.2450371200921082,-1.5232370318241797,-0.5588631412085185,-0.8778706153853937,-0.27857465765582756,-0.2449172863259085,0.34737066459262667,-0.006612908746996695,-1.308636811043888,-0.5960709844710369,0.35119003225055384,0.984521185623736,-0.06575584010681022
TCGA-V4-A9EE,-0.8326517316617145,0.6425868177154243,1.9940827165576402,2.4440327909978072,0.2687812981872952,0.08635327993614064,1.568944714397691,0.6202492318377851,0.4824366291188859,1.3117650241850762,1.1005532906391808,-1.5462931602765349,1.0994541499811021,1.2039881905155387,1.6328762948531,1.8268786169466742,-0.11922000694572495,1.6810127233609178,0.9701700533448415,0.5844314772926251,-0.7808117434299152,1.4092494069434067,1.156061457236209,1.1567294273071238,0.8864141073410076,0.32415564160958255,0.5249372502715853,-0.626127065387499,1.112894004414298,1.9330402663280741,1.8006767992528214,1.1862612679472577,0.07488425903981029,0.2203895317163576,0.5923719655540444,-0.17416482480027243,0.5191523755564764,-0.3468336919148338,1.2350762845082615,0.8465005190604203,1.4173917332324417,0.5210617073360024,-0.3624577691530588,1.9511701823547605,2.1621642699843227,2.2519323661326474,1.1924436308283928,1.3046289477463946,-0.46080303515642035,-0.936473509598611
TCGA-VD-A8KA,-0.7649175654459334,-1.100340086230293,0.3863502643930508,-1.0056202203623814,-0.21726145956215398,0.21570933781806265,-0.9789287760769216,0.1485765552915187,-0.908221991823417,-0.7367221267768829,-0.952197625724222,-0.7034979617080862,0.28705491928413146,-0.887152157889425,0.6383678964766121,0.2605652156426678,-1.024328961504068,0.4342277402960139,-1.1478570204904812,0.14116900486130643,0.3671056108908095,-0.8927101792629086,-0.585411493112385,-1.1242103044027631,-0.950047098728388,-1.1438750094557237,-1.143647508809707,0.20591459115290045,-1.0738034870353694,0.971375148527621,-0.9077509907824018,-0.21377993091093078,0.1888473085329289,0.39940114678234256,0.07681879039237548,-1.442638526872898,-1.4350476148120266,-0.9575721144826151,-0.532754501051631,-0.7203219809237158,-0.06805493116083897,-0.6547133415547067,0.4472038634740377,-0.43447151127661926,-1.0086960308584556,-0.6198318347456371,0.205311263617202,-1.065987212854118,0.8786633757588077,-1.1316382507934797
TCGA-V4-A9F2,-0.7321873224852546,0.5230020732798727,-0.6049080737263772,0.8734774474588095,0.8462579266006063,0.4157398040326748,0.3631845383089132,1.4807055624719252,1.999988166573664,0.7734510252658664,0.582809222243784,-0.32379920016051383,-1.877705793059163,0.8069179309819718,-0.07589588497609592,-0.4531757734155693,-0.1605313044682337,-2.3394981595660784,-0.9864936099675714,0.4341085316724188,-0.5681662392117446,-0.1583293817820057,0.34488321023241025,0.14804724266054728,0.33823033180297635,1.1570214178101137,0.9315543009133023,0.5616645691357852,0.9459873103518399,-1.5085952465150778,-0.7454356679110711,-1.142736411160132,-0.523461055851835,1.1526375415914687,0.46493784396782195,-1.2096565989857229,0.08965385742522125,0.06098824303879382,-0.8118687068270324,-0.9061358748696968,-0.7181419801896292,0.38496014578946036,-0.5776779671716091,0.27561060910501056,-0.2031545344465653,-1.0735132473040327,0.37347400981269174,-0.9128903213279181,1.0693189094247413,1.2406764555634742
TCGA-V4-A9EF,0.5675702364175426,-0.17043775801088093,-0.02971453474890345,0.2481720724423095,0.10142741111135094,0.5711081156976945,-0.1481404033341735,0.16170305889103895,-0.4705712696695124,0.1608619677996187,-0.4149432402624526,1.3704363186829132,0.8338884496259442,-0.2415309756738462,-0.19871458656508842,-0.233454286561961,-0.3009389763081235,0.7424778243209819,0.8136163511995687,-0.10329077799042163,0.08374483325876365,-0.15430414855429445,-0.07194665336185359,-0.0434601773514295,-0.09867798879737122,-0.7601625398400773,-0.6208448021400467,-0.09808515957638222,-0.7259675972531173,0.023719620825633107,0.11403624884433665,0.597397574925801,0.9097870650966727,-0.29498088439308007,0.7387178010517854,0.3370908144024193,0.7775140785163897,-0.4136663518383043,0.385746150092473,0.19731621970678814,-0.39748205852831303,0.7120788889274109,0.7008996287922731,-0.815328267912283,-0.24445910724336767,0.0795306660980648,-0.3255358532217924,-0.25504039395416145,1.2824220507168989,-0.20897937618175735
TCGA-V4-A9E7,0.15684364284947105,-1.1201475619603165,-0.439742518653408,-0.8130761420177872,-0.3345984645703949,-0.10363716700342884,-1.2915771836183725,-0.7594518058879266,0.14904337488889696,-1.422381044394705,-1.2548341559272844,0.8255788429611352,1.4562920255561282,-1.1598419830697568,-0.3217563363568566,-0.0381632934967163,0.20790899826999998,1.2315771583341009,0.845348226123091,0.3373135747908302,-1.4771206255443747,-0.33726706406732,-1.0151586169714768,-0.7715761867181163,-1.4046400935980994,-1.2967974442421353,-1.189336448864339,0.040430450931256225,-1.5481753097502233,0.6399152829295007,0.6614893406713654,0.6671633235781604,1.3758410403332553,-0.7740606638556012,0.5954522206899013,1.251797153092712,-1.2377535805822593,1.0237937052596604,-0.10847804674684289,0.14840453074852303,-0.44294544410653314,0.7701684545384105,0.31689951255716803,-1.2929337454727763,-1.1197764734114006,0.535852632567409,-1.148679682643309,0.34996272482491375,1.441918021574517,-0.9494345309202177
TCGA-VD-A8K7,-0.6623045573138555,-0.9659740991785959,1.0573255654942177,-1.4588871105837806,-2.0530734530620993,-1.5581969973280902,-1.6276125518278122,0.558216615402359,-0.2889906178106411,-2.1535994739679416,-1.3594103503816124,-1.4162126319742407,-0.7636852117246321,-1.84055516910771,-1.8628847150106247,-2.2128833826730574,-1.133365920855328,-0.7628824448089008,-0.5705958989948894,-0.7112998617767217,0.18139201078382616,1.1861765038184977,-0.981160223559547,-1.348495123184724,-0.9520900108128837,-1.1080500481575215,-1.0649851976007016,-2.4551171285674416,-0.4797548104034227,0.43246000220346864,0.3522780833838783,0.39933094216747567,-0.6344983682057972,-1.4426144224327633,-1.76326787553642,-0.5318987051808132,-0.6495019112303255,-1.045460990509813,-0.921212810972545,0.24135388077068637,1.1509829573158596,-1.7425814859110185,-0.06906560738245969,-0.2995308984100641,0.33642832773993914,0.17391406061518835,0.45808196675787183,-1.7029682828724892,-1.2251226846287184,-1.7873953414378454
TCGA-VD-AA8R,1.0647144863570575,-1.0616325055695925,1.4571878531393423,-1.7476876790111768,-1.0716195783866207,-0.5224541482256134,-1.4706008319381634,1.983368441091342,-0.5059364985339921,-1.662272555835,-1.0817674670442872,-1.2308260270120603,-1.8092274495468266,-1.8385612160584863,-0.11941433254789047,-0.981212954203994,1.8515430491763096,-1.5052502922574693,-1.2993704446327956,-2.1089418788845244,2.3042731692773732,-1.432069255138572,-1.0152342641652041,-0.592140768901152,-1.075912884197649,-0.6790807524233562,-0.8350350419735157,-0.8485051388724095,-0.7658748282050593,-0.26359201860703524,-0.7372929874935081,-0.3329113714382243,-1.2587165596223422,-1.45093424017737,-0.4520399615193731,0.9709825407141902,-1.4630210351537687,0.2878538863518555,1.0928278047955227,-0.04051611514572772,1.3441446555400072,-1.1017889988246334,0.5008968474650837,0.4339371533450839,-0.9363888380637274,-0.9553690590417881,0.4912893200484088,-1.1932474350010445,-0.7435723300996973,0.17633514709484344
TCGA-VD-AA8S,-0.5876798598556284,-0.5043769323026448,-1.388699197500072,0.2763171955714999,0.9553444868050636,2.00482629402025,-0.47259686477054075,0.9552241674446786,-0.35068833295376356,0.0722252161527967,-0.6303251539749697,-0.16631874752904988,-0.5763897428766372,1.2057926948171944,0.38571102933693857,0.010198176571004993,-1.3274403803895403,-0.5345880567702731,0.12110903755322225,0.8251332442150091,-0.10986115483461516,-0.28677319654947664,-0.06542194454811362,-0.4540172321085144,-0.16284667635122774,-0.716722606082561,-0.6546557794826583,1.073106472007689,0.1653763705472889,-1.141721719987219,-1.5462674110621681,-1.3789390136947266,-0.00972075683122861,0.9330041300177009,0.3402113491348291,-1.2688330235882666,-0.33717886309433487,-0.78080684233468,-0.9810186681398757,-0.9347243795081223,-1.3206862477444332,-0.15631454493101496,-0.3449230640151071,0.18709600866858755,-0.2781796342974419,-1.5551723929194996,0.38655989271620506,-0.5152505429642805,1.4647581527648994,0.6593230467050889
