# source: TCGA-CDR.xlsx (Liu et al., Cell 2018), rows where type == SKCM
# extracted: 2026-09-11 11:25 by extract_cdr.py
bcr_patient_barcode,OS,OS.time,PFI,PFI.time,DSS,DSS.time,DFI,DFI.time
TCGA-3N-A9WB,1.0,518.0,1.0,426.0,1.0,518.0,,
TCGA-3N-A9WC,0.0,2022.0,1.0,1705.0,0.0,2022.0,,
TCGA-3N-A9WD,1.0,395.0,1.0,306.0,1.0,395.0,,
TCGA-BF-A1PU,0.0,387.0,1.0,484.0,0.0,387.0,,
TCGA-BF-A1PV,0.0,14.0,0.0,14.0,0.0,14.0,,
TCGA-BF-A1PX,1.0,282.0,0.0,282.0,0.0,282.0,,
TCGA-BF-A1PZ,0.0,853.0,0.0,853.0,0.0,853.0,,
TCGA-BF-A1Q0,0.0,831.0,0.0,831.0,0.0,831.0,,
TCGA-BF-A3DJ,0.0,464.0,1.0,217.0,0.0,464.0,,
TCGA-BF-A3DL,0.0,769.0,0.0,769.0,0.0,769.0,,
TCGA-BF-A3DM,0.0,601.0,0.0,601.0,0.0,601.0,,
TCGA-BF-A3DN,0.0,717.0,0.0,717.0,0.0,717.0,,
TCGA-BF-A5EO,0.0,703.0,0.0,703.0,0.0,703.0,,
TCGA-BF-A5EP,0.0,335.0,0.0,335.0,0.0,335.0,,
TCGA-BF-A5EQ,0.0,323.0,0.0,323.0,0.0,323.0,,
TCGA-BF-A5ER,0.0,327.0,0.0,327.0,0.0,327.0,,
TCGA-BF-A5ES,0.0,490.0,0.0,490.0,0.0,490.0,,
TCGA-BF-A9VF,0.0,440.0,0.0,440.0,0.0,440.0,,
TCGA-BF-AAOU,0.0,476.0,0.0,476.0,0.0,476.0,,
TCGA-BF-AAOX,0.0,444.0,0.0,444.0,0.0,444.0,,
TCGA-BF-AAP0,0.0,454.0,0.0,454.0,0.0,454.0,,
TCGA-BF-AAP1,0.0,409.0,0.0,409.0,0.0,409.0,,
TCGA-BF-AAP2,0.0,405.0,0.0,405.0,0.0,405.0,,
TCGA-BF-AAP4,0.0,335.0,0.0,335.0,0.0,335.0,,
TCGA-BF-AAP6,0.0,325.0,0.0,325.0,0.0,325.0,,
TCGA-BF-AAP7,0.0,318.0,0.0,318.0,0.0,318.0,,
TCGA-BF-AAP8,0.0,447.0,0.0,447.0,0.0,447.0,,
TCGA-D3-A1Q1,1.0,504.0,1.0,58.0,1.0,504.0,,
TCGA-D3-A1Q3,1.0,507.0,1.0,507.0,1.0,507.0,,
TCGA-D3-A1Q4,0.0,3408.0,0.0,3408.0,0.0,3408.0,,
TCGA-D3-A1Q5,1.0,3424.0,1.0,2452.0,,3424.0,,
TCGA-D3-A1Q6,1.0,2184.0,1.0,48.0,0.0,2184.0,,
TCGA-D3-A1Q7,0.0,4053.0,1.0,921.0,0.0,4053.0,,
TCGA-D3-A1Q8,1.0,854.0,1.0,147.0,1.0,854.0,,
TCGA-D3-A1Q9,1.0,961.0,1.0,44.0,1.0,961.0,,
TCGA-D3-A1QA,0.0,2765.0,1.0,1393.0,0.0,2765.0,,
TCGA-D3-A1QB,0.0,2912.0,1.0,0.0,0.0,2912.0,,
TCGA-D3-A2J6,1.0,1321.0,1.0,448.0,1.0,1321.0,,
TCGA-D3-A2J7,1.0,3136.0,1.0,13.0,1.0,3136.0,,
TCGA-D3-A2J8,1.0,1992.0,1.0,1737.0,1.0,1992.0,,
TCGA-D3-A2J9,1.0,723.0,1.0,231.0,1.0,723.0,,
TCGA-D3-A2JA,0.0,3514.0,1.0,40.0,0.0,3514.0,,
TCGA-D3-A2JB,,,,,,,,
TCGA-D3-A2JC,0.0,2639.0,0.0,2639.0,0.0,2639.0,,
TCGA-D3-A2JD,1.0,361.0,1.0,85.0,1.0,361.0,,
TCGA-D3-A2JE,1.0,841.0,1.0,149.0,1.0,841.0,,
TCGA-D3-A2JF,0.0,1888.0,1.0,25.0,0.0,1888.0,,
TCGA-D3-A2JG,1.0,3453.0,1.0,3279.0,1.0,3453.0,,
TCGA-D3-A2JH,0.0,1280.0,1.0,569.0,0.0,1280.0,,
TCGA-D3-A2JK,1.0,368.0,1.0,261.0,1.0,368.0,,
TCGA-D3-A2JL,0.0,5219.0,1.0,2638.0,0.0,5219.0,,
TCGA-D3-A2JN,1.0,2022.0,0.0,2022.0,0.0,2022.0,,
TCGA-D3-A2JO,0.0,2010.0,1.0,50.0,0.0,2010.0,,
TCGA-D3-A2JP,0.0,1812.0,1.0,227.0,0.0,1812.0,,
TCGA-D3-A3BZ,0.0,3976.0,1.0,2340.0,0.0,3976.0,,
TCGA-D3-A3C1,0.0,,0.0,,0.0,,,
TCGA-D3-A3C3,0.0,,0.0,,0.0,,,
TCGA-D3-A3C6,1.0,1766.0,1.0,1441.0,1.0,1766.0,,
TCGA-D3-A3C7,0.0,1429.0,0.0,1429.0,0.0,1429.0,,
TCGA-D3-A3C8,0.0,1409.0,1.0,55.0,0.0,1409.0,,
TCGA-D3-A3CB,0.0,5065.0,0.0,5065.0,0.0,5065.0,,
TCGA-D3-A3CC,0.0,2644.0,1.0,96.0,0.0,2644.0,,
TCGA-D3-A3CE,1.0,1832.0,1.0,0.0,1.0,1832.0,,
TCGA-D3-A3CF,1.0,746.0,1.0,129.0,1.0,746.0,,
TCGA-D3-A3ML,1.0,422.0,1.0,32.0,1.0,422.0,,
TCGA-D3-A3MO,1.0,284.0,1.0,47.0,1.0,284.0,,
TCGA-D3-A3MR,0.0,3151.0,1.0,3108.0,0.0,3151.0,,
TCGA-D3-A3MU,0.0,1209.0,1.0,750.0,0.0,1209.0,,
TCGA-D3-A3MV,0.0,1378.0,1.0,16.0,0.0,1378.0,,
TCGA-D3-A51E,0.0,5318.0,0.0,5318.0,0.0,5318.0,,
TCGA-D3-A51F,0.0,1695.0,0.0,1695.0,0.0,1695.0,,
TCGA-D3-A51G,,,,,,,,
TCGA-D3-A51H,0.0,1714.0,1.0,838.0,0.0,1714.0,,
TCGA-D3-A51J,0.0,4414.0,1.0,2008.0,0.0,4414.0,,
TCGA-D3-A51K,0.0,1002.0,0.0,1002.0,0.0,1002.0,,
TCGA-D3-A51N,0.0,688.0,1.0,18.0,0.0,688.0,,
TCGA-D3-A51R,0.0,1941.0,1.0,1016.0,0.0,1941.0,,
TCGA-D3-A51T,0.0,818.0,1.0,210.0,0.0,818.0,,
TCGA-D3-A5GL,0.0,3826.0,1.0,1092.0,0.0,3826.0,,
TCGA-D3-A5GN,0.0,4129.0,1.0,1279.0,0.0,4129.0,,
TCGA-D3-A5GO,0.0,4195.0,1.0,757.0,0.0,4195.0,,
TCGA-D3-A5GR,0.0,5424.0,1.0,0.0,0.0,5424.0,,
TCGA-D3-A5GS,0.0,553.0,1.0,44.0,0.0,553.0,,
TCGA-D3-A5GT,0.0,487.0,1.0,291.0,0.0,487.0,,
TCGA-D3-A5GU,0.0,3808.0,1.0,3074.0,0.0,3808.0,,
TCGA-D3-A8GB,1.0,938.0,1.0,347.0,1.0,938.0,,
TCGA-D3-A8GC,1.0,2421.0,1.0,1859.0,1.0,2421.0,,
TCGA-D3-A8GD,0.0,718.0,1.0,147.0,0.0,718.0,,
TCGA-D3-A8GE,0.0,804.0,1.0,59.0,0.0,804.0,,
TCGA-D3-A8GI,1.0,1780.0,1.0,50.0,1.0,1780.0,,
TCGA-D3-A8GJ,0.0,7342.0,1.0,1443.0,0.0,7342.0,,
TCGA-D3-A8GK,0.0,5177.0,1.0,1555.0,0.0,5177.0,,
TCGA-D3-A8GL,1.0,2711.0,1.0,1333.0,1.0,2711.0,,
TCGA-D3-A8GM,1.0,3259.0,0.0,3259.0,0.0,3259.0,,
TCGA-D3-A8GN,0.0,4897.0,1.0,787.0,0.0,4897.0,,
TCGA-D3-A8GO,1.0,,1.0,,1.0,,,
TCGA-D3-A8GP,0.0,4646.0,1.0,535.0,0.0,4646.0,,
TCGA-D3-A8GQ,1.0,884.0,1.0,578.0,1.0,884.0,,
TCGA-D3-A8GR,,,,,,,,
TCGA-D3-A8GS,1.0,3564.0,1.0,2641.0,1.0,3564.0,,
TCGA-D3-A8GV,1.0,5101.0,1.0,3896.0,1.0,5101.0,,
TCGA-D9-A148,0.0,4609.0,1.0,4287.0,0.0,4609.0,,
TCGA-D9-A149,0.0,1663.0,1.0,1290.0,0.0,1663.0,,
TCGA-D9-A1JW,0.0,111.0,1.0,10.0,0.0,111.0,,
TCGA-D9-A1JX,1.0,216.0,1.0,195.0,1.0,216.0,,
TCGA-D9-A1X3,0.0,551.0,0.0,551.0,0.0,551.0,,
TCGA-D9-A3Z1,1.0,468.0,1.0,335.0,1.0,468.0,,
TCGA-D9-A3Z3,0.0,678.0,0.0,678.0,0.0,678.0,,
TCGA-D9-A3Z4,1.0,519.0,1.0,192.0,1.0,519.0,,
TCGA-D9-A4Z2,1.0,190.0,1.0,80.0,1.0,190.0,,
TCGA-D9-A4Z3,0.0,505.0,1.0,100.0,0.0,505.0,,
TCGA-D9-A4Z5,0.0,218.0,0.0,218.0,0.0,218.0,,
TCGA-D9-A4Z6,1.0,561.0,1.0,213.0,1.0,561.0,,
TCGA-D9-A6E9,0.0,301.0,0.0,301.0,0.0,301.0,,
TCGA-D9-A6EA,0.0,766.0,0.0,766.0,0.0,766.0,,
TCGA-D9-A6EC,0.0,2359.0,0.0,2359.0,0.0,2359.0,,
TCGA-D9-A6EG,1.0,698.0,1.0,398.0,,698.0,,
TCGA-DA-A1HV,0.0,2329.0,1.0,866.0,0.0,2329.0,,
TCGA-DA-A1HW,0.0,820.0,1.0,852.0,0.0,820.0,,
TCGA-DA-A1HY,0.0,4407.0,0.0,4407.0,0.0,4407.0,,
TCGA-DA-A1I0,1.0,620.0,1.0,599.0,1.0,620.0,,
TCGA-DA-A1I1,0.0,6768.0,1.0,5591.0,0.0,6768.0,,
TCGA-DA-A1I2,1.0,5370.0,1.0,4679.0,1.0,5370.0,,
TCGA-DA-A1I4,1.0,1093.0,1.0,889.0,1.0,1093.0,,
TCGA-DA-A1I5,0.0,4107.0,0.0,4107.0,0.0,4107.0,,
TCGA-DA-A1I7,0.0,2703.0,1.0,755.0,0.0,2703.0,,
TCGA-DA-A1I8,1.0,1640.0,1.0,961.0,1.0,1640.0,,
TCGA-DA-A1IA,1.0,2005.0,1.0,2005.0,1.0,2005.0,,
TCGA-DA-A1IB,0.0,825.0,1.0,243.0,0.0,825.0,,
TCGA-DA-A1IC,1.0,2071.0,1.0,1930.0,1.0,2071.0,,
TCGA-DA-A3F2,1.0,1032.0,1.0,430.0,1.0,1032.0,,
TCGA-DA-A3F3,1.0,319.0,1.0,319.0,1.0,319.0,,
TCGA-DA-A3F5,1.0,6873.0,1.0,6841.0,1.0,6873.0,,
TCGA-DA-A3F8,0.0,1319.0,0.0,1319.0,0.0,1319.0,,
TCGA-DA-A95V,0.0,2193.0,0.0,2193.0,0.0,2193.0,,
TCGA-DA-A95W,0.0,1136.0,0.0,1136.0,0.0,1136.0,,
TCGA-DA-A95X,0.0,2249.0,0.0,2249.0,0.0,2249.0,,
TCGA-DA-A95Y,1.0,430.0,1.0,338.0,1.0,430.0,,
TCGA-DA-A95Z,0.0,396.0,0.0,396.0,0.0,396.0,,
TCGA-DA-A960,0.0,804.0,0.0,804.0,0.0,804.0,,
TCGA-EB-A1NK,0.0,1039.0,0.0,1039.0,0.0,1039.0,,
TCGA-EB-A24C,0.0,632.0,1.0,465.0,0.0,632.0,,
TCGA-EB-A24D,0.0,645.0,1.0,500.0,0.0,645.0,,
TCGA-EB-A299,0.0,378.0,0.0,378.0,0.0,378.0,,
TCGA-EB-A3HV,0.0,39.0,0.0,39.0,0.0,39.0,,
TCGA-EB-A3XB,0.0,796.0,0.0,796.0,0.0,796.0,,
TCGA-EB-A3XC,0.0,650.0,1.0,74.0,0.0,650.0,,
TCGA-EB-A3XD,0.0,1160.0,0.0,1160.0,0.0,1160.0,,
TCGA-EB-A3XE,0.0,180.0,0.0,180.0,0.0,180.0,,
TCGA-EB-A3XF,0.0,278.0,0.0,278.0,0.0,278.0,,
TCGA-EB-A3Y6,0.0,126.0,0.0,126.0,0.0,126.0,,
TCGA-EB-A3Y7,1.0,326.0,0.0,326.0,0.0,326.0,,
TCGA-EB-A41A,0.0,262.0,0.0,262.0,0.0,262.0,,
TCGA-EB-A41B,0.0,291.0,0.0,291.0,0.0,291.0,,
TCGA-EB-A42Y,1.0,721.0,1.0,721.0,1.0,721.0,,
TCGA-EB-A42Z,0.0,441.0,0.0,441.0,0.0,441.0,,
TCGA-EB-A430,0.0,0.0,0.0,0.0,0.0,0.0,,
TCGA-EB-A431,0.0,568.0,0.0,568.0,0.0,568.0,,
TCGA-EB-A44N,1.0,205.0,1.0,115.0,1.0,205.0,,
TCGA-EB-A44O,0.0,81.0,1.0,60.0,0.0,81.0,,
TCGA-EB-A44P,0.0,741.0,0.0,741.0,0.0,741.0,,
TCGA-EB-A44Q,0.0,422.0,0.0,422.0,0.0,422.0,,
TCGA-EB-A44R,1.0,315.0,0.0,315.0,0.0,315.0,,
TCGA-EB-A4IQ,1.0,636.0,1.0,337.0,0.0,636.0,,
TCGA-EB-A4IS,0.0,774.0,0.0,774.0,0.0,774.0,,
TCGA-EB-A4OY,0.0,977.0,0.0,977.0,0.0,977.0,,
TCGA-EB-A4OZ,0.0,620.0,0.0,620.0,0.0,620.0,,
TCGA-EB-A4P0,1.0,326.0,0.0,326.0,0.0,326.0,,
TCGA-EB-A4XL,0.0,777.0,0.0,777.0,0.0,777.0,,
TCGA-EB-A51B,0.0,931.0,0.0,931.0,0.0,931.0,,
TCGA-EB-A550,1.0,264.0,0.0,264.0,0.0,264.0,,
TCGA-EB-A551,0.0,590.0,0.0,590.0,0.0,590.0,,
TCGA-EB-A553,0.0,226.0,0.0,226.0,0.0,226.0,,
TCGA-EB-A57M,1.0,472.0,0.0,472.0,0.0,472.0,,
TCGA-EB-A5FP,1.0,454.0,1.0,24.0,1.0,454.0,,
TCGA-EB-A5KH,1.0,619.0,0.0,619.0,0.0,619.0,,
TCGA-EB-A5SE,1.0,401.0,1.0,367.0,1.0,401.0,,
TCGA-EB-A5SF,1.0,369.0,0.0,369.0,0.0,369.0,,
TCGA-EB-A5SG,0.0,2076.0,1.0,1372.0,0.0,2076.0,,
TCGA-EB-A5SH,0.0,1643.0,1.0,1065.0,0.0,1643.0,,
TCGA-EB-A5UL,0.0,891.0,0.0,891.0,0.0,891.0,,
TCGA-EB-A5UM,0.0,779.0,0.0,779.0,0.0,779.0,,
TCGA-EB-A5UN,0.0,1792.0,1.0,1689.0,0.0,1792.0,,
TCGA-EB-A5VU,1.0,321.0,1.0,217.0,1.0,321.0,,
TCGA-EB-A5VV,0.0,214.0,0.0,214.0,0.0,214.0,,
TCGA-EB-A6L9,0.0,1109.0,0.0,1109.0,0.0,1109.0,,
TCGA-EB-A6QY,0.0,382.0,1.0,36.0,0.0,382.0,,
TCGA-EB-A6QZ,1.0,352.0,1.0,129.0,1.0,352.0,,
TCGA-EB-A6R0,1.0,608.0,0.0,608.0,0.0,608.0,,
TCGA-EB-A82B,0.0,390.0,0.0,390.0,0.0,390.0,,
TCGA-EB-A82C,0.0,17.0,0.0,17.0,0.0,17.0,,
TCGA-EB-A85I,0.0,362.0,0.0,362.0,0.0,362.0,,
TCGA-EB-A85J,0.0,360.0,1.0,138.0,0.0,360.0,,
TCGA-EB-A97M,0.0,414.0,0.0,414.0,0.0,414.0,,
TCGA-EE-A17X,1.0,907.0,1.0,531.0,1.0,907.0,,
TCGA-EE-A17Y,1.0,828.0,1.0,317.0,1.0,828.0,,
TCGA-EE-A17Z,1.0,263.0,1.0,138.0,1.0,263.0,,
TCGA-EE-A180,1.0,2889.0,1.0,850.0,1.0,2889.0,,
TCGA-EE-A181,1.0,1026.0,1.0,788.0,0.0,1026.0,,
TCGA-EE-A182,1.0,447.0,1.0,270.0,1.0,447.0,,
TCGA-EE-A183,,,,,,,,
TCGA-EE-A184,1.0,2073.0,1.0,1309.0,,2073.0,,
TCGA-EE-A185,1.0,151.0,1.0,85.0,1.0,151.0,,
TCGA-EE-A20B,0.0,4070.0,0.0,4070.0,0.0,4070.0,,
TCGA-EE-A20C,,,,,,,,
TCGA-EE-A20F,0.0,2785.0,0.0,2785.0,0.0,2785.0,,
TCGA-EE-A20H,1.0,5118.0,1.0,4667.0,1.0,5118.0,,
TCGA-EE-A20I,1.0,412.0,1.0,53.0,1.0,412.0,,
TCGA-EE-A29A,1.0,1927.0,1.0,867.0,1.0,1927.0,,
TCGA-EE-A29B,1.0,2588.0,1.0,490.0,1.0,2588.0,,
TCGA-EE-A29C,1.0,2402.0,1.0,204.0,1.0,2402.0,,
TCGA-EE-A29D,1.0,425.0,0.0,425.0,,425.0,,
TCGA-EE-A29E,0.0,1940.0,0.0,1940.0,0.0,1940.0,,
TCGA-EE-A29G,1.0,2192.0,1.0,726.0,1.0,2192.0,,
TCGA-EE-A29H,0.0,1966.0,1.0,1231.0,0.0,1966.0,,
TCGA-EE-A29L,1.0,79.0,1.0,55.0,,79.0,,
TCGA-EE-A29M,0.0,1729.0,0.0,1729.0,0.0,1729.0,,
TCGA-EE-A29N,1.0,566.0,1.0,478.0,1.0,566.0,,
TCGA-EE-A29P,0.0,1716.0,1.0,1668.0,0.0,1716.0,,
TCGA-EE-A29Q,1.0,2030.0,1.0,1256.0,1.0,2030.0,,
TCGA-EE-A29R,0.0,440.0,1.0,426.0,0.0,440.0,,
TCGA-EE-A29S,1.0,1864.0,1.0,1418.0,1.0,1864.0,,
TCGA-EE-A29T,0.0,11252.0,1.0,7483.0,0.0,11252.0,,
TCGA-EE-A29V,1.0,787.0,1.0,96.0,1.0,787.0,,
TCGA-EE-A29W,,,,,,,,
TCGA-EE-A29X,1.0,545.0,1.0,391.0,1.0,545.0,,
TCGA-EE-A2A0,1.0,1424.0,1.0,1247.0,1.0,1424.0,,
TCGA-EE-A2A1,0.0,3527.0,1.0,3488.0,0.0,3527.0,,
TCGA-EE-A2A2,0.0,1814.0,0.0,1814.0,0.0,1814.0,,
TCGA-EE-A2A5,1.0,1195.0,1.0,1028.0,1.0,1195.0,,
TCGA-EE-A2A6,0.0,2620.0,1.0,1505.0,0.0,2620.0,,
TCGA-EE-A2GB,0.0,1803.0,0.0,1803.0,0.0,1803.0,,
TCGA-EE-A2GC,0.0,2051.0,0.0,2051.0,0.0,2051.0,,
TCGA-EE-A2GD,1.0,10346.0,1.0,3689.0,1.0,10346.0,,
TCGA-EE-A2GE,0.0,5286.0,1.0,5276.0,0.0,5286.0,,
TCGA-EE-A2GH,0.0,6699.0,0.0,6699.0,0.0,6699.0,,
TCGA-EE-A2GI,0.0,1482.0,0.0,1482.0,0.0,1482.0,,
TCGA-EE-A2GJ,1.0,3266.0,1.0,733.0,1.0,3266.0,,
TCGA-EE-A2GK,0.0,1665.0,1.0,1498.0,0.0,1665.0,,
TCGA-EE-A2GL,0.0,2423.0,1.0,2329.0,0.0,2423.0,,
TCGA-EE-A2GM,0.0,2296.0,1.0,1218.0,0.0,2296.0,,
TCGA-EE-A2GN,1.0,3106.0,1.0,2422.0,1.0,3106.0,,
TCGA-EE-A2GO,0.0,3857.0,1.0,2216.0,0.0,3857.0,,
TCGA-EE-A2GP,1.0,423.0,1.0,251.0,1.0,423.0,,
TCGA-EE-A2GR,1.0,1301.0,1.0,1301.0,1.0,1301.0,,
TCGA-EE-A2GS,1.0,2470.0,1.0,1565.0,1.0,2470.0,,
TCGA-EE-A2GT,0.0,1365.0,1.0,281.0,0.0,1365.0,,
TCGA-EE-A2GU,0.0,2884.0,0.0,2884.0,0.0,2884.0,,
TCGA-EE-A2M5,1.0,659.0,1.0,537.0,1.0,659.0,,
TCGA-EE-A2M6,0.0,3932.0,0.0,3932.0,0.0,3932.0,,
TCGA-EE-A2M7,1.0,877.0,1.0,799.0,1.0,877.0,,
TCGA-EE-A2M8,1.0,601.0,1.0,498.0,1.0,601.0,,
TCGA-EE-A2MC,1.0,1871.0,1.0,896.0,0.0,1871.0,,
TCGA-EE-A2MD,1.0,1438.0,1.0,1344.0,1.0,1438.0,,
TCGA-EE-A2ME,1.0,3141.0,1.0,2703.0,1.0,3141.0,,
TCGA-EE-A2MF,1.0,8174.0,1.0,8071.0,1.0,8174.0,,
TCGA-EE-A2MG,1.0,3139.0,1.0,2585.0,1.0,3139.0,,
TCGA-EE-A2MH,1.0,516.0,1.0,440.0,1.0,516.0,,
TCGA-EE-A2MI,1.0,6225.0,1.0,2673.0,1.0,6225.0,,
TCGA-EE-A2MJ,1.0,2927.0,1.0,396.0,0.0,2927.0,,
TCGA-EE-A2MK,0.0,5487.0,0.0,5487.0,0.0,5487.0,,
TCGA-EE-A2ML,1.0,6590.0,1.0,4983.0,1.0,6590.0,,
TCGA-EE-A2MM,1.0,5107.0,1.0,1357.0,1.0,5107.0,,
TCGA-EE-A2MN,1.0,1446.0,1.0,969.0,1.0,1446.0,,
TCGA-EE-A2MP,0.0,7563.0,1.0,365.0,0.0,7563.0,,
TCGA-EE-A2MQ,1.0,1315.0,1.0,986.0,1.0,1315.0,,
TCGA-EE-A2MR,0.0,4088.0,1.0,3136.0,0.0,4088.0,,
TCGA-EE-A2MS,0.0,4942.0,1.0,1883.0,0.0,4942.0,,
TCGA-EE-A2MT,0.0,2166.0,0.0,2166.0,0.0,2166.0,,
TCGA-EE-A2MU,0.0,1620.0,0.0,1620.0,0.0,1620.0,,
TCGA-EE-A3AA,0.0,3781.0,0.0,3781.0,0.0,3781.0,,
TCGA-EE-A3AB,0.0,3733.0,0.0,3733.0,0.0,3733.0,,
TCGA-EE-A3AC,0.0,1948.0,0.0,1948.0,0.0,1948.0,,
TCGA-EE-A3AD,1.0,875.0,1.0,554.0,1.0,875.0,,
TCGA-EE-A3AE,0.0,1658.0,0.0,1658.0,0.0,1658.0,,
TCGA-EE-A3AF,1.0,420.0,1.0,201.0,1.0,420.0,,
TCGA-EE-A3AG,1.0,1265.0,1.0,229.0,1.0,1265.0,,
TCGA-EE-A3AH,1.0,4222.0,1.0,1981.0,1.0,4222.0,,
TCGA-EE-A3J3,1.0,5237.0,1.0,4523.0,1.0,5237.0,,
TCGA-EE-A3J4,1.0,3869.0,1.0,1429.0,1.0,3869.0,,
TCGA-EE-A3J5,1.0,1124.0,1.0,467.0,1.0,1124.0,,
TCGA-EE-A3J7,0.0,1949.0,1.0,1270.0,0.0,1949.0,,
TCGA-EE-A3J8,1.0,1044.0,1.0,1035.0,0.0,1044.0,,
TCGA-EE-A3JA,1.0,1618.0,1.0,539.0,1.0,1618.0,,
TCGA-EE-A3JB,0.0,6138.0,1.0,1434.0,0.0,6138.0,,
TCGA-EE-A3JD,1.0,832.0,1.0,364.0,1.0,832.0,,
TCGA-EE-A3JE,0.0,1562.0,1.0,194.0,0.0,1562.0,,
TCGA-EE-A3JH,0.0,4086.0,1.0,537.0,0.0,4086.0,,
TCGA-EE-A3JI,1.0,4648.0,1.0,725.0,1.0,4648.0,,
TCGA-ER-A193,1.0,955.0,1.0,806.0,1.0,955.0,,
TCGA-ER-A194,1.0,1354.0,1.0,1354.0,1.0,1354.0,,
TCGA-ER-A195,1.0,1078.0,1.0,1078.0,1.0,1078.0,,
TCGA-ER-A196,0.0,1785.0,0.0,1785.0,0.0,1785.0,,
TCGA-ER-A197,1.0,424.0,1.0,110.0,1.0,424.0,,
TCGA-ER-A198,1.0,1544.0,1.0,0.0,1.0,1544.0,,
TCGA-ER-A199,1.0,279.0,1.0,119.0,1.0,279.0,,
TCGA-ER-A19A,0.0,2365.0,1.0,1617.0,0.0,2365.0,,
TCGA-ER-A19B,1.0,2993.0,1.0,829.0,1.0,2993.0,,
TCGA-ER-A19C,1.0,1487.0,1.0,1487.0,1.0,1487.0,,
TCGA-ER-A19D,1.0,383.0,1.0,357.0,1.0,383.0,,
TCGA-ER-A19E,1.0,396.0,1.0,64.0,1.0,396.0,,
TCGA-ER-A19F,1.0,802.0,0.0,802.0,0.0,802.0,,
TCGA-ER-A19G,0.0,9188.0,0.0,9188.0,0.0,9188.0,,
TCGA-ER-A19H,1.0,4634.0,0.0,4634.0,0.0,4634.0,,
TCGA-ER-A19J,1.0,196.0,1.0,98.0,1.0,196.0,,
TCGA-ER-A19K,1.0,469.0,1.0,211.0,1.0,469.0,,
TCGA-ER-A19L,1.0,4000.0,1.0,3689.0,1.0,4000.0,,
TCGA-ER-A19M,1.0,1857.0,1.0,1152.0,1.0,1857.0,,
TCGA-ER-A19N,1.0,1341.0,1.0,0.0,0.0,1341.0,,
TCGA-ER-A19O,1.0,,1.0,308.0,1.0,,,
TCGA-ER-A19P,1.0,4930.0,1.0,4352.0,1.0,4930.0,,
TCGA-ER-A19Q,1.0,1548.0,1.0,1259.0,1.0,1548.0,,
TCGA-ER-A19S,0.0,1505.0,0.0,1505.0,0.0,1505.0,,
TCGA-ER-A19T,1.0,270.0,1.0,118.0,1.0,270.0,,
TCGA-ER-A19W,1.0,4507.0,1.0,4126.0,1.0,4507.0,,
TCGA-ER-A1A1,0.0,3196.0,1.0,1971.0,0.0,3196.0,,
TCGA-ER-A2NB,1.0,857.0,1.0,461.0,1.0,857.0,,
TCGA-ER-A2NC,1.0,1333.0,1.0,1157.0,1.0,1333.0,,
TCGA-ER-A2ND,1.0,710.0,1.0,710.0,1.0,710.0,,
TCGA-ER-A2NE,,,,,,,,
TCGA-ER-A2NF,1.0,877.0,1.0,230.0,1.0,877.0,,
TCGA-ER-A2NG,1.0,1490.0,1.0,766.0,1.0,1490.0,,
TCGA-ER-A2NH,0.0,1264.0,0.0,1264.0,0.0,1264.0,,
TCGA-ER-A3ES,1.0,7514.0,1.0,7514.0,1.0,7514.0,,
TCGA-ER-A3ET,1.0,2829.0,1.0,2435.0,1.0,2829.0,,
TCGA-ER-A3EV,1.0,1429.0,1.0,728.0,1.0,1429.0,,
TCGA-ER-A3PL,0.0,1010.0,1.0,945.0,0.0,1010.0,,
TCGA-ER-A42H,1.0,426.0,1.0,259.0,1.0,426.0,,
TCGA-ER-A42K,1.0,394.0,1.0,206.0,1.0,394.0,,
TCGA-ER-A42L,0.0,4533.0,1.0,3812.0,0.0,4533.0,,
TCGA-FR-A2OS,1.0,368.0,1.0,283.0,1.0,368.0,,
TCGA-FR-A3R1,0.0,685.0,1.0,678.0,0.0,685.0,,
TCGA-FR-A3YN,0.0,2828.0,0.0,2828.0,0.0,2828.0,,
TCGA-FR-A3YO,0.0,,0.0,,0.0,,,
TCGA-FR-A44A,0.0,5299.0,0.0,5299.0,0.0,5299.0,,
TCGA-FR-A69P,0.0,478.0,1.0,274.0,0.0,478.0,,
TCGA-FR-A726,1.0,305.0,1.0,273.0,1.0,305.0,,
TCGA-FR-A728,0.0,583.0,1.0,64.0,0.0,583.0,,
TCGA-FR-A729,0.0,6716.0,1.0,6299.0,0.0,6716.0,,
TCGA-FR-A7U8,0.0,847.0,1.0,567.0,0.0,847.0,,
TCGA-FR-A7U9,0.0,571.0,1.0,95.0,0.0,571.0,,
TCGA-FR-A7UA,0.0,1164.0,0.0,1164.0,0.0,1164.0,,
TCGA-FR-A8YC,1.0,1059.0,1.0,1059.0,1.0,1059.0,,
TCGA-FR-A8YD,1.0,1103.0,1.0,1103.0,1.0,1103.0,,
TCGA-FR-A8YE,0.0,3176.0,0.0,3176.0,0.0,3176.0,,
TCGA-FS-A1YW,1.0,6598.0,1.0,6598.0,1.0,6598.0,,
TCGA-FS-A1YX,1.0,1478.0,1.0,1478.0,1.0,1478.0,,
TCGA-FS-A1YY,1.0,6953.0,1.0,6777.0,1.0,6953.0,,
TCGA-FS-A1Z0,1.0,6164.0,1.0,5503.0,1.0,6164.0,,
TCGA-FS-A1Z3,1.0,636.0,1.0,276.0,1.0,636.0,,
TCGA-FS-A1Z4,1.0,854.0,1.0,854.0,1.0,854.0,,
TCGA-FS-A1Z7,1.0,237.0,1.0,136.0,1.0,237.0,,
TCGA-FS-A1ZA,1.0,843.0,1.0,663.0,1.0,843.0,,
TCGA-FS-A1ZB,1.0,1486.0,1.0,1461.0,1.0,1486.0,,
TCGA-FS-A1ZC,1.0,10870.0,1.0,10334.0,1.0,10870.0,,
TCGA-FS-A1ZD,1.0,1628.0,1.0,1497.0,1.0,1628.0,,
TCGA-FS-A1ZE,1.0,1413.0,1.0,761.0,1.0,1413.0,,
TCGA-FS-A1ZF,1.0,470.0,1.0,470.0,1.0,470.0,,
TCGA-FS-A1ZG,1.0,295.0,1.0,140.0,1.0,295.0,,
TCGA-FS-A1ZH,1.0,996.0,1.0,577.0,1.0,996.0,,
TCGA-FS-A1ZJ,1.0,1441.0,1.0,1225.0,1.0,1441.0,,
TCGA-FS-A1ZK,1.0,728.0,1.0,367.0,1.0,728.0,,
TCGA-FS-A1ZM,0.0,3080.0,0.0,3080.0,0.0,3080.0,,
TCGA-FS-A1ZN,1.0,730.0,1.0,361.0,1.0,730.0,,
TCGA-FS-A1ZP,1.0,2273.0,1.0,2273.0,1.0,2273.0,,
TCGA-FS-A1ZQ,1.0,4062.0,1.0,3940.0,1.0,4062.0,,
TCGA-FS-A1ZR,1.0,347.0,1.0,152.0,1.0,347.0,,
TCGA-FS-A1ZS,0.0,4526.0,1.0,2861.0,0.0,4526.0,,
TCGA-FS-A1ZT,0.0,1617.0,0.0,1617.0,0.0,1617.0,,
TCGA-FS-A1ZU,1.0,808.0,1.0,679.0,1.0,808.0,,
TCGA-FS-A1ZW,0.0,1505.0,0.0,1505.0,0.0,1505.0,,
TCGA-FS-A1ZY,1.0,824.0,1.0,824.0,1.0,824.0,,
TCGA-FS-A1ZZ,1.0,822.0,1.0,822.0,1.0,822.0,,
TCGA-FS-A4F0,0.0,2367.0,1.0,872.0,0.0,2367.0,,
TCGA-FS-A4F2,1.0,1525.0,1.0,1525.0,1.0,1525.0,,
TCGA-FS-A4F4,1.0,2028.0,1.0,2028.0,1.0,2028.0,,
TCGA-FS-A4F5,1.0,874.0,1.0,874.0,1.0,874.0,,
TCGA-FS-A4F8,1.0,5318.0,1.0,5318.0,1.0,5318.0,,
TCGA-FS-A4F9,0.0,1035.0,1.0,376.0,0.0,1035.0,,
TCGA-FS-A4FB,1.0,813.0,1.0,813.0,1.0,813.0,,
TCGA-FS-A4FC,1.0,1655.0,1.0,1655.0,1.0,1655.0,,
TCGA-FS-A4FD,1.0,2454.0,1.0,2010.0,1.0,2454.0,,
TCGA-FW-A3I3,0.0,531.0,0.0,531.0,0.0,531.0,,
TCGA-FW-A3R5,0.0,1124.0,0.0,1124.0,0.0,1124.0,,
TCGA-FW-A3TU,1.0,1691.0,1.0,1691.0,1.0,1691.0,,
TCGA-FW-A3TV,0.0,411.0,1.0,139.0,0.0,411.0,,
TCGA-FW-A5DX,0.0,640.0,0.0,640.0,0.0,640.0,,
TCGA-FW-A5DY,0.0,587.0,0.0,587.0,0.0,587.0,,
TCGA-GF-A2C7,0.0,21.0,0.0,21.0,0.0,21.0,,
TCGA-GF-A3OT,0.0,301.0,1.0,248.0,0.0,301.0,,
TCGA-GF-A4EO,0.0,591.0,0.0,591.0,0.0,591.0,,
TCGA-GF-A6C8,0.0,62.0,0.0,62.0,0.0,62.0,,
TCGA-GF-A6C9,0.0,480.0,0.0,480.0,0.0,480.0,,
TCGA-GF-A769,1.0,1070.0,1.0,1070.0,1.0,1070.0,,
TCGA-GN-A262,0.0,4255.0,1.0,2908.0,0.0,4255.0,,
TCGA-GN-A263,1.0,467.0,1.0,39.0,1.0,467.0,,
TCGA-GN-A264,1.0,3587.0,1.0,3221.0,1.0,3587.0,,
TCGA-GN-A265,0.0,2948.0,1.0,99.0,0.0,2948.0,,
TCGA-GN-A266,1.0,308.0,1.0,109.0,1.0,308.0,,
TCGA-GN-A267,1.0,1960.0,1.0,456.0,1.0,1960.0,,
TCGA-GN-A268,1.0,1910.0,1.0,908.0,1.0,1910.0,,
TCGA-GN-A269,1.0,170.0,1.0,170.0,1.0,170.0,,
TCGA-GN-A26A,1.0,988.0,1.0,750.0,1.0,988.0,,
TCGA-GN-A26C,1.0,821.0,1.0,593.0,1.0,821.0,,
TCGA-GN-A26D,1.0,1460.0,1.0,622.0,1.0,1460.0,,
TCGA-GN-A4U3,0.0,3708.0,1.0,2274.0,0.0,3708.0,,
TCGA-GN-A4U4,0.0,1197.0,1.0,217.0,0.0,1197.0,,
TCGA-GN-A4U5,0.0,1156.0,0.0,1156.0,0.0,1156.0,,
TCGA-GN-A4U7,1.0,317.0,1.0,183.0,1.0,317.0,,
TCGA-GN-A4U8,0.0,1487.0,0.0,1487.0,0.0,1487.0,,
TCGA-GN-A4U9,1.0,673.0,1.0,151.0,1.0,673.0,,
TCGA-GN-A8LK,1.0,1524.0,1.0,436.0,1.0,1524.0,,
TCGA-GN-A8LL,1.0,650.0,1.0,650.0,1.0,650.0,,
TCGA-GN-A8LN,0.0,772.0,1.0,186.0,0.0,772.0,,
TCGA-GN-A9SD,1.0,1807.0,1.0,1137.0,1.0,1807.0,,
TCGA-HR-A2OG,0.0,7.0,0.0,7.0,0.0,7.0,,
TCGA-HR-A2OH,1.0,2004.0,1.0,2004.0,1.0,2004.0,,
TCGA-HR-A5NC,0.0,1000.0,1.0,154.0,0.0,1000.0,,
TCGA-IH-A3EA,0.0,524.0,1.0,314.0,0.0,524.0,,
TCGA-LH-A9QB,0.0,11217.0,0.0,11217.0,0.0,11217.0,,
TCGA-OD-A75X,1.0,9061.0,1.0,8987.0,1.0,9061.0,,
TCGA-QB-A6FS,0.0,220.0,1.0,63.0,0.0,220.0,,
TCGA-QB-AA9O,1.0,549.0,1.0,549.0,1.0,549.0,,
TCGA-RP-A690,0.0,6.0,0.0,6.0,0.0,6.0,,
TCGA-RP-A693,0.0,10.0,0.0,10.0,0.0,10.0,,
TCGA-RP-A694,0.0,21.0,0.0,21.0,0.0,21.0,,
TCGA-RP-A695,0.0,,0.0,,0.0,,,
TCGA-RP-A6K9,0.0,,0.0,,0.0,,,
TCGA-W3-A824,0.0,6940.0,1.0,2406.0,0.0,6940.0,,
TCGA-W3-A825,1.0,1917.0,1.0,1917.0,1.0,1917.0,,
TCGA-W3-A828,1.0,3683.0,0.0,3683.0,,3683.0,,
TCGA-W3-AA1O,1.0,122.0,1.0,122.0,1.0,122.0,,
TCGA-W3-AA1Q,1.0,2101.0,1.0,1066.0,1.0,2101.0,,
TCGA-W3-AA1R,1.0,3379.0,1.0,1037.0,1.0,3379.0,,
TCGA-W3-AA1V,1.0,1280.0,1.0,1219.0,1.0,1280.0,,
TCGA-W3-AA1W,0.0,6666.0,1.0,335.0,0.0,6666.0,,
TCGA-W3-AA21,1.0,3195.0,1.0,2952.0,1.0,3195.0,,
TCGA-WE-A8JZ,0.0,731.0,0.0,731.0,0.0,731.0,,
TCGA-WE-A8K1,0.0,1492.0,0.0,1492.0,0.0,1492.0,,
TCGA-WE-A8K4,0.0,614.0,0.0,614.0,0.0,614.0,,
TCGA-WE-A8K5,1.0,1860.0,1.0,1498.0,1.0,1860.0,,
TCGA-WE-A8K6,0.0,546.0,1.0,256.0,0.0,546.0,,
TCGA-WE-A8ZM,0.0,3082.0,1.0,646.0,0.0,3082.0,,
TCGA-WE-A8ZN,0.0,1794.0,1.0,1449.0,0.0,1794.0,,
TCGA-WE-A8ZO,0.0,2145.0,1.0,1371.0,0.0,2145.0,,
TCGA-WE-A8ZQ,0.0,1923.0,1.0,1757.0,0.0,1923.0,,
TCGA-WE-A8ZR,1.0,274.0,1.0,126.0,1.0,274.0,,
TCGA-WE-A8ZT,0.0,359.0,1.0,69.0,0.0,359.0,,
TCGA-WE-A8ZX,0.0,1089.0,1.0,326.0,0.0,1089.0,,
TCGA-WE-A8ZY,1.0,1506.0,1.0,1389.0,1.0,1506.0,,
TCGA-WE-AA9Y,0.0,370.0,0.0,370.0,0.0,370.0,,
TCGA-WE-AAA0,0.0,1229.0,1.0,650.0,0.0,1229.0,,
TCGA-WE-AAA3,0.0,651.0,0.0,651.0,0.0,651.0,,
TCGA-WE-AAA4,0.0,760.0,1.0,523.0,0.0,760.0,,
TCGA-XV-A9VZ,0.0,11.0,0.0,11.0,0.0,11.0,,
TCGA-XV-A9W2,0.0,417.0,0.0,417.0,0.0,417.0,,
TCGA-XV-A9W5,0.0,392.0,0.0,392.0,0.0,392.0,,
TCGA-XV-AAZV,0.0,412.0,0.0,412.0,0.0,412.0,,
TCGA-XV-AAZW,1.0,393.0,1.0,393.0,1.0,393.0,,
TCGA-XV-AAZY,0.0,405.0,0.0,405.0,0.0,405.0,,
TCGA-XV-AB01,0.0,403.0,0.0,403.0,0.0,403.0,,
TCGA-YD-A89C,0.0,210.0,0.0,210.0,0.0,210.0,,
TCGA-YD-A9TA,0.0,1496.0,0.0,1496.0,0.0,1496.0,,
TCGA-YD-A9TB,0.0,,0.0,,0.0,,,
TCGA-YG-AA3N,0.0,306.0,0.0,306.0,0.0,306.0,,
TCGA-YG-AA3O,1.0,1154.0,1.0,999.0,1.0,1154.0,,
TCGA-YG-AA3P,0.0,439.0,0.0,439.0,0.0,439.0,,
TCGA-Z2-A8RT,0.0,839.0,0.0,839.0,0.0,839.0,,
TCGA-Z2-AA3S,0.0,2950.0,1.0,2727.0,0.0,2950.0,,
TCGA-Z2-AA3V,0.0,486.0,0.0,486.0,0.0,486.0,,
