cluster,pathway,enrichment,p,q
0,ADIPOGENESIS,-0.5843283863889188,4.326836206333439e-25,1.3521363144791996e-24
0,ALLOGRAFT_REJECTION,0.807253525671151,1.6361660189285208e-15,3.895633378401241e-15
0,ANDROGEN_RESPONSE,-0.8159591459151745,2.8540801438436787e-21,7.928000399565774e-21
0,ANGIOGENESIS,-0.29912523643186406,0.0009582207329253409,0.0011685618694211473
0,APICAL_JUNCTION,0.23218105201948303,0.0020709178179142925,0.002465378354659872
0,APICAL_SURFACE,-0.24811489906750347,0.0035806917450120638,0.004163595052339609
0,APOPTOSIS,-0.19226140696507477,0.03675869568317905,0.039955104003455484
0,BILE_ACID_METABOLISM,-1.2425127969087468,4.177640226894391e-59,5.2220502836179886e-58
0,CHOLESTEROL_HOMEOSTASIS,0.4894010007939648,1.036252257517672e-08,1.6191441523713626e-08
0,COAGULATION,-0.3926655836434465,1.580626513120765e-05,2.195314601556618e-05
0,COMPLEMENT,0.3911536692121452,5.542893286929583e-05,7.293280640696819e-05
0,DNA_REPAIR,0.3838313799960893,3.024053284598216e-07,4.415722365071862e-07
0,E2F_TARGETS,1.1765288190152636,2.3988793468696776e-58,2.3988793468696776e-57
0,EPITHELIAL_MESENCHYMAL_TRANSITION,-0.15102857972613784,0.07038400185837823,0.07487659772167897
0,ESTROGEN_RESPONSE_EARLY,-1.8693959068081907,2.009246945084374e-142,1.0046234725421871e-140
0,ESTROGEN_RESPONSE_LATE,-1.598048632055383,3.750870434322801e-88,9.377176085807002e-87
0,FATTY_ACID_METABOLISM,-0.9050465368428926,1.0634886619594353e-39,5.908270344219085e-39
0,G2M_CHECKPOINT,1.223043961322028,4.81290082033758e-65,8.0215013672293e-64
0,GLYCOLYSIS,0.7296488028701811,1.4776153532253065e-17,3.694038383063266e-17
0,HEDGEHOG_SIGNALING,0.5037722757832628,2.2585383184673991e-10,3.7642305307789984e-10
0,HEME_METABOLISM,-0.21928452550827776,0.00712360017585143,0.00809500019983117
0,HYPOXIA,0.5437416021794889,9.291968965820285e-12,1.858393793164057e-11
0,IL2_STAT5_SIGNALING,0.5849078525147007,1.5030052214250654e-10,2.6839378954019027e-10
0,IL6_JAK_STAT3_SIGNALING,0.715953192310917,1.7989735962250545e-12,3.91081216570664e-12
0,INFLAMMATORY_RESPONSE,0.6831313097834789,1.0771332740346124e-11,2.0714101423742547e-11
0,INTERFERON_ALPHA_RESPONSE,0.37579771247557914,0.00020524998661277364,0.0002631410084779149
0,INTERFERON_GAMMA_RESPONSE,0.5879932654923256,1.7925634269462125e-08,2.7160051923427464e-08
0,KRAS_SIGNALING_DN,0.6839138251198397,6.426323678796506e-14,1.4605281088173877e-13
0,KRAS_SIGNALING_UP,0.28896774820527277,0.00026015293964684784,0.00032519117455855984
0,MITOTIC_SPINDLE,1.0355919052063352,1.534035847785985e-33,5.4786994563785175e-33
0,MTORC1_SIGNALING,1.0271748686335365,2.3418953787080454e-42,1.6727824133628897e-41
0,MYC_TARGETS_V1,1.2607185815417674,9.169581965098086e-53,7.641318304248405e-52
0,MYC_TARGETS_V2,1.2008748291085267,2.149668103717472e-40,1.34354256482342e-39
0,MYOGENESIS,-0.11315311038767747,0.10093791340768347,0.10514365979967029
0,NOTCH_SIGNALING,0.700413877013687,1.226878862729716e-19,3.228628586130832e-19
0,OXIDATIVE_PHOSPHORYLATION,-0.05494937771368926,0.5331739471661234,0.5440550481286973
0,P53_PATHWAY,-0.04575608051842597,0.5610876832317795,0.5610876832317795
0,PANCREAS_BETA_CELLS,-0.5336997733448534,1.714446176536075e-11,3.1749003269186575e-11
0,PEROXISOME,-1.2059458496459412,3.940266019678748e-39,1.970133009839374e-38
0,PI3K_AKT_MTOR_SIGNALING,0.3646487725853318,4.3748842908187606e-05,5.912005798403731e-05
0,PROTEIN_SECRETION,-0.5267622119099951,3.611979059220648e-10,5.825772676162336e-10
0,REACTIVE_OXYGEN_SPECIES_PATHWAY,0.503702469081503,1.5652538838584525e-10,2.698713592859401e-10
0,SPERMATOGENESIS,1.1277402972020345,1.3468413577333376e-35,5.611838990555573e-35
0,TGF_BETA_SIGNALING,-0.2093191632980946,0.02027832322250905,0.02253147024723228
0,TNFA_SIGNALING_VIA_NFKB,0.5659359484455533,2.6887005320442943e-12,5.601459441758947e-12
0,UNFOLDED_PROTEIN_RESPONSE,0.9014337734194516,5.757231964245668e-34,2.214319986248334e-33
0,UV_RESPONSE_DN,-0.390037443569849,3.091005655550303e-07,4.415722365071862e-07
0,UV_RESPONSE_UP,0.8577184018158911,3.4668387542010715e-23,1.0196584571179623e-22
0,WNT_BETA_CATENIN_SIGNALING,1.0441254094439436,1.3697477049093862e-37,6.226125931406301e-37
0,XENOBIOTIC_METABOLISM,-0.9014516103974394,1.0588252769586168e-30,3.529417589862056e-30
1,ADIPOGENESIS,0.6646321592525749,2.464613977803191e-21,4.401096388934269e-21
1,ALLOGRAFT_REJECTION,0.5205229228852167,3.9438385261928456e-09,5.056203238708776e-09
1,ANDROGEN_RESPONSE,0.6567790559820855,2.067450155743487e-13,2.871458549643732e-13
1,ANGIOGENESIS,0.7702181066789622,2.1565270872247593e-23,4.147167475432229e-23
1,APICAL_JUNCTION,1.1300331152749568,4.5859437791867274e-54,5.732429723983409e-53
1,APICAL_SURFACE,1.0406417605385792,7.574547246161533e-52,7.574547246161533e-51
1,APOPTOSIS,1.0026082335019941,1.3988155959859925e-37,5.3800599845615095e-37
1,BILE_ACID_METABOLISM,0.5121774432723616,3.866505799026176e-14,5.5760325822090616e-14
1,CHOLESTEROL_HOMEOSTASIS,-0.404073614773767,8.220802347340486e-08,1.0025368716268886e-07
1,COAGULATION,1.0134936901604008,2.287022953305169e-48,1.9058524610876407e-47
1,COMPLEMENT,0.6272645200313877,2.2529111917518152e-13,3.0444745834483993e-13
1,DNA_REPAIR,-0.8565704726513097,3.976186820060781e-24,8.283722541793293e-24
1,E2F_TARGETS,-1.1874884244563393,3.182504119034734e-66,1.5912520595173672e-64
1,EPITHELIAL_MESENCHYMAL_TRANSITION,0.7791431302398824,1.2880813681327632e-28,3.066860400316103e-28
1,ESTROGEN_RESPONSE_EARLY,0.7130301540191213,2.754229843014969e-29,6.885574607537422e-29
1,ESTROGEN_RESPONSE_LATE,0.5880564710526679,7.403654966368637e-18,1.2764922355807994e-17
1,FATTY_ACID_METABOLISM,0.5405072702303804,1.1431269423982686e-14,1.7320105187852554e-14
1,G2M_CHECKPOINT,-1.1473150452347909,1.8929431344809564e-59,4.732357836202391e-58
1,GLYCOLYSIS,-0.7763087078893939,1.1564801309384894e-27,2.6283639339511123e-27
1,HEDGEHOG_SIGNALING,0.47295811661613696,4.0618555695889464e-12,5.34454680209072e-12
1,HEME_METABOLISM,0.0408896669399149,0.5930908377380875,0.6178029559771744
1,HYPOXIA,0.8137116481073264,3.9821751646700423e-32,1.171227989608836e-31
1,IL2_STAT5_SIGNALING,0.8839466385309125,4.1113585348237716e-23,7.613626916340318e-23
1,IL6_JAK_STAT3_SIGNALING,0.6865637331976784,5.012337320261848e-16,8.353895533769746e-16
1,INFLAMMATORY_RESPONSE,0.6450879040718023,3.9032228075463427e-14,5.5760325822090616e-14
1,INTERFERON_ALPHA_RESPONSE,-0.014113152015535278,0.8533883654215786,0.8533883654215786
1,INTERFERON_GAMMA_RESPONSE,0.24205890977069242,0.002995012384624948,0.0034034231643465316
1,KRAS_SIGNALING_DN,0.6594963485988954,1.0364338348083325e-15,1.6716674754973106e-15
1,KRAS_SIGNALING_UP,1.0544524775383834,8.390168553771421e-42,4.19508427688571e-41
1,MITOTIC_SPINDLE,-0.6431657551685908,9.333994946591403e-15,1.4584367104049067e-14
1,MTORC1_SIGNALING,-1.0593782425047418,1.3765841261461023e-43,7.647689589700568e-43
1,MYC_TARGETS_V1,-1.0628607846925422,3.480978930922301e-45,2.486413522087358e-44
1,MYC_TARGETS_V2,-0.9020150196423695,1.8986783160535813e-35,5.933369737667441e-35
1,MYOGENESIS,1.0216528910135811,1.7717897308103598e-44,1.107368581756475e-43
1,NOTCH_SIGNALING,0.8002739438080283,1.3263695938319406e-29,3.490446299557739e-29
1,OXIDATIVE_PHOSPHORYLATION,-0.5005388428286434,2.468095883522967e-08,3.085119854403709e-08
1,P53_PATHWAY,1.0787628658686104,5.101103962416079e-40,2.1254599843400327e-39
1,PANCREAS_BETA_CELLS,0.2531213898973751,0.00016652450702168178,0.00019824346074009735
1,PEROXISOME,-0.11014674715135817,0.1320815444222409,0.14675727158026766
1,PI3K_AKT_MTOR_SIGNALING,0.0703713456594697,0.37245128004857897,0.40483834787889017
1,PROTEIN_SECRETION,-0.029386845514600954,0.7633002063877847,0.7788777616201885
1,REACTIVE_OXYGEN_SPECIES_PATHWAY,0.2450654238617021,0.0015646032014783608,0.0018193060482306522
1,SPERMATOGENESIS,-1.1612457237957812,2.7545727913562297e-54,4.590954652260383e-53
1,TGF_BETA_SIGNALING,0.8308916654025755,5.8191752124628546e-27,1.2650380896658379e-26
1,TNFA_SIGNALING_VIA_NFKB,1.0131550933246563,2.101493554664541e-31,5.8374820962903915e-31
1,UNFOLDED_PROTEIN_RESPONSE,-0.9098468485045568,4.501337913227635e-40,2.046062687830743e-39
1,UV_RESPONSE_DN,0.9762751793397382,3.971929300850851e-37,1.4185461788753038e-36
1,UV_RESPONSE_UP,-0.05324175661278752,0.5055787707498302,0.5378497561168406
1,WNT_BETA_CATENIN_SIGNALING,0.7977075781359177,5.0831067376989585e-24,1.0166213475397917e-23
1,XENOBIOTIC_METABOLISM,0.8915744985795453,2.6178661113206304e-36,8.726220371068768e-36
2,ADIPOGENESIS,-0.35531593076635737,1.145742230287007e-12,1.9754176384258743e-12
2,ALLOGRAFT_REJECTION,-1.095901367529914,1.6672862376550468e-61,1.1909187411821763e-60
2,ANDROGEN_RESPONSE,-0.4944719930894575,8.94660262015232e-14,1.6567782629911703e-13
2,ANGIOGENESIS,-0.7768414330142146,3.581174157431756e-21,7.460779494649492e-21
2,APICAL_JUNCTION,-1.1874528661161707,1.3636930111438933e-65,1.7046162639298667e-64
2,APICAL_SURFACE,-0.9333848029974303,1.5200386816661338e-30,4.470702004900393e-30
2,APOPTOSIS,-1.1188472016270237,1.2582849239496198e-43,5.719476927043726e-43
2,BILE_ACID_METABOLISM,0.3283578056132803,2.937074337791148e-08,4.195820482558783e-08
2,CHOLESTEROL_HOMEOSTASIS,-0.44908803699935607,3.795566670056804e-09,5.750858590995158e-09
2,COAGULATION,-1.1429460781805523,1.4540862669604429e-43,6.058692779001845e-43
2,COMPLEMENT,-1.1665700069891325,4.8697826715242196e-59,2.7054348175134554e-58
2,DNA_REPAIR,0.45298057373203837,1.2048713668119983e-13,2.1515560121642826e-13
2,E2F_TARGETS,0.16745861443368798,0.0046009431565322365,0.005477313281585996
2,EPITHELIAL_MESENCHYMAL_TRANSITION,-1.2355906987054144,1.3275927933111204e-42,5.1061261281196933e-42
2,ESTROGEN_RESPONSE_EARLY,0.45529231803883086,1.7654209188640737e-15,3.395040228584757e-15
2,ESTROGEN_RESPONSE_LATE,0.2905939089434184,2.154352753865513e-06,2.834674676138833e-06
2,FATTY_ACID_METABOLISM,-0.16629007381409228,0.005575714248625416,0.0064833886611923445
2,G2M_CHECKPOINT,0.035290081318227196,0.5621810034260928,0.58560521190218
2,GLYCOLYSIS,-0.3287296731211048,2.9970341500282604e-07,4.162547430594806e-07
2,HEDGEHOG_SIGNALING,-0.5761400164426068,9.918617107950902e-12,1.6531028513251504e-11
2,HEME_METABOLISM,0.14095938299540134,0.06844587940198844,0.0777794084113505
2,HYPOXIA,-1.0999478600960177,1.2641075259074939e-57,6.320537629537469e-57
2,IL2_STAT5_SIGNALING,-1.2488264745140252,2.001636146082218e-73,5.004090365205544e-72
2,IL6_JAK_STAT3_SIGNALING,-1.1474606139474526,4.501461605713851e-64,4.501461605713851e-63
2,INFLAMMATORY_RESPONSE,-1.1858964932247102,2.1696985872063404e-61,1.3560616170039627e-60
2,INTERFERON_ALPHA_RESPONSE,-0.46214292213612085,2.186376199192902e-09,3.41621281123891e-09
2,INTERFERON_GAMMA_RESPONSE,-0.824272914035432,1.4881964698140704e-28,3.9163064995107114e-28
2,KRAS_SIGNALING_DN,-0.6983705785426799,6.286051251158314e-26,1.4966788693234081e-25
2,KRAS_SIGNALING_UP,-1.349074607589754,1.8903582471985899e-81,9.451791235992949e-80
2,MITOTIC_SPINDLE,-0.24942106168122552,0.0009957079135028046,0.0012142779432961033
2,MTORC1_SIGNALING,-0.220433676938154,0.00016707865535650515,0.00020884831919563144
2,MYC_TARGETS_V1,0.027201544422497614,0.6216379153298288,0.6343244033977845
2,MYC_TARGETS_V2,0.09070719428337853,0.1038742981908164,0.11290684585958304
2,MYOGENESIS,-0.719928045608213,1.4679476148778072e-30,4.470702004900393e-30
2,NOTCH_SIGNALING,-1.2475524179647872,5.312160175354398e-63,4.426800146128665e-62
2,OXIDATIVE_PHOSPHORYLATION,0.31273483710384586,1.1655833586644055e-05,1.4943376393133403e-05
2,P53_PATHWAY,-0.9648921763188765,1.321895899213269e-39,4.7210567829045327e-39
2,PANCREAS_BETA_CELLS,0.1657326038433249,0.12071208831090056,0.1284171152243623
2,PEROXISOME,0.435717711291434,9.209397757748727e-09,1.3543231996689304e-08
2,PI3K_AKT_MTOR_SIGNALING,-0.7001742096449759,9.160126243728443e-23,2.0818468735746461e-22
2,PROTEIN_SECRETION,-0.003045114225211372,0.9676780699156454,0.9676780699156454
2,REACTIVE_OXYGEN_SPECIES_PATHWAY,-0.8089314534545358,1.0295570191310047e-22,2.2381674328934885e-22
2,SPERMATOGENESIS,0.3079250257226739,1.5601549642836917e-06,2.108317519302286e-06
2,TGF_BETA_SIGNALING,-0.8302122425473932,1.9868195029686748e-26,4.9670487574216866e-26
2,TNFA_SIGNALING_VIA_NFKB,-1.1842418284866112,1.895321823793133e-68,3.1588697063218886e-67
2,UNFOLDED_PROTEIN_RESPONSE,0.10542112076594817,0.09623389879851629,0.10692655422057366
2,UV_RESPONSE_DN,-0.70845248991378,1.6985616823403056e-29,4.718226895389738e-29
2,UV_RESPONSE_UP,-0.42479931737991344,2.0246374620443384e-09,3.265544293619901e-09
2,WNT_BETA_CATENIN_SIGNALING,-0.8157070482783255,4.191135565803993e-36,1.397045188601331e-35
2,XENOBIOTIC_METABOLISM,-0.4900439871630723,3.7870539328440343e-16,7.574107865688069e-16
3,ADIPOGENESIS,0.0655612227457478,0.19365110466751273,0.22863184466189762
3,ALLOGRAFT_REJECTION,0.527032678376938,2.3991134581266457e-10,7.997044860422152e-10
3,ANDROGEN_RESPONSE,0.4461998178761979,2.3720834722902566e-09,7.412760850907052e-09
3,ANGIOGENESIS,-0.03921847131296802,0.5893850199486231,0.6270053403708756
3,APICAL_JUNCTION,-0.124149224971198,0.05306749356350645,0.0680352481583416
3,APICAL_SURFACE,0.007138613401233798,0.9245179231670965,0.9433856358847923
3,APOPTOSIS,0.21970977459147922,0.002384224903001533,0.0036124619742447465
3,BILE_ACID_METABOLISM,-0.07953974256376034,0.19662338640923194,0.22863184466189762
3,CHOLESTEROL_HOMEOSTASIS,0.7430087891842645,1.6968390173328638e-16,9.42688342962702e-16
3,COAGULATION,0.20971773724203718,0.002807314754320692,0.004128404050471606
3,COMPLEMENT,0.5790010514061915,1.5031751118784173e-14,6.832614144901896e-14
3,DNA_REPAIR,0.29778001053115954,2.3215634111948677e-05,4.145648948562264e-05
3,E2F_TARGETS,0.5075923967503934,1.1504351548314988e-17,8.217393963082135e-17
3,EPITHELIAL_MESENCHYMAL_TRANSITION,0.1497809581796776,0.04668429124253272,0.06142669900333253
3,ESTROGEN_RESPONSE_EARLY,-0.6334752344629506,4.091867311585566e-21,5.1148341394819575e-20
3,ESTROGEN_RESPONSE_LATE,-0.4396202250469639,2.0634957149303534e-11,7.36962755332269e-11
3,FATTY_ACID_METABOLISM,0.33036311232330506,1.0897747713786621e-07,2.476760844042414e-07
3,G2M_CHECKPOINT,0.5709208108694946,3.6354520534128983e-22,6.0590867556881644e-21
3,GLYCOLYSIS,0.7776744047593439,1.1378382292461429e-20,1.137838229246143e-19
3,HEDGEHOG_SIGNALING,-0.17055023850669182,0.022267472348279988,0.03009117884902701
3,HEME_METABOLISM,-9.56793652743676e-05,0.9989346394072167,0.9989346394072167
3,HYPOXIA,0.0800059000865311,0.2976532003559756,0.33824227313179045
3,IL2_STAT5_SIGNALING,0.38543374906403205,2.516779070326107e-07,5.243289729846056e-07
3,IL6_JAK_STAT3_SIGNALING,0.38174110856872434,7.827182480225984e-07,1.5654364960451967e-06
3,INFLAMMATORY_RESPONSE,0.4118801201952535,4.900637812850233e-08,1.1668185268691032e-07
3,INTERFERON_ALPHA_RESPONSE,0.43635032594475,1.314320939110619e-07,2.8572194328491716e-07
3,INTERFERON_GAMMA_RESPONSE,0.5641083959862427,2.9183975428073022e-12,1.1224605933874239e-11
3,KRAS_SIGNALING_DN,-0.3980417329705885,1.0525685244986759e-08,2.9238014569407663e-08
3,KRAS_SIGNALING_UP,0.2703745366177527,4.398986640680838e-05,6.873416626063809e-05
3,MITOTIC_SPINDLE,0.3423316408660437,4.15377974028054e-06,7.692184704223223e-06
3,MTORC1_SIGNALING,1.0848613582668807,2.461135505194501e-58,1.2305677525972503e-56
3,MYC_TARGETS_V1,0.46953822739535434,2.6399732655234757e-14,1.0999888606347814e-13
3,MYC_TARGETS_V2,0.27749335054356805,2.7639806795232684e-05,4.46928611614666e-05
3,MYOGENESIS,-0.32260472120924505,4.607990248018714e-08,1.1519975620046786e-07
3,NOTCH_SIGNALING,-0.12059707907984303,0.1331481196483149,0.16237575566867674
3,OXIDATIVE_PHOSPHORYLATION,0.33048988116110317,2.5550353216057532e-05,4.405233313113367e-05
3,P53_PATHWAY,-0.012158548588413809,0.8628909277286285,0.8988447163839881
3,PANCREAS_BETA_CELLS,-0.12153402960083995,0.11225355425656687,0.14031694282070858
3,PEROXISOME,0.36402349147956425,1.1035016838409603e-06,2.1221186227710774e-06
3,PI3K_AKT_MTOR_SIGNALING,0.9955490828049662,2.8954908684448784e-31,7.238727171112196e-30
3,PROTEIN_SECRETION,0.20637481822452472,0.012195225608079707,0.016937813344555148
3,REACTIVE_OXYGEN_SPECIES_PATHWAY,0.6121776074577527,1.9810946770260768e-15,9.905473385130385e-15
3,SPERMATOGENESIS,0.3961678804930748,9.800888533084125e-09,2.882614274436507e-08
3,TGF_BETA_SIGNALING,-0.07810460670655284,0.31537907086585876,0.35042118985095416
3,TNFA_SIGNALING_VIA_NFKB,0.039759035125052224,0.5590927997177109,0.6077095649105553
3,UNFOLDED_PROTEIN_RESPONSE,0.5748591867060814,1.134473540221267e-17,8.217393963082135e-17
3,UV_RESPONSE_DN,-0.28232898526212197,2.770957392010929e-05,4.46928611614666e-05
3,UV_RESPONSE_UP,0.22200824995659885,0.005987728759344066,0.00855389822763438
3,WNT_BETA_CATENIN_SIGNALING,-0.5945206741200303,1.1319010053647056e-16,7.07438128352941e-16
3,XENOBIOTIC_METABOLISM,0.38765647423564176,2.3236015088219036e-08,6.11474081268922e-08
4,ADIPOGENESIS,0.24157166615651596,9.668623558698928e-08,2.1974144451588473e-07
4,ALLOGRAFT_REJECTION,-0.33155811838203186,7.957881907277018e-09,2.210522752021394e-08
4,ANDROGEN_RESPONSE,0.26237146283978646,1.6533581418606944e-05,3.061774336779064e-05
4,ANGIOGENESIS,0.3849657852561574,3.774237124518367e-11,1.347941830185131e-10
4,APICAL_JUNCTION,0.19567582315151844,0.00030395278797959983,0.00043421826854228546
4,APICAL_SURFACE,0.286416267448525,6.408578499977878e-07,1.2817156999955757e-06
4,APOPTOSIS,0.2770572829886955,2.4425911022653155e-06,4.697290581279453e-06
4,BILE_ACID_METABOLISM,0.33349783204328454,2.1616524645171563e-11,8.314047940450602e-11
4,CHOLESTEROL_HOMEOSTASIS,-0.22806976362401404,0.0002804935984033875,0.00041249058588733453
4,COAGULATION,0.4301768327030249,9.469378761845712e-15,3.9455744841023795e-14
4,COMPLEMENT,-0.09327570340736888,0.11601132016849611,0.1318310456460183
4,DNA_REPAIR,-0.30817092562590004,2.645090628743161e-08,6.960764812482002e-08
4,E2F_TARGETS,-0.5626738459857392,6.149562754806046e-28,7.686953443507557e-27
4,EPITHELIAL_MESENCHYMAL_TRANSITION,0.5142428194803929,1.2281321649137284e-18,6.140660824568643e-18
4,ESTROGEN_RESPONSE_EARLY,0.8982571373461665,2.08515555259325e-64,1.042577776296625e-62
4,ESTROGEN_RESPONSE_LATE,0.7907192688412736,1.1954693958616064e-43,2.988673489654016e-42
4,FATTY_ACID_METABOLISM,0.20937172664084036,2.138337287563881e-05,3.686788426834278e-05
4,G2M_CHECKPOINT,-0.5554350816976459,1.5797429168757693e-26,1.1283877977684067e-25
4,GLYCOLYSIS,-0.2903384382617664,3.957945979601536e-08,9.423680903813182e-08
4,HEDGEHOG_SIGNALING,-0.05201254184987052,0.3730696601045559,0.3968826171325063
4,HEME_METABOLISM,0.013896470033584782,0.8180339374130015,0.8180339374130015
4,HYPOXIA,-0.03099844673494334,0.5719387727539457,0.5836109926060671
4,IL2_STAT5_SIGNALING,-0.1815566079740947,0.0018309729423123821,0.002543017975433864
4,IL6_JAK_STAT3_SIGNALING,-0.23185235940506627,6.632076072971508e-05,0.00010362618864017981
4,INFLAMMATORY_RESPONSE,-0.17567325039041404,0.0029829667777287526,0.004031036186119936
4,INTERFERON_ALPHA_RESPONSE,-0.16772317181636234,0.00811831154326299,0.010408091722132038
4,INTERFERON_GAMMA_RESPONSE,-0.25917318516047144,1.9853267564552174e-05,3.545226350812888e-05
4,KRAS_SIGNALING_DN,-0.0377085864768215,0.5122124923921978,0.5335546795752061
4,KRAS_SIGNALING_UP,0.07080816246997866,0.20223933473363465,0.22471037192626073
4,MITOTIC_SPINDLE,-0.35116830821157846,7.0555837233626345e-09,2.0751716833419515e-08
4,MTORC1_SIGNALING,-0.6097490875614135,2.8218841629804497e-31,4.7031402716340834e-30
4,MYC_TARGETS_V1,-0.5573045856552166,1.1255971133890327e-26,9.379975944908606e-26
4,MYC_TARGETS_V2,-0.5346836583331293,2.650053311036115e-23,1.4722518394645083e-22
4,MYOGENESIS,0.25512356507310396,1.569376988020667e-07,3.4116891043927546e-07
4,NOTCH_SIGNALING,0.11654402706651126,0.044357959765345796,0.051579022982960236
4,OXIDATIVE_PHOSPHORYLATION,-0.13187294669222147,0.0309559703678054,0.03685234567595881
4,P53_PATHWAY,0.16591220214369412,0.004803955801638865,0.006320994475840612
4,PANCREAS_BETA_CELLS,0.1616523436326907,0.00955119782037132,0.01193899727546415
4,PEROXISOME,0.2966514024678307,6.099477716304793e-07,1.270724524230165e-06
4,PI3K_AKT_MTOR_SIGNALING,-0.3868377522748251,1.0118466551016025e-10,3.3728221836720085e-10
4,PROTEIN_SECRETION,0.2381971179553129,0.0002592832483115555,0.0003928534065326599
4,REACTIVE_OXYGEN_SPECIES_PATHWAY,-0.24754927108005065,3.72420954009384e-05,6.006789580796516e-05
4,SPERMATOGENESIS,-0.5819182572987598,6.0731510404618724e-27,6.073151040461872e-26
4,TGF_BETA_SIGNALING,0.3565153266781404,2.5816559336994952e-09,8.067674792810922e-09
4,TNFA_SIGNALING_VIA_NFKB,-0.06926403288006504,0.22930022161405622,0.2492393713196263
4,UNFOLDED_PROTEIN_RESPONSE,-0.5339428409503354,5.860592295665314e-25,3.662870184790821e-24
4,UV_RESPONSE_DN,0.4316629908492755,1.384074061371313e-16,6.291245733505969e-16
4,UV_RESPONSE_UP,-0.3578635383629536,3.837450884978323e-08,9.423680903813182e-08
4,WNT_BETA_CATENIN_SIGNALING,-0.14004990624969327,0.011084981691897056,0.01351827035597202
4,XENOBIOTIC_METABOLISM,0.21882498628264518,2.4719240641974705e-05,4.119873440329118e-05
