# source: TCGA-CDR.xlsx (Liu et al., Cell 2018), rows where type == LUAD
# extracted: 2026-09-11 11:25 by extract_cdr.py
bcr_patient_barcode,OS,OS.time,PFI,PFI.time,DSS,DSS.time,DFI,DFI.time
TCGA-05-4244,0.0,0.0,0.0,0.0,0.0,0.0,,
TCGA-05-4245,0.0,730.0,1.0,334.0,0.0,730.0,,
TCGA-05-4249,0.0,1523.0,0.0,1523.0,0.0,1523.0,,
TCGA-05-4250,1.0,121.0,0.0,121.0,,121.0,,
TCGA-05-4382,0.0,607.0,1.0,334.0,0.0,607.0,1.0,334.0
TCGA-05-4384,0.0,426.0,1.0,183.0,0.0,426.0,,
TCGA-05-4389,0.0,1369.0,0.0,1369.0,0.0,1369.0,,
TCGA-05-4390,0.0,1126.0,1.0,395.0,0.0,1126.0,,
TCGA-05-4395,1.0,0.0,0.0,0.0,0.0,0.0,,
TCGA-05-4396,1.0,303.0,0.0,303.0,,303.0,,
TCGA-05-4397,1.0,731.0,0.0,731.0,,731.0,,
TCGA-05-4398,0.0,1431.0,0.0,1431.0,0.0,1431.0,0.0,1431.0
TCGA-05-4402,1.0,244.0,0.0,244.0,0.0,244.0,,
TCGA-05-4403,0.0,578.0,0.0,578.0,0.0,578.0,,
TCGA-05-4405,0.0,610.0,0.0,610.0,0.0,610.0,,
TCGA-05-4410,0.0,0.0,0.0,0.0,0.0,0.0,,
TCGA-05-4415,1.0,91.0,1.0,60.0,1.0,91.0,,
TCGA-05-4417,0.0,455.0,0.0,455.0,0.0,455.0,,
TCGA-05-4418,1.0,274.0,0.0,274.0,,274.0,,
TCGA-05-4420,0.0,912.0,0.0,912.0,0.0,912.0,0.0,912.0
TCGA-05-4422,0.0,365.0,0.0,365.0,0.0,365.0,,
TCGA-05-4424,0.0,913.0,1.0,153.0,0.0,913.0,,
TCGA-05-4425,0.0,669.0,0.0,669.0,0.0,669.0,,
TCGA-05-4426,0.0,791.0,1.0,457.0,0.0,791.0,1.0,457.0
TCGA-05-4427,0.0,791.0,0.0,791.0,0.0,791.0,0.0,791.0
TCGA-05-4430,0.0,761.0,0.0,761.0,0.0,761.0,,
TCGA-05-4432,0.0,761.0,0.0,761.0,0.0,761.0,0.0,761.0
TCGA-05-4433,0.0,730.0,0.0,730.0,0.0,730.0,,
TCGA-05-4434,1.0,457.0,0.0,457.0,,457.0,,
TCGA-05-5420,0.0,457.0,1.0,245.0,0.0,457.0,,
TCGA-05-5423,0.0,151.0,0.0,151.0,0.0,151.0,,
TCGA-05-5425,0.0,882.0,1.0,486.0,0.0,882.0,,
TCGA-05-5428,0.0,670.0,0.0,670.0,0.0,670.0,0.0,670.0
TCGA-05-5429,1.0,275.0,0.0,275.0,0.0,275.0,,
TCGA-05-5715,0.0,62.0,0.0,62.0,0.0,62.0,,
TCGA-35-3615,0.0,14.0,0.0,14.0,0.0,14.0,,
TCGA-35-4122,0.0,225.0,0.0,225.0,0.0,225.0,,
TCGA-35-4123,0.0,182.0,0.0,182.0,0.0,182.0,,
TCGA-35-5375,0.0,264.0,0.0,264.0,0.0,264.0,,
TCGA-38-4625,0.0,2973.0,0.0,2973.0,0.0,2973.0,0.0,2973.0
TCGA-38-4626,0.0,3674.0,1.0,2518.0,0.0,3674.0,0.0,3674.0
TCGA-38-4627,1.0,1147.0,0.0,1147.0,,1147.0,0.0,1147.0
TCGA-38-4628,1.0,1492.0,1.0,1083.0,1.0,1492.0,1.0,1083.0
TCGA-38-4629,1.0,864.0,1.0,379.0,1.0,864.0,1.0,379.0
TCGA-38-4630,1.0,1073.0,1.0,524.0,1.0,1073.0,1.0,524.0
TCGA-38-4631,1.0,354.0,1.0,354.0,1.0,354.0,,
TCGA-38-4632,1.0,1357.0,1.0,680.0,1.0,1357.0,,
TCGA-38-6178,0.0,448.0,0.0,448.0,0.0,448.0,,
TCGA-38-7271,1.0,800.0,1.0,304.0,1.0,800.0,1.0,304.0
TCGA-38-A44F,0.0,133.0,0.0,133.0,0.0,133.0,0.0,133.0
TCGA-44-2655,0.0,1324.0,1.0,1009.0,0.0,1324.0,0.0,1324.0
TCGA-44-2656,0.0,1429.0,1.0,568.0,0.0,1429.0,0.0,1429.0
TCGA-44-2657,0.0,1351.0,0.0,1351.0,0.0,1351.0,0.0,1351.0
TCGA-44-2659,0.0,1367.0,1.0,1146.0,0.0,1367.0,1.0,1146.0
TCGA-44-2661,0.0,1159.0,0.0,1159.0,0.0,1159.0,0.0,1159.0
TCGA-44-2662,0.0,1280.0,1.0,245.0,0.0,1280.0,,
TCGA-44-2664,0.0,1251.0,1.0,813.0,0.0,1251.0,1.0,813.0
TCGA-44-2665,0.0,1301.0,0.0,1301.0,0.0,1301.0,,
TCGA-44-2666,1.0,97.0,1.0,97.0,1.0,97.0,,
TCGA-44-2668,1.0,761.0,1.0,433.0,1.0,761.0,1.0,433.0
TCGA-44-3396,0.0,1130.0,0.0,1130.0,0.0,1130.0,0.0,1130.0
TCGA-44-3398,0.0,1163.0,0.0,1163.0,0.0,1163.0,0.0,1163.0
TCGA-44-3917,0.0,1183.0,0.0,1183.0,0.0,1183.0,0.0,1183.0
TCGA-44-3918,0.0,1036.0,1.0,511.0,0.0,1036.0,1.0,511.0
TCGA-44-3919,1.0,1026.0,1.0,921.0,1.0,1026.0,1.0,921.0
TCGA-44-4112,1.0,808.0,1.0,619.0,1.0,808.0,1.0,619.0
TCGA-44-5643,0.0,1013.0,0.0,1013.0,0.0,1013.0,,
TCGA-44-5644,0.0,863.0,0.0,863.0,0.0,863.0,0.0,863.0
TCGA-44-5645,0.0,852.0,0.0,852.0,0.0,852.0,0.0,852.0
TCGA-44-6144,0.0,723.0,1.0,399.0,0.0,723.0,1.0,399.0
TCGA-44-6145,0.0,595.0,0.0,595.0,0.0,595.0,0.0,595.0
TCGA-44-6146,0.0,728.0,1.0,631.0,0.0,728.0,1.0,631.0
TCGA-44-6147,0.0,845.0,0.0,845.0,0.0,845.0,0.0,845.0
TCGA-44-6148,0.0,704.0,0.0,704.0,0.0,704.0,0.0,704.0
TCGA-44-6774,0.0,658.0,0.0,658.0,0.0,658.0,0.0,658.0
TCGA-44-6775,0.0,705.0,1.0,684.0,0.0,705.0,1.0,684.0
TCGA-44-6776,0.0,2616.0,0.0,2616.0,0.0,2616.0,0.0,2616.0
TCGA-44-6777,1.0,987.0,0.0,987.0,0.0,987.0,0.0,987.0
TCGA-44-6778,0.0,1864.0,0.0,1864.0,0.0,1864.0,0.0,1864.0
TCGA-44-6779,1.0,500.0,1.0,232.0,1.0,500.0,,
TCGA-44-7659,0.0,691.0,0.0,691.0,0.0,691.0,0.0,691.0
TCGA-44-7660,0.0,592.0,1.0,253.0,0.0,592.0,,
TCGA-44-7661,1.0,557.0,1.0,335.0,1.0,557.0,1.0,335.0
TCGA-44-7662,0.0,218.0,0.0,218.0,0.0,218.0,0.0,218.0
TCGA-44-7667,0.0,1097.0,0.0,1097.0,0.0,1097.0,0.0,1097.0
TCGA-44-7669,1.0,574.0,1.0,390.0,1.0,574.0,1.0,390.0
TCGA-44-7670,0.0,882.0,0.0,882.0,0.0,882.0,0.0,882.0
TCGA-44-7671,0.0,889.0,1.0,883.0,0.0,889.0,1.0,883.0
TCGA-44-7672,0.0,719.0,0.0,719.0,0.0,719.0,0.0,719.0
TCGA-44-8117,0.0,385.0,0.0,385.0,0.0,385.0,0.0,385.0
TCGA-44-8119,0.0,285.0,0.0,285.0,0.0,285.0,0.0,285.0
TCGA-44-8120,0.0,260.0,0.0,260.0,0.0,260.0,0.0,260.0
TCGA-44-A479,0.0,486.0,1.0,437.0,0.0,486.0,0.0,486.0
TCGA-44-A47A,0.0,466.0,1.0,397.0,0.0,466.0,1.0,397.0
TCGA-44-A47B,0.0,287.0,0.0,287.0,0.0,287.0,0.0,287.0
TCGA-44-A47F,0.0,337.0,0.0,337.0,0.0,337.0,0.0,337.0
TCGA-44-A47G,0.0,351.0,0.0,351.0,0.0,351.0,0.0,351.0
TCGA-44-A4SS,0.0,415.0,0.0,415.0,0.0,415.0,0.0,415.0
TCGA-44-A4SU,1.0,409.0,1.0,260.0,1.0,409.0,1.0,260.0
TCGA-49-4486,1.0,2318.0,1.0,2045.0,1.0,2318.0,1.0,2045.0
TCGA-49-4487,1.0,855.0,1.0,697.0,1.0,855.0,1.0,697.0
TCGA-49-4488,1.0,869.0,1.0,634.0,,869.0,,
TCGA-49-4490,1.0,385.0,1.0,385.0,1.0,385.0,,
TCGA-49-4494,1.0,1081.0,1.0,1081.0,1.0,1081.0,,
TCGA-49-4501,1.0,1421.0,1.0,545.0,1.0,1421.0,1.0,545.0
TCGA-49-4505,1.0,428.0,1.0,417.0,1.0,428.0,1.0,417.0
TCGA-49-4506,1.0,999.0,1.0,692.0,,999.0,1.0,692.0
TCGA-49-4507,1.0,268.0,1.0,158.0,1.0,268.0,,
TCGA-49-4510,1.0,896.0,1.0,502.0,1.0,896.0,,
TCGA-49-4512,1.0,905.0,1.0,905.0,1.0,905.0,,
TCGA-49-4514,0.0,1700.0,0.0,1700.0,0.0,1700.0,0.0,1700.0
TCGA-49-6742,1.0,488.0,1.0,214.0,1.0,488.0,,
TCGA-49-6743,0.0,1621.0,0.0,1621.0,0.0,1621.0,0.0,1621.0
TCGA-49-6744,0.0,1683.0,0.0,1683.0,0.0,1683.0,0.0,1683.0
TCGA-49-6745,0.0,522.0,0.0,522.0,0.0,522.0,,
TCGA-49-6761,0.0,354.0,0.0,354.0,0.0,354.0,0.0,354.0
TCGA-49-6767,0.0,677.0,0.0,677.0,0.0,677.0,,
TCGA-49-AAQV,1.0,677.0,1.0,509.0,0.0,677.0,1.0,509.0
TCGA-49-AAR0,0.0,4765.0,0.0,4765.0,0.0,4765.0,0.0,4765.0
TCGA-49-AAR2,0.0,2224.0,0.0,2224.0,0.0,2224.0,0.0,2224.0
TCGA-49-AAR3,0.0,1893.0,1.0,1893.0,0.0,1893.0,1.0,1893.0
TCGA-49-AAR4,1.0,879.0,1.0,879.0,1.0,879.0,,
TCGA-49-AAR9,1.0,260.0,1.0,260.0,1.0,260.0,,
TCGA-49-AARE,1.0,1229.0,1.0,388.0,1.0,1229.0,1.0,388.0
TCGA-49-AARN,1.0,1135.0,0.0,1135.0,,1135.0,0.0,1135.0
TCGA-49-AARO,0.0,3759.0,1.0,1144.0,0.0,3759.0,1.0,1144.0
TCGA-49-AARQ,0.0,6732.0,0.0,6732.0,0.0,6732.0,0.0,6732.0
TCGA-49-AARR,0.0,4992.0,1.0,1099.0,0.0,4992.0,1.0,4812.0
TCGA-4B-A93V,1.0,300.0,1.0,251.0,1.0,300.0,,
TCGA-50-5044,1.0,624.0,1.0,483.0,1.0,624.0,,
TCGA-50-5045,1.0,2174.0,1.0,1433.0,1.0,2174.0,,
TCGA-50-5049,0.0,3094.0,1.0,1568.0,0.0,3094.0,,
TCGA-50-5051,1.0,478.0,1.0,184.0,1.0,478.0,,
TCGA-50-5055,1.0,1830.0,1.0,771.0,1.0,1830.0,,
TCGA-50-5066,0.0,1442.0,1.0,477.0,0.0,1442.0,1.0,477.0
TCGA-50-5068,1.0,1499.0,1.0,686.0,1.0,1499.0,,
TCGA-50-5072,1.0,250.0,1.0,213.0,1.0,250.0,,
TCGA-50-5930,1.0,282.0,1.0,177.0,1.0,282.0,,
TCGA-50-5931,1.0,434.0,1.0,425.0,1.0,434.0,,
TCGA-50-5932,1.0,1235.0,1.0,1090.0,1.0,1235.0,,
TCGA-50-5933,1.0,2393.0,0.0,2393.0,0.0,2393.0,0.0,2393.0
TCGA-50-5935,1.0,653.0,0.0,653.0,0.0,653.0,0.0,653.0
TCGA-50-5936,1.0,257.0,1.0,150.0,1.0,257.0,,
TCGA-50-5939,1.0,460.0,0.0,460.0,0.0,460.0,0.0,460.0
TCGA-50-5941,0.0,1474.0,0.0,1474.0,0.0,1474.0,0.0,1474.0
TCGA-50-5942,0.0,1847.0,1.0,1378.0,0.0,1847.0,,
TCGA-50-5944,0.0,1750.0,0.0,1750.0,0.0,1750.0,0.0,1750.0
TCGA-50-5946,0.0,1617.0,1.0,221.0,0.0,1617.0,,
TCGA-50-6590,1.0,1288.0,0.0,1288.0,0.0,1288.0,0.0,1288.0
TCGA-50-6591,1.0,119.0,1.0,119.0,1.0,119.0,,
TCGA-50-6592,1.0,777.0,1.0,777.0,1.0,777.0,,
TCGA-50-6593,1.0,336.0,1.0,266.0,1.0,336.0,,
TCGA-50-6594,1.0,370.0,1.0,285.0,1.0,370.0,,
TCGA-50-6595,1.0,189.0,1.0,182.0,1.0,189.0,,
TCGA-50-6597,1.0,1268.0,0.0,1268.0,0.0,1268.0,,
TCGA-50-6673,1.0,22.0,0.0,22.0,,22.0,,
TCGA-50-7109,1.0,308.0,1.0,15.0,1.0,308.0,,
TCGA-50-8457,0.0,1125.0,0.0,1125.0,0.0,1125.0,0.0,1125.0
TCGA-50-8459,0.0,1119.0,1.0,432.0,0.0,1119.0,,
TCGA-50-8460,0.0,829.0,0.0,829.0,0.0,829.0,0.0,829.0
TCGA-53-7624,1.0,1043.0,1.0,400.0,1.0,1043.0,,
TCGA-53-7626,1.0,929.0,1.0,865.0,1.0,929.0,,
TCGA-53-7813,0.0,424.0,0.0,424.0,0.0,424.0,,
TCGA-53-A4EZ,0.0,1071.0,0.0,1071.0,0.0,1071.0,,
TCGA-55-1592,1.0,701.0,1.0,452.0,1.0,701.0,1.0,452.0
TCGA-55-1594,0.0,1178.0,0.0,1178.0,0.0,1178.0,,
TCGA-55-1595,0.0,1479.0,0.0,1479.0,0.0,1479.0,0.0,1479.0
TCGA-55-1596,0.0,2065.0,0.0,2065.0,0.0,2065.0,0.0,2065.0
TCGA-55-5899,0.0,930.0,0.0,930.0,0.0,930.0,0.0,930.0
TCGA-55-6543,0.0,435.0,0.0,435.0,0.0,435.0,0.0,435.0
TCGA-55-6642,0.0,2449.0,0.0,2449.0,0.0,2449.0,0.0,2449.0
TCGA-55-6712,1.0,171.0,1.0,171.0,1.0,171.0,,
TCGA-55-6968,1.0,1293.0,1.0,1293.0,1.0,1293.0,,
TCGA-55-6969,0.0,1239.0,0.0,1239.0,0.0,1239.0,,
TCGA-55-6970,1.0,464.0,1.0,457.0,1.0,464.0,,
TCGA-55-6971,0.0,1400.0,0.0,1400.0,0.0,1400.0,0.0,1400.0
TCGA-55-6972,1.0,1632.0,0.0,1632.0,0.0,1632.0,0.0,1632.0
TCGA-55-6975,1.0,118.0,1.0,118.0,1.0,118.0,,
TCGA-55-6978,1.0,176.0,1.0,42.0,1.0,176.0,,
TCGA-55-6979,1.0,237.0,1.0,195.0,1.0,237.0,,
TCGA-55-6980,0.0,2109.0,0.0,2109.0,0.0,2109.0,0.0,2109.0
TCGA-55-6981,1.0,1379.0,0.0,1379.0,0.0,1379.0,0.0,1379.0
TCGA-55-6982,1.0,995.0,1.0,183.0,1.0,995.0,,
TCGA-55-6983,0.0,2823.0,0.0,2823.0,0.0,2823.0,0.0,2823.0
TCGA-55-6984,1.0,760.0,1.0,724.0,1.0,760.0,1.0,724.0
TCGA-55-6985,0.0,1233.0,0.0,1233.0,0.0,1233.0,0.0,1233.0
TCGA-55-6986,0.0,3261.0,0.0,3261.0,0.0,3261.0,0.0,3261.0
TCGA-55-6987,0.0,2137.0,0.0,2137.0,0.0,2137.0,0.0,2137.0
TCGA-55-7227,1.0,952.0,1.0,255.0,1.0,952.0,1.0,255.0
TCGA-55-7281,0.0,872.0,1.0,339.0,0.0,872.0,1.0,339.0
TCGA-55-7283,0.0,609.0,0.0,609.0,0.0,609.0,,
TCGA-55-7284,1.0,243.0,1.0,231.0,1.0,243.0,1.0,231.0
TCGA-55-7570,0.0,824.0,0.0,824.0,0.0,824.0,0.0,824.0
TCGA-55-7573,0.0,487.0,0.0,487.0,0.0,487.0,0.0,487.0
TCGA-55-7574,1.0,995.0,1.0,478.0,1.0,995.0,1.0,478.0
TCGA-55-7576,0.0,670.0,0.0,670.0,0.0,670.0,0.0,670.0
TCGA-55-7724,0.0,705.0,0.0,705.0,0.0,705.0,0.0,705.0
TCGA-55-7725,0.0,442.0,0.0,442.0,0.0,442.0,0.0,442.0
TCGA-55-7726,0.0,652.0,0.0,652.0,0.0,652.0,0.0,652.0
TCGA-55-7727,0.0,119.0,0.0,119.0,0.0,119.0,0.0,119.0
TCGA-55-7728,0.0,704.0,0.0,704.0,0.0,704.0,0.0,704.0
TCGA-55-7815,0.0,773.0,1.0,466.0,0.0,773.0,1.0,466.0
TCGA-55-7816,1.0,468.0,1.0,468.0,1.0,468.0,,
TCGA-55-7903,0.0,567.0,0.0,567.0,0.0,567.0,0.0,567.0
TCGA-55-7907,1.0,343.0,1.0,294.0,1.0,343.0,1.0,294.0
TCGA-55-7910,0.0,1040.0,1.0,1018.0,0.0,1040.0,1.0,1018.0
TCGA-55-7911,0.0,537.0,1.0,515.0,0.0,537.0,0.0,537.0
TCGA-55-7913,1.0,561.0,1.0,480.0,1.0,561.0,1.0,480.0
TCGA-55-7914,1.0,187.0,1.0,187.0,1.0,187.0,,
TCGA-55-7994,0.0,603.0,0.0,603.0,0.0,603.0,0.0,603.0
TCGA-55-7995,0.0,889.0,1.0,468.0,0.0,889.0,1.0,468.0
TCGA-55-8085,0.0,904.0,0.0,904.0,0.0,904.0,0.0,904.0
TCGA-55-8087,0.0,462.0,0.0,462.0,0.0,462.0,0.0,462.0
TCGA-55-8089,1.0,702.0,0.0,702.0,0.0,702.0,0.0,702.0
TCGA-55-8090,1.0,598.0,1.0,548.0,1.0,598.0,1.0,548.0
TCGA-55-8091,0.0,600.0,0.0,600.0,0.0,600.0,0.0,600.0
TCGA-55-8092,1.0,154.0,1.0,127.0,1.0,154.0,1.0,127.0
TCGA-55-8094,0.0,541.0,0.0,541.0,0.0,541.0,,
TCGA-55-8096,1.0,719.0,1.0,566.0,1.0,719.0,1.0,566.0
TCGA-55-8097,0.0,476.0,0.0,476.0,0.0,476.0,0.0,476.0
TCGA-55-8203,0.0,547.0,0.0,547.0,0.0,547.0,0.0,547.0
TCGA-55-8204,0.0,515.0,0.0,515.0,0.0,515.0,0.0,515.0
TCGA-55-8205,0.0,599.0,1.0,495.0,0.0,599.0,,
TCGA-55-8206,0.0,888.0,0.0,888.0,0.0,888.0,0.0,888.0
TCGA-55-8207,0.0,977.0,0.0,977.0,0.0,977.0,0.0,977.0
TCGA-55-8208,0.0,674.0,1.0,511.0,0.0,674.0,1.0,511.0
TCGA-55-8299,1.0,469.0,1.0,274.0,1.0,469.0,1.0,274.0
TCGA-55-8301,0.0,534.0,1.0,238.0,0.0,534.0,1.0,238.0
TCGA-55-8302,0.0,478.0,0.0,478.0,0.0,478.0,0.0,478.0
TCGA-55-8505,0.0,440.0,0.0,440.0,0.0,440.0,0.0,440.0
TCGA-55-8506,0.0,11.0,0.0,11.0,0.0,11.0,,
TCGA-55-8507,0.0,418.0,0.0,418.0,0.0,418.0,0.0,418.0
TCGA-55-8508,0.0,617.0,0.0,617.0,0.0,617.0,0.0,617.0
TCGA-55-8510,0.0,539.0,0.0,539.0,0.0,539.0,0.0,539.0
TCGA-55-8511,0.0,552.0,1.0,460.0,0.0,552.0,1.0,460.0
TCGA-55-8512,1.0,607.0,1.0,607.0,1.0,607.0,,
TCGA-55-8513,0.0,791.0,1.0,317.0,0.0,791.0,1.0,317.0
TCGA-55-8514,0.0,520.0,0.0,520.0,0.0,520.0,0.0,520.0
TCGA-55-8614,0.0,536.0,0.0,536.0,0.0,536.0,0.0,536.0
TCGA-55-8615,0.0,446.0,1.0,224.0,0.0,446.0,1.0,224.0
TCGA-55-8616,0.0,48.0,0.0,48.0,0.0,48.0,,
TCGA-55-8619,0.0,416.0,0.0,416.0,0.0,416.0,0.0,416.0
TCGA-55-8620,1.0,375.0,1.0,375.0,1.0,375.0,,
TCGA-55-8621,0.0,515.0,0.0,515.0,0.0,515.0,0.0,515.0
TCGA-55-A48X,0.0,689.0,1.0,615.0,0.0,689.0,0.0,689.0
TCGA-55-A48Y,0.0,630.0,0.0,630.0,0.0,630.0,0.0,630.0
TCGA-55-A48Z,0.0,651.0,1.0,536.0,0.0,651.0,,
TCGA-55-A490,1.0,99.0,0.0,99.0,0.0,99.0,,
TCGA-55-A491,0.0,626.0,0.0,626.0,0.0,626.0,0.0,626.0
TCGA-55-A492,0.0,596.0,0.0,596.0,0.0,596.0,0.0,596.0
TCGA-55-A493,0.0,28.0,0.0,28.0,0.0,28.0,,
TCGA-55-A494,0.0,481.0,0.0,481.0,0.0,481.0,0.0,481.0
TCGA-55-A4DF,1.0,614.0,1.0,515.0,1.0,614.0,1.0,515.0
TCGA-55-A4DG,0.0,608.0,0.0,608.0,0.0,608.0,0.0,608.0
TCGA-55-A57B,0.0,546.0,0.0,546.0,0.0,546.0,0.0,546.0
TCGA-62-8394,1.0,139.0,0.0,139.0,0.0,139.0,0.0,139.0
TCGA-62-8395,0.0,1216.0,1.0,395.0,0.0,1216.0,1.0,395.0
TCGA-62-8397,0.0,1289.0,0.0,1289.0,0.0,1289.0,0.0,1289.0
TCGA-62-8398,1.0,444.0,0.0,444.0,0.0,444.0,0.0,444.0
TCGA-62-8399,0.0,2696.0,0.0,2696.0,0.0,2696.0,0.0,2696.0
TCGA-62-8402,1.0,1498.0,1.0,772.0,1.0,1498.0,1.0,772.0
TCGA-62-A46O,1.0,1454.0,1.0,943.0,1.0,1454.0,1.0,943.0
TCGA-62-A46P,1.0,594.0,1.0,267.0,0.0,594.0,1.0,267.0
TCGA-62-A46R,1.0,1725.0,0.0,1725.0,0.0,1725.0,0.0,1725.0
TCGA-62-A46S,1.0,1653.0,1.0,527.0,1.0,1653.0,1.0,527.0
TCGA-62-A46U,0.0,2067.0,0.0,2067.0,0.0,2067.0,0.0,2067.0
TCGA-62-A46V,0.0,2199.0,0.0,2199.0,0.0,2199.0,0.0,2199.0
TCGA-62-A46Y,1.0,414.0,1.0,314.0,1.0,414.0,1.0,314.0
TCGA-62-A470,1.0,1194.0,1.0,539.0,1.0,1194.0,1.0,539.0
TCGA-62-A471,0.0,1246.0,0.0,1246.0,0.0,1246.0,0.0,1246.0
TCGA-62-A472,0.0,910.0,1.0,290.0,0.0,910.0,1.0,290.0
TCGA-64-1676,0.0,1728.0,0.0,1728.0,0.0,1728.0,0.0,1728.0
TCGA-64-1677,1.0,628.0,1.0,360.0,,628.0,,
TCGA-64-1678,0.0,1189.0,0.0,1189.0,0.0,1189.0,0.0,1189.0
TCGA-64-1679,0.0,2488.0,0.0,2488.0,0.0,2488.0,0.0,2488.0
TCGA-64-1680,0.0,1126.0,0.0,1126.0,0.0,1126.0,,
TCGA-64-1681,1.0,1167.0,1.0,439.0,,1167.0,,
TCGA-64-5774,0.0,2676.0,1.0,246.0,0.0,2676.0,1.0,246.0
TCGA-64-5775,1.0,62.0,1.0,62.0,1.0,62.0,,
TCGA-64-5778,0.0,1305.0,1.0,962.0,0.0,1305.0,1.0,962.0
TCGA-64-5779,0.0,864.0,1.0,795.0,0.0,864.0,,
TCGA-64-5781,0.0,1559.0,1.0,96.0,0.0,1559.0,,
TCGA-64-5815,0.0,866.0,0.0,866.0,0.0,866.0,0.0,866.0
TCGA-67-3770,0.0,610.0,0.0,610.0,0.0,610.0,,
TCGA-67-3771,0.0,610.0,0.0,610.0,0.0,610.0,,
TCGA-67-3772,0.0,573.0,0.0,573.0,0.0,573.0,,
TCGA-67-3773,0.0,427.0,0.0,427.0,0.0,427.0,,
TCGA-67-3774,0.0,385.0,0.0,385.0,0.0,385.0,,
TCGA-67-3776,0.0,61.0,0.0,61.0,0.0,61.0,,
TCGA-67-4679,0.0,448.0,0.0,448.0,0.0,448.0,,
TCGA-67-6215,0.0,174.0,0.0,174.0,0.0,174.0,0.0,174.0
TCGA-67-6216,0.0,141.0,0.0,141.0,0.0,141.0,0.0,141.0
TCGA-67-6217,0.0,422.0,1.0,296.0,0.0,422.0,,
TCGA-69-7760,0.0,202.0,0.0,202.0,0.0,202.0,,
TCGA-69-7761,0.0,186.0,0.0,186.0,0.0,186.0,,
TCGA-69-7763,0.0,690.0,0.0,690.0,0.0,690.0,,
TCGA-69-7764,0.0,414.0,0.0,414.0,0.0,414.0,,
TCGA-69-7765,0.0,165.0,0.0,165.0,0.0,165.0,,
TCGA-69-7973,0.0,230.0,0.0,230.0,0.0,230.0,0.0,230.0
TCGA-69-7974,0.0,184.0,0.0,184.0,0.0,184.0,,
TCGA-69-7978,0.0,134.0,0.0,134.0,0.0,134.0,,
TCGA-69-7979,0.0,408.0,0.0,408.0,0.0,408.0,,
TCGA-69-7980,0.0,411.0,0.0,411.0,0.0,411.0,0.0,411.0
TCGA-69-8253,0.0,426.0,0.0,426.0,0.0,426.0,0.0,426.0
TCGA-69-8254,0.0,409.0,0.0,409.0,0.0,409.0,0.0,409.0
TCGA-69-8255,0.0,129.0,0.0,129.0,0.0,129.0,,
TCGA-69-8453,0.0,813.0,1.0,344.0,0.0,813.0,,
TCGA-69-A59K,0.0,591.0,0.0,591.0,0.0,591.0,,
TCGA-71-6725,0.0,256.0,1.0,164.0,0.0,256.0,,
TCGA-71-8520,1.0,210.0,1.0,179.0,1.0,210.0,1.0,179.0
TCGA-73-4658,1.0,1600.0,0.0,1600.0,0.0,1600.0,0.0,1600.0
TCGA-73-4659,1.0,711.0,1.0,35.0,1.0,711.0,,
TCGA-73-4662,0.0,2515.0,1.0,21.0,0.0,2515.0,1.0,21.0
TCGA-73-4666,0.0,800.0,0.0,800.0,0.0,800.0,,
TCGA-73-4668,0.0,467.0,1.0,236.0,0.0,467.0,1.0,236.0
TCGA-73-4670,0.0,131.0,0.0,131.0,0.0,131.0,,
TCGA-73-4675,1.0,922.0,1.0,361.0,0.0,922.0,,
TCGA-73-4676,1.0,281.0,1.0,281.0,1.0,281.0,,
TCGA-73-4677,1.0,38.0,1.0,38.0,1.0,38.0,,
TCGA-73-7498,0.0,1189.0,0.0,1189.0,0.0,1189.0,0.0,1189.0
TCGA-73-7499,1.0,1531.0,1.0,1447.0,0.0,1531.0,1.0,1447.0
TCGA-73-A9RS,1.0,340.0,1.0,107.0,1.0,340.0,,
TCGA-75-5122,1.0,,1.0,,1.0,,,
TCGA-75-5125,1.0,2027.0,1.0,1752.0,1.0,2027.0,1.0,1752.0
TCGA-75-5126,0.0,,0.0,,0.0,,,
TCGA-75-5146,0.0,2368.0,1.0,1773.0,0.0,2368.0,0.0,2368.0
TCGA-75-5147,0.0,1333.0,0.0,1333.0,0.0,1333.0,0.0,1333.0
TCGA-75-6203,0.0,,0.0,,0.0,,0.0,
TCGA-75-6205,1.0,,1.0,,1.0,,,
TCGA-75-6206,0.0,2590.0,0.0,2590.0,0.0,2590.0,0.0,2590.0
TCGA-75-6207,1.0,,0.0,,,,0.0,
TCGA-75-6211,1.0,,1.0,,1.0,,,
TCGA-75-6212,1.0,1516.0,1.0,1340.0,1.0,1516.0,0.0,1516.0
TCGA-75-6214,1.0,1115.0,1.0,419.0,1.0,1115.0,1.0,419.0
TCGA-75-7025,0.0,3305.0,1.0,1481.0,0.0,3305.0,1.0,1481.0
TCGA-75-7027,0.0,3059.0,1.0,2949.0,0.0,3059.0,1.0,2949.0
TCGA-75-7030,0.0,,0.0,,0.0,,0.0,
TCGA-75-7031,0.0,,0.0,,0.0,,,
TCGA-78-7143,1.0,4961.0,1.0,1500.0,,4961.0,,
TCGA-78-7145,1.0,826.0,1.0,422.0,1.0,826.0,,
TCGA-78-7146,1.0,173.0,0.0,173.0,,173.0,,
TCGA-78-7147,1.0,586.0,1.0,578.0,1.0,586.0,,
TCGA-78-7148,1.0,626.0,1.0,182.0,,626.0,,
TCGA-78-7149,0.0,3940.0,0.0,3940.0,0.0,3940.0,0.0,3940.0
TCGA-78-7150,1.0,666.0,1.0,139.0,1.0,666.0,,
TCGA-78-7152,1.0,1215.0,1.0,1202.0,1.0,1215.0,1.0,1202.0
TCGA-78-7153,0.0,3635.0,0.0,3635.0,0.0,3635.0,0.0,3635.0
TCGA-78-7154,1.0,593.0,0.0,593.0,,593.0,,
TCGA-78-7155,1.0,1171.0,1.0,209.0,,1171.0,,
TCGA-78-7156,1.0,976.0,0.0,976.0,,976.0,,
TCGA-78-7158,1.0,179.0,1.0,132.0,1.0,179.0,,
TCGA-78-7159,0.0,1974.0,0.0,1974.0,0.0,1974.0,0.0,1974.0
TCGA-78-7160,1.0,697.0,0.0,697.0,,697.0,,
TCGA-78-7161,1.0,291.0,1.0,162.0,1.0,291.0,,
TCGA-78-7162,1.0,3169.0,1.0,2218.0,,3169.0,,
TCGA-78-7163,0.0,7248.0,0.0,7248.0,0.0,7248.0,0.0,7248.0
TCGA-78-7166,1.0,258.0,0.0,258.0,,258.0,,
TCGA-78-7167,1.0,2681.0,1.0,726.0,1.0,2681.0,,
TCGA-78-7220,1.0,807.0,1.0,531.0,1.0,807.0,,
TCGA-78-7535,1.0,949.0,1.0,809.0,1.0,949.0,,
TCGA-78-7536,1.0,244.0,1.0,231.0,1.0,244.0,,
TCGA-78-7537,1.0,1622.0,0.0,1622.0,,1622.0,,
TCGA-78-7539,0.0,791.0,1.0,688.0,0.0,791.0,1.0,688.0
TCGA-78-7540,1.0,1197.0,0.0,1197.0,,1197.0,0.0,1197.0
TCGA-78-7542,1.0,321.0,0.0,321.0,,321.0,,
TCGA-78-7633,1.0,1528.0,1.0,1450.0,1.0,1528.0,1.0,1450.0
TCGA-78-8640,0.0,7062.0,0.0,7062.0,0.0,7062.0,0.0,7062.0
TCGA-78-8648,1.0,1209.0,1.0,720.0,,1209.0,,
TCGA-78-8655,0.0,2360.0,0.0,2360.0,0.0,2360.0,0.0,2360.0
TCGA-78-8660,1.0,321.0,1.0,242.0,1.0,321.0,,
TCGA-78-8662,1.0,3361.0,1.0,3044.0,,3361.0,1.0,3044.0
TCGA-80-5607,0.0,,0.0,,0.0,,,
TCGA-80-5608,0.0,2832.0,0.0,2832.0,0.0,2832.0,0.0,2832.0
TCGA-80-5611,0.0,2595.0,0.0,2595.0,0.0,2595.0,0.0,2595.0
TCGA-83-5908,0.0,824.0,0.0,824.0,0.0,824.0,,
TCGA-86-6562,1.0,376.0,1.0,274.0,1.0,376.0,,
TCGA-86-6851,0.0,179.0,0.0,179.0,0.0,179.0,0.0,179.0
TCGA-86-7701,0.0,947.0,1.0,424.0,0.0,947.0,,
TCGA-86-7711,1.0,1046.0,1.0,1046.0,1.0,1046.0,,
TCGA-86-7713,0.0,1157.0,0.0,1157.0,0.0,1157.0,0.0,1157.0
TCGA-86-7714,1.0,625.0,1.0,625.0,1.0,625.0,,
TCGA-86-7953,0.0,997.0,0.0,997.0,0.0,997.0,0.0,997.0
TCGA-86-7954,0.0,605.0,0.0,605.0,0.0,605.0,0.0,605.0
TCGA-86-7955,0.0,1072.0,1.0,820.0,0.0,1072.0,1.0,820.0
TCGA-86-8054,0.0,1148.0,0.0,1148.0,0.0,1148.0,0.0,1148.0
TCGA-86-8055,1.0,124.0,0.0,124.0,0.0,124.0,0.0,124.0
TCGA-86-8056,0.0,139.0,0.0,139.0,0.0,139.0,0.0,139.0
TCGA-86-8073,0.0,740.0,0.0,740.0,0.0,740.0,0.0,740.0
TCGA-86-8074,0.0,24.0,0.0,24.0,0.0,24.0,,
TCGA-86-8075,1.0,694.0,1.0,199.0,0.0,694.0,1.0,199.0
TCGA-86-8076,0.0,993.0,0.0,993.0,0.0,993.0,0.0,993.0
TCGA-86-8278,0.0,944.0,1.0,29.0,0.0,944.0,1.0,29.0
TCGA-86-8279,0.0,949.0,0.0,949.0,0.0,949.0,0.0,949.0
TCGA-86-8280,0.0,701.0,0.0,701.0,0.0,701.0,0.0,701.0
TCGA-86-8281,0.0,0.0,0.0,0.0,0.0,0.0,0.0,0.0
TCGA-86-8358,0.0,653.0,0.0,653.0,0.0,653.0,0.0,653.0
TCGA-86-8359,1.0,444.0,0.0,444.0,0.0,444.0,,
TCGA-86-8585,0.0,353.0,0.0,353.0,0.0,353.0,0.0,353.0
TCGA-86-8668,0.0,423.0,0.0,423.0,0.0,423.0,0.0,423.0
TCGA-86-8669,0.0,938.0,1.0,849.0,0.0,938.0,1.0,849.0
TCGA-86-8671,0.0,839.0,0.0,839.0,0.0,839.0,0.0,839.0
TCGA-86-8672,1.0,19.0,0.0,19.0,0.0,19.0,0.0,19.0
TCGA-86-8673,0.0,862.0,1.0,636.0,0.0,862.0,1.0,636.0
TCGA-86-8674,0.0,806.0,1.0,334.0,0.0,806.0,1.0,334.0
TCGA-86-A456,0.0,896.0,0.0,896.0,0.0,896.0,0.0,896.0
TCGA-86-A4D0,1.0,116.0,0.0,116.0,0.0,116.0,0.0,116.0
TCGA-86-A4JF,1.0,737.0,1.0,436.0,1.0,737.0,1.0,436.0
TCGA-86-A4P7,0.0,415.0,0.0,415.0,0.0,415.0,0.0,415.0
TCGA-86-A4P8,0.0,805.0,0.0,805.0,0.0,805.0,0.0,805.0
TCGA-91-6828,0.0,323.0,0.0,323.0,0.0,323.0,0.0,323.0
TCGA-91-6829,1.0,1258.0,0.0,1258.0,0.0,1258.0,,
TCGA-91-6830,0.0,60.0,1.0,18.0,0.0,60.0,,
TCGA-91-6831,0.0,310.0,0.0,310.0,0.0,310.0,0.0,310.0
TCGA-91-6835,0.0,79.0,0.0,79.0,0.0,79.0,0.0,79.0
TCGA-91-6836,0.0,417.0,0.0,417.0,0.0,417.0,0.0,417.0
TCGA-91-6840,0.0,372.0,0.0,372.0,0.0,372.0,0.0,372.0
TCGA-91-6847,0.0,842.0,1.0,772.0,0.0,842.0,,
TCGA-91-6848,0.0,224.0,0.0,224.0,0.0,224.0,0.0,224.0
TCGA-91-6849,0.0,35.0,0.0,35.0,0.0,35.0,,
TCGA-91-7771,0.0,492.0,0.0,492.0,0.0,492.0,0.0,492.0
TCGA-91-8496,0.0,505.0,0.0,505.0,0.0,505.0,0.0,505.0
TCGA-91-8497,1.0,434.0,0.0,434.0,0.0,434.0,0.0,434.0
TCGA-91-8499,0.0,36.0,0.0,36.0,0.0,36.0,,
TCGA-91-A4BC,0.0,44.0,0.0,44.0,0.0,44.0,,
TCGA-91-A4BD,0.0,603.0,0.0,603.0,0.0,603.0,0.0,603.0
TCGA-93-7347,0.0,683.0,0.0,683.0,0.0,683.0,0.0,683.0
TCGA-93-7348,0.0,531.0,0.0,531.0,0.0,531.0,0.0,531.0
TCGA-93-8067,0.0,186.0,0.0,186.0,0.0,186.0,0.0,186.0
TCGA-93-A4JN,0.0,718.0,0.0,718.0,0.0,718.0,,
TCGA-93-A4JO,1.0,33.0,0.0,33.0,0.0,33.0,,
TCGA-93-A4JP,0.0,578.0,1.0,497.0,0.0,578.0,,
TCGA-93-A4JQ,0.0,526.0,0.0,526.0,0.0,526.0,0.0,526.0
TCGA-95-7039,0.0,1272.0,1.0,1258.0,0.0,1272.0,1.0,1258.0
TCGA-95-7043,1.0,503.0,1.0,503.0,1.0,503.0,,
TCGA-95-7562,1.0,87.0,0.0,87.0,0.0,87.0,,
TCGA-95-7567,0.0,568.0,0.0,568.0,0.0,568.0,,
TCGA-95-7944,0.0,377.0,0.0,377.0,0.0,377.0,,
TCGA-95-7947,0.0,477.0,0.0,477.0,0.0,477.0,0.0,477.0
TCGA-95-7948,0.0,476.0,0.0,476.0,0.0,476.0,0.0,476.0
TCGA-95-8039,0.0,830.0,1.0,228.0,0.0,830.0,1.0,228.0
TCGA-95-8494,0.0,84.0,0.0,84.0,0.0,84.0,0.0,84.0
TCGA-95-A4VK,0.0,651.0,1.0,496.0,0.0,651.0,,
TCGA-95-A4VN,0.0,553.0,0.0,553.0,0.0,553.0,,
TCGA-95-A4VP,0.0,605.0,1.0,216.0,0.0,605.0,,
TCGA-97-7546,0.0,1285.0,1.0,1255.0,0.0,1285.0,,
TCGA-97-7547,0.0,1965.0,1.0,775.0,0.0,1965.0,,
TCGA-97-7552,0.0,1932.0,1.0,798.0,0.0,1932.0,,
TCGA-97-7553,0.0,1870.0,0.0,1870.0,0.0,1870.0,0.0,1870.0
TCGA-97-7554,0.0,775.0,0.0,775.0,0.0,775.0,0.0,775.0
TCGA-97-7937,0.0,564.0,0.0,564.0,0.0,564.0,,
TCGA-97-7938,1.0,18.0,0.0,18.0,0.0,18.0,0.0,18.0
TCGA-97-7941,0.0,484.0,0.0,484.0,0.0,484.0,0.0,484.0
TCGA-97-8171,0.0,568.0,1.0,441.0,0.0,568.0,,
TCGA-97-8172,0.0,545.0,0.0,545.0,0.0,545.0,0.0,545.0
TCGA-97-8174,1.0,164.0,0.0,164.0,,164.0,,
TCGA-97-8175,0.0,551.0,1.0,294.0,0.0,551.0,1.0,294.0
TCGA-97-8176,1.0,468.0,1.0,39.0,0.0,468.0,,
TCGA-97-8177,0.0,499.0,0.0,499.0,0.0,499.0,,
TCGA-97-8179,0.0,435.0,0.0,435.0,0.0,435.0,0.0,435.0
TCGA-97-8547,0.0,657.0,0.0,657.0,0.0,657.0,0.0,657.0
TCGA-97-8552,0.0,626.0,0.0,626.0,0.0,626.0,0.0,626.0
TCGA-97-A4LX,0.0,614.0,0.0,614.0,0.0,614.0,0.0,614.0
TCGA-97-A4M0,0.0,652.0,0.0,652.0,0.0,652.0,0.0,652.0
TCGA-97-A4M1,0.0,601.0,0.0,601.0,0.0,601.0,0.0,601.0
TCGA-97-A4M2,0.0,624.0,0.0,624.0,0.0,624.0,0.0,624.0
TCGA-97-A4M3,0.0,540.0,1.0,54.0,0.0,540.0,0.0,540.0
TCGA-97-A4M5,0.0,634.0,0.0,634.0,0.0,634.0,0.0,634.0
TCGA-97-A4M6,0.0,568.0,0.0,568.0,0.0,568.0,0.0,568.0
TCGA-97-A4M7,0.0,629.0,0.0,629.0,0.0,629.0,0.0,629.0
TCGA-99-7458,0.0,747.0,0.0,747.0,0.0,747.0,,
TCGA-99-8025,0.0,1060.0,0.0,1060.0,0.0,1060.0,0.0,1060.0
TCGA-99-8028,0.0,1118.0,0.0,1118.0,0.0,1118.0,0.0,1118.0
TCGA-99-8032,0.0,44.0,0.0,44.0,0.0,44.0,0.0,44.0
TCGA-99-8033,1.0,656.0,1.0,656.0,1.0,656.0,,
TCGA-99-AA5R,0.0,658.0,0.0,658.0,0.0,658.0,0.0,658.0
TCGA-J2-8192,0.0,739.0,1.0,482.0,0.0,739.0,,
TCGA-J2-8194,0.0,724.0,1.0,470.0,0.0,724.0,,
TCGA-J2-A4AD,1.0,550.0,1.0,524.0,1.0,550.0,,
TCGA-J2-A4AE,0.0,1079.0,0.0,1079.0,0.0,1079.0,0.0,1079.0
TCGA-J2-A4AG,0.0,988.0,0.0,988.0,0.0,988.0,0.0,988.0
TCGA-L4-A4E5,0.0,578.0,0.0,578.0,0.0,578.0,0.0,578.0
TCGA-L4-A4E6,0.0,435.0,0.0,435.0,0.0,435.0,0.0,435.0
TCGA-L9-A443,1.0,193.0,0.0,193.0,0.0,193.0,0.0,193.0
TCGA-L9-A444,0.0,307.0,0.0,307.0,0.0,307.0,0.0,307.0
TCGA-L9-A50W,1.0,442.0,1.0,389.0,1.0,442.0,1.0,389.0
TCGA-L9-A5IP,1.0,58.0,1.0,49.0,1.0,58.0,,
TCGA-L9-A743,0.0,664.0,0.0,664.0,0.0,664.0,0.0,664.0
TCGA-L9-A7SV,0.0,565.0,0.0,565.0,0.0,565.0,0.0,565.0
TCGA-L9-A8F4,0.0,476.0,0.0,476.0,0.0,476.0,,
TCGA-MN-A4N1,0.0,827.0,0.0,827.0,0.0,827.0,0.0,827.0
TCGA-MN-A4N4,0.0,1175.0,0.0,1175.0,0.0,1175.0,0.0,1175.0
TCGA-MN-A4N5,0.0,84.0,0.0,84.0,0.0,84.0,0.0,84.0
TCGA-MP-A4SV,1.0,2620.0,0.0,2620.0,,2620.0,0.0,2620.0
TCGA-MP-A4SW,1.0,1778.0,0.0,1778.0,,1778.0,0.0,1778.0
TCGA-MP-A4SY,1.0,1501.0,1.0,489.0,0.0,1501.0,1.0,489.0
TCGA-MP-A4T2,1.0,1136.0,1.0,575.0,1.0,1136.0,1.0,575.0
TCGA-MP-A4T4,1.0,2617.0,0.0,2617.0,,2617.0,0.0,2617.0
TCGA-MP-A4T6,1.0,1790.0,0.0,1790.0,0.0,1790.0,0.0,1790.0
TCGA-MP-A4T7,1.0,167.0,0.0,167.0,,167.0,,
TCGA-MP-A4T8,1.0,161.0,0.0,161.0,,161.0,,
TCGA-MP-A4T9,1.0,1265.0,1.0,341.0,1.0,1265.0,1.0,341.0
TCGA-MP-A4TA,1.0,950.0,1.0,725.0,1.0,950.0,1.0,725.0
TCGA-MP-A4TC,1.0,74.0,0.0,74.0,0.0,74.0,0.0,74.0
TCGA-MP-A4TD,1.0,307.0,1.0,226.0,,307.0,1.0,226.0
TCGA-MP-A4TE,1.0,896.0,1.0,226.0,1.0,896.0,1.0,226.0
TCGA-MP-A4TF,1.0,336.0,1.0,195.0,1.0,336.0,,
TCGA-MP-A4TH,0.0,741.0,0.0,741.0,0.0,741.0,0.0,741.0
TCGA-MP-A4TI,1.0,429.0,1.0,84.0,1.0,429.0,,
TCGA-MP-A4TJ,1.0,339.0,0.0,339.0,,339.0,0.0,339.0
TCGA-MP-A4TK,1.0,582.0,1.0,397.0,1.0,582.0,1.0,397.0
TCGA-MP-A5C7,0.0,2248.0,0.0,2248.0,0.0,2248.0,0.0,2248.0
TCGA-NJ-A4YF,0.0,2161.0,0.0,2161.0,0.0,2161.0,,
TCGA-NJ-A4YG,0.0,2261.0,0.0,2261.0,0.0,2261.0,,
TCGA-NJ-A4YI,1.0,4.0,0.0,4.0,,4.0,,
TCGA-NJ-A4YP,0.0,50.0,0.0,50.0,0.0,50.0,,
TCGA-NJ-A4YQ,0.0,1432.0,0.0,1432.0,0.0,1432.0,,
TCGA-NJ-A55A,0.0,15.0,0.0,15.0,0.0,15.0,,
TCGA-NJ-A55O,0.0,13.0,0.0,13.0,0.0,13.0,,
TCGA-NJ-A55R,0.0,603.0,0.0,603.0,0.0,603.0,,
TCGA-NJ-A7XG,0.0,617.0,0.0,617.0,0.0,617.0,,
TCGA-O1-A52J,1.0,1798.0,1.0,898.0,1.0,1798.0,,
TCGA-S2-AA1A,0.0,513.0,0.0,513.0,0.0,513.0,0.0,513.0
