head,bio_dim,pathways,V_measure,ARI,survival_neglog10p,n
attention,16,4,0.4574406310047405,0.2826742365554533,1.2073301692903882,1029
attention,16,40,0.4579527949723351,0.2931817142585534,1.581466036011192,1029
attention,4,4,0.4500416704174752,0.29444879895778997,1.4497076032397587,1029
attention,4,40,0.45147841530189853,0.29531156725853364,1.6444544338848366,1029
linear,16,4,0.4722430116300542,0.30650199536470996,1.7287225111640472,1029
linear,16,40,0.46208085763017126,0.30371048045653704,2.4256813822717502,1029
linear,4,4,0.4672942165060709,0.29197644472179946,1.5255007170832753,1029
linear,4,40,0.4676041533647658,0.29886084711175076,1.3590923379197355,1029
mlp,16,4,0.4600263748248724,0.3121762214497163,1.3630421033260731,1029
mlp,16,40,0.45070747630093905,0.294162465454537,1.591916589067399,1029
mlp,4,4,0.4317239642144996,0.2805738340967187,1.1135287330537773,1029
mlp,4,40,0.46058042152238615,0.2933121558204878,1.5046197855646317,1029
