patient_id,cluster
TCGA-D1-A0ZZ,0
TCGA-BK-A0C9,3
TCGA-AX-A2HD,2
TCGA-B5-A11J,3
TCGA-B5-A0JZ,1
TCGA-D1-A1NU,0
TCGA-AP-A1DO,1
TCGA-EC-A24G,3
TCGA-AJ-A3IA,0
TCGA-E6-A1LX,2
TCGA-EY-A72D,2
TCGA-AP-A05O,1
TCGA-EY-A1GS,0
TCGA-BG-A0MQ,1
TCGA-EY-A5W2,1
TCGA-AP-A1DH,2
TCGA-D1-A17F,3
TCGA-AP-A1DM,1
TCGA-EY-A1GX,1
TCGA-BG-A0M6,0
TCGA-BS-A0U8,1
TCGA-D1-A168,2
TCGA-FI-A2D5,2
TCGA-AJ-A3BD,0
TCGA-BG-A0W1,1
TCGA-AX-A0IU,0
TCGA-AP-A0LL,1
TCGA-B5-A3S1,0
TCGA-BG-A222,1
TCGA-D1-A0ZN,1
TCGA-BG-A0M0,3
TCGA-D1-A17T,3
TCGA-AJ-A6NU,0
TCGA-D1-A0ZQ,1
TCGA-A5-A2K7,2
TCGA-AX-A2H7,3
TCGA-EO-A1Y7,3
TCGA-BG-A18B,3
TCGA-A5-A2K5,2
TCGA-B5-A1MV,3
TCGA-BK-A139,2
TCGA-A5-A0R9,3
TCGA-A5-A0GN,1
TCGA-A5-A0G1,2
TCGA-FI-A2D0,2
TCGA-FI-A2CY,0
TCGA-AP-A0LM,2
TCGA-DF-A2KN,2
TCGA-D1-A163,2
TCGA-AX-A1CI,1
TCGA-B5-A1MR,2
TCGA-A5-A0R6,0
TCGA-BS-A0U9,2
TCGA-AJ-A3NG,2
TCGA-QF-A5YT,3
TCGA-AJ-A5DV,3
TCGA-A5-A2K4,0
TCGA-BS-A0TJ,2
TCGA-D1-A0ZO,3
TCGA-D1-A179,0
TCGA-A5-A0GD,3
TCGA-EC-A1NJ,3
TCGA-B5-A3FA,2
TCGA-D1-A17N,3
TCGA-FI-A3PV,0
TCGA-A5-A0GJ,1
TCGA-BG-A0MU,1
TCGA-B5-A11R,3
TCGA-A5-A0GH,2
TCGA-B5-A3FH,3
TCGA-EY-A2OP,1
TCGA-EY-A1GD,1
TCGA-EY-A1GH,3
TCGA-B5-A1MX,1
TCGA-AP-A0LV,3
TCGA-BG-A3PP,2
TCGA-PG-A7D5,0
TCGA-BS-A0TD,3
TCGA-EY-A215,1
TCGA-A5-A0RA,3
TCGA-AX-A2H5,0
TCGA-A5-A2K3,2
TCGA-EY-A1GE,3
TCGA-BG-A0LW,3
TCGA-D1-A177,1
TCGA-EY-A1GK,1
TCGA-AX-A05Z,1
TCGA-AX-A2HJ,2
TCGA-B5-A1MZ,1
TCGA-D1-A16G,2
TCGA-KP-A3W3,0
TCGA-AJ-A3I9,3
TCGA-AX-A1C4,1
TCGA-A5-A0GP,3
TCGA-DI-A1NO,0
TCGA-K6-A3WQ,0
TCGA-BG-A0M2,3
TCGA-BG-A0YU,3
TCGA-BG-A0YV,0
TCGA-SJ-A6ZI,1
TCGA-AX-A3FT,2
TCGA-AX-A3G8,1
TCGA-B5-A0JV,1
TCGA-B5-A11G,3
TCGA-A5-A0GB,1
TCGA-BG-A2AE,2
TCGA-FI-A2EX,0
TCGA-SJ-A6ZJ,3
TCGA-AX-A3FV,2
TCGA-BG-A3EW,1
TCGA-AJ-A23N,0
TCGA-AX-A1CE,3
TCGA-BK-A6W4,3
TCGA-AX-A2H4,2
TCGA-BS-A0V4,1
TCGA-BS-A0UL,2
TCGA-D1-A17Q,3
TCGA-AJ-A23M,0
TCGA-D1-A175,2
TCGA-BS-A0TI,3
TCGA-D1-A16Q,3
TCGA-DI-A1BY,3
TCGA-AJ-A3OK,3
TCGA-BG-A0MA,3
TCGA-AP-A054,2
TCGA-D1-A169,3
TCGA-AJ-A2QM,0
TCGA-5S-A9Q8,1
TCGA-B5-A1N2,0
TCGA-AX-A2HG,2
TCGA-EY-A3QX,2
TCGA-AX-A1C8,0
TCGA-A5-A0GA,1
TCGA-BS-A0V7,2
TCGA-EO-A22T,2
TCGA-AJ-A2QK,2
TCGA-D1-A174,3
TCGA-D1-A176,1
TCGA-B5-A0K1,3
TCGA-AX-A3G1,2
TCGA-B5-A1MS,0
TCGA-AJ-A3TW,0
TCGA-A5-A0GQ,3
TCGA-AX-A06L,3
TCGA-AJ-A3EL,2
TCGA-A5-A2K2,0
TCGA-BS-A0U7,1
TCGA-A5-A1OJ,3
TCGA-BS-A0TE,2
TCGA-SL-A6J9,0
TCGA-EY-A3L3,0
TCGA-AX-A0IZ,2
TCGA-EO-A22R,2
TCGA-EY-A1GU,1
TCGA-D1-A1O0,2
TCGA-E6-A1LZ,0
TCGA-EO-A2CG,0
TCGA-A5-A0G2,2
TCGA-B5-A11F,3
TCGA-AX-A3G6,2
TCGA-DF-A2KZ,1
TCGA-DI-A1NN,0
TCGA-B5-A11Z,1
TCGA-AX-A06B,3
TCGA-A5-A0GG,3
TCGA-D1-A16O,3
TCGA-A5-A3LP,0
TCGA-AX-A2H2,0
TCGA-AX-A2IO,0
TCGA-D1-A1NS,3
TCGA-EY-A1GO,2
TCGA-D1-A17M,1
TCGA-D1-A0ZP,0
TCGA-AX-A05T,3
TCGA-AJ-A3EM,2
TCGA-BG-A186,1
TCGA-BS-A0TG,3
TCGA-FI-A2F4,1
TCGA-FI-A2F9,0
TCGA-BK-A56F,3
TCGA-EY-A1GL,2
TCGA-BG-A2AD,2
TCGA-A5-A1OF,2
TCGA-BS-A0U5,3
TCGA-AX-A0J0,2
TCGA-EO-A1Y8,0
TCGA-EO-A22S,2
TCGA-B5-A11L,3
TCGA-DF-A2KU,2
TCGA-BG-A0W2,3
TCGA-B5-A11Y,3
TCGA-D1-A16I,0
TCGA-DF-A2KY,2
TCGA-B5-A11I,0
TCGA-AX-A064,1
TCGA-AJ-A3BF,0
TCGA-EO-A3KW,0
TCGA-FI-A2D4,2
TCGA-EY-A547,2
TCGA-AJ-A3OL,2
TCGA-AX-A2HH,2
TCGA-AJ-A8CT,3
TCGA-4E-A92E,3
TCGA-FI-A2EW,0
TCGA-JU-AAVI,0
TCGA-B5-A1MU,2
TCGA-AP-A0LF,2
TCGA-D1-A16Y,2
TCGA-B5-A0K3,0
TCGA-D1-A1NZ,1
TCGA-D1-A17C,3
TCGA-DF-A2KR,2
TCGA-D1-A3JQ,0
TCGA-A5-A0GR,2
TCGA-AX-A06H,1
TCGA-D1-A16S,0
TCGA-AP-A05P,3
TCGA-AP-A3K1,0
TCGA-FI-A2EU,0
TCGA-AP-A1E3,2
TCGA-AP-A1E4,0
TCGA-BS-A0UV,2
TCGA-BG-A0VV,3
TCGA-BS-A0TC,3
TCGA-DF-A2KS,2
TCGA-B5-A11U,2
TCGA-FI-A2EY,0
TCGA-BS-A0V6,3
TCGA-EY-A1GR,2
TCGA-BG-A18C,2
TCGA-EY-A1GP,2
TCGA-BG-A0MK,3
TCGA-AX-A0J1,1
TCGA-EO-A3AY,2
TCGA-B5-A1MY,0
TCGA-D1-A103,3
TCGA-AJ-A3NC,1
TCGA-EY-A4KR,0
TCGA-AX-A0IS,1
TCGA-D1-A17S,3
TCGA-BG-A0MG,3
TCGA-D1-A16D,3
TCGA-AX-A06F,2
TCGA-BG-A0M3,1
TCGA-B5-A11Q,1
TCGA-D1-A16J,2
TCGA-B5-A0JR,1
TCGA-A5-A0G9,1
TCGA-D1-A2G7,0
TCGA-D1-A161,3
TCGA-AX-A0IW,0
TCGA-AJ-A5DW,2
TCGA-AP-A1DP,1
TCGA-D1-A17U,3
TCGA-AP-A0LS,2
TCGA-BG-A0MI,1
TCGA-D1-A15W,3
TCGA-EY-A54A,0
TCGA-KP-A3VZ,0
TCGA-BS-A0TA,2
TCGA-EY-A2OM,2
TCGA-PG-A915,0
TCGA-D1-A15Z,3
TCGA-DI-A1BU,2
TCGA-EY-A549,3
TCGA-D1-A15V,0
TCGA-QS-A5YR,3
TCGA-PG-A5BC,0
TCGA-AP-A0LN,3
TCGA-BG-A18A,3
TCGA-AJ-A3NF,0
TCGA-D1-A3DA,1
TCGA-B5-A0JS,3
TCGA-B5-A11V,3
TCGA-EY-A548,3
TCGA-EY-A1GQ,1
TCGA-B5-A0K0,2
TCGA-EO-A22U,2
TCGA-AJ-A3BK,3
TCGA-PG-A917,2
TCGA-KP-A3W0,0
TCGA-DI-A1C3,3
TCGA-AX-A05Y,1
TCGA-AP-A0LI,0
TCGA-AX-A060,1
TCGA-AX-A1CK,1
TCGA-A5-A0GE,3
TCGA-D1-A16N,2
TCGA-D1-A16X,3
TCGA-AX-A05W,3
TCGA-E6-A1M0,2
TCGA-BG-A0VX,3
TCGA-BK-A4ZD,2
TCGA-SL-A6JA,1
TCGA-AP-A1E0,2
TCGA-BG-A2L7,2
TCGA-A5-A7WJ,1
TCGA-AX-A2HA,1
TCGA-AX-A05S,1
TCGA-AJ-A2QN,3
TCGA-D1-A16V,1
TCGA-B5-A11S,3
TCGA-EY-A212,0
TCGA-D1-A101,3
TCGA-AP-A1DV,1
TCGA-BG-A0VT,1
TCGA-D1-A102,3
TCGA-EO-A3B0,2
TCGA-EC-A1QX,1
TCGA-D1-A1O7,3
TCGA-AP-A0LD,2
TCGA-AW-A1PO,0
TCGA-AP-A0L8,0
TCGA-D1-A165,3
TCGA-A5-A0GV,1
TCGA-A5-A7WK,0
TCGA-EY-A1GC,2
TCGA-D1-A15X,2
TCGA-B5-A0K6,1
TCGA-PG-A6IB,2
TCGA-E6-A2P8,2
TCGA-D1-A1O8,2
TCGA-AX-A1C7,0
TCGA-5B-A90C,0
TCGA-FI-A2CX,2
TCGA-A5-A0GM,3
TCGA-KP-A3W4,0
TCGA-BK-A13B,1
TCGA-D1-A1NY,2
TCGA-A5-AB3J,1
TCGA-BS-A0VI,1
TCGA-EY-A1GI,3
TCGA-B5-A5OC,1
TCGA-A5-A0R7,2
TCGA-A5-A1OG,0
TCGA-FI-A2F8,0
TCGA-BG-A0M9,3
TCGA-EO-A22Y,3
TCGA-D1-A0ZV,3
TCGA-D1-A16E,3
TCGA-EY-A2ON,0
TCGA-AP-A0LG,1
TCGA-AP-A051,1
TCGA-AX-A1CF,0
TCGA-EO-A3L0,3
TCGA-AX-A3FX,3
TCGA-AX-A2IN,2
TCGA-AX-A3GB,1
TCGA-AP-A0LP,3
TCGA-EY-A1H0,3
TCGA-B5-A11P,3
TCGA-EY-A2OO,1
TCGA-PG-A914,0
TCGA-A5-A0GI,1
TCGA-EO-A3KU,0
TCGA-EY-A210,0
TCGA-BS-A0UA,3
TCGA-A5-A0GU,3
TCGA-AX-A1CJ,3
TCGA-B5-A121,3
TCGA-AX-A3GI,0
TCGA-EO-A2CH,0
TCGA-D1-A17K,2
TCGA-B5-A0K4,2
TCGA-AJ-A3OJ,2
TCGA-B5-A3FD,3
TCGA-H5-A2HR,0
TCGA-AJ-A3NH,0
TCGA-B5-A11O,3
TCGA-BS-A0UF,2
TCGA-QS-A8F1,0
TCGA-AX-A063,1
TCGA-E6-A2P9,1
TCGA-AX-A06J,1
TCGA-B5-A11N,2
TCGA-DF-A2KV,3
TCGA-QS-A744,2
TCGA-D1-A0ZS,2
TCGA-AJ-A3BH,2
TCGA-B5-A0JX,3
TCGA-EO-A3AU,1
TCGA-AX-A1CA,0
TCGA-B5-A11E,2
TCGA-BK-A13C,1
TCGA-BS-A0UJ,3
TCGA-B5-A0JU,1
TCGA-AP-A0LH,1
TCGA-EO-A3AV,2
TCGA-EO-A3B1,0
TCGA-EY-A1GF,1
TCGA-BG-A0MT,3
TCGA-BG-A0VZ,3
TCGA-A5-A0G5,2
TCGA-AJ-A3NE,2
TCGA-AX-A1C9,3
TCGA-AJ-A2QL,3
TCGA-AX-A1CC,0
TCGA-QS-A5YQ,3
TCGA-B5-A0K7,3
TCGA-A5-A0R8,3
TCGA-AJ-A23O,1
TCGA-AP-A1DR,1
TCGA-D1-A17A,1
TCGA-B5-A5OD,0
TCGA-B5-A11H,3
TCGA-EO-A3AS,0
TCGA-FI-A3PX,0
TCGA-A5-A0VQ,1
TCGA-EO-A3AZ,2
TCGA-D1-A0ZU,3
TCGA-AX-A3G4,0
TCGA-D1-A1O5,3
TCGA-EY-A1GW,1
TCGA-AP-A1E1,1
TCGA-BG-A0MC,3
TCGA-B5-A3F9,3
TCGA-AX-A05U,3
TCGA-BG-A0VW,3
TCGA-A5-A0VP,3
TCGA-E6-A8L9,0
TCGA-A5-A0GW,2
TCGA-AJ-A3BG,1
TCGA-B5-A0JN,0
TCGA-BG-A0M4,1
TCGA-D1-A17H,2
TCGA-D1-A167,2
TCGA-D1-A2G0,2
TCGA-D1-A17B,1
TCGA-DI-A2QU,2
TCGA-AX-A3FS,2
TCGA-BG-A0RY,1
TCGA-BG-A187,3
TCGA-QF-A5YS,3
TCGA-AP-A5FX,3
TCGA-BS-A0V8,2
TCGA-A5-A3LO,2
TCGA-B5-A11W,3
TCGA-FI-A2D2,0
TCGA-D1-A1NW,0
TCGA-AX-A062,2
TCGA-EO-A1Y5,0
TCGA-D1-A1NX,0
TCGA-AX-A1CN,2
TCGA-AJ-A2QO,1
TCGA-D1-A2G6,2
TCGA-EY-A1GT,1
TCGA-BS-A0WQ,3
TCGA-D1-A16B,3
TCGA-D1-A3DG,2
TCGA-AJ-A8CW,1
TCGA-B5-A0K2,3
TCGA-BG-A0LX,1
TCGA-DI-A2QY,0
TCGA-D1-A160,1
TCGA-AP-A1DQ,0
TCGA-DF-A2L0,3
TCGA-A5-A0GX,3
TCGA-B5-A3FC,2
TCGA-AJ-A3QS,0
TCGA-AJ-A3BI,3
TCGA-BG-A0MO,1
TCGA-BS-A0T9,2
TCGA-D1-A0ZR,3
TCGA-BS-A0UT,1
TCGA-D1-A17R,1
TCGA-D1-A17L,1
TCGA-D1-A3DH,0
TCGA-A5-A1OH,0
TCGA-B5-A5OE,0
TCGA-EO-A3KX,1
TCGA-PG-A916,3
TCGA-FI-A2D6,2
TCGA-B5-A1MW,2
TCGA-B5-A0JY,2
TCGA-DI-A2QT,0
TCGA-DI-A0WH,2
TCGA-EY-A1GV,0
TCGA-B5-A0JT,3
TCGA-AX-A2HC,2
TCGA-BK-A6W3,3
TCGA-AX-A2HK,0
TCGA-B5-A0K9,1
TCGA-AP-A1DK,2
TCGA-AP-A059,2
TCGA-AP-A0LE,1
TCGA-AP-A0LJ,3
TCGA-AX-A3FW,3
TCGA-D1-A17D,3
TCGA-BG-A0M7,3
TCGA-EY-A2OQ,0
TCGA-AJ-A8CV,3
TCGA-B5-A3FB,3
TCGA-AX-A3FZ,2
TCGA-AJ-A3EK,1
TCGA-AP-A0LT,1
TCGA-AX-A3G9,1
TCGA-AX-A1C5,2
TCGA-EY-A214,2
TCGA-AX-A3G7,0
TCGA-D1-A2G5,3
TCGA-AJ-A3EJ,0
TCGA-B5-A0K8,0
TCGA-A5-A1OK,1
TCGA-AP-A0L9,0
TCGA-EY-A1GM,0
TCGA-2E-A9G8,0
TCGA-D1-A16R,3
TCGA-KP-A3W1,0
TCGA-AP-A0LO,3
TCGA-EO-A22X,2
