cluster,rank,pathway,gate_weight,x_uniform
0,1,ESTROGEN_RESPONSE_EARLY,0.9846025109291077,39.38410043716431
0,2,ANDROGEN_RESPONSE,0.008956095203757286,0.35824380815029144
0,3,DNA_REPAIR,0.005405721254646778,0.21622885018587112
0,4,MYC_TARGETS_V2,6.840922287665308e-05,0.002736368915066123
0,5,UV_RESPONSE_UP,4.45778168796096e-05,0.001783112675184384
0,6,KRAS_SIGNALING_UP,4.3211264710407704e-05,0.0017284505884163082
0,7,NOTCH_SIGNALING,3.6495453969109803e-05,0.0014598181587643921
0,8,APOPTOSIS,3.528483648551628e-05,0.0014113934594206512
1,1,ANDROGEN_RESPONSE,0.9775492548942566,39.101970195770264
1,2,DNA_REPAIR,0.011241349391639233,0.4496539756655693
1,3,ESTROGEN_RESPONSE_EARLY,0.010250719264149666,0.41002877056598663
1,4,MYC_TARGETS_V2,6.681318336632103e-05,0.002672527334652841
1,5,UV_RESPONSE_UP,4.2498348193475977e-05,0.001699933927739039
1,6,KRAS_SIGNALING_UP,4.1798128222581e-05,0.00167192512890324
1,7,HYPOXIA,3.302278491901234e-05,0.0013209113967604935
1,8,APOPTOSIS,3.253262912039645e-05,0.001301305164815858
2,1,DNA_REPAIR,0.9623905420303345,38.49562168121338
2,2,ESTROGEN_RESPONSE_EARLY,0.017052646726369858,0.6821058690547943
2,3,ANDROGEN_RESPONSE,0.016192780807614326,0.6477112323045731
2,4,NOTCH_SIGNALING,0.0033199249301105738,0.13279699720442295
2,5,MYC_TARGETS_V2,0.00010267234756611288,0.004106893902644515
2,6,UV_RESPONSE_UP,5.076251181890257e-05,0.0020305004727561027
2,7,G2M_CHECKPOINT,4.613804412656464e-05,0.0018455217650625855
2,8,KRAS_SIGNALING_UP,4.5452703488990664e-05,0.0018181081395596266
3,1,NOTCH_SIGNALING,0.9988390207290649,39.9535608291626
3,2,DNA_REPAIR,0.0007036940078251064,0.028147760313004255
3,3,INFLAMMATORY_RESPONSE,5.043782221036963e-05,0.0020175128884147853
3,4,KRAS_SIGNALING_UP,4.487654223339632e-05,0.0017950616893358529
3,5,MYC_TARGETS_V2,4.314627221901901e-05,0.0017258508887607604
3,6,APOPTOSIS,3.952821498387493e-05,0.0015811285993549973
3,7,UV_RESPONSE_UP,3.145202208543196e-05,0.0012580808834172785
3,8,HYPOXIA,1.9390354282222688e-05,0.0007756141712889075
